Name,Sequence,Rev-com_last-20_in_probe,last-20_in_adaptors
NDB_1,ACTAACCGATGTTGACGGACTAATCCTGAC,GTCAGGATTAGTCCGTCAAC,GTTGACGGACTAATCCTGAC
NDB_2,GCATATAGTAGTTCAGACGCCGTTAAGCGC,GCGCTTAACGGCGTCTGAAC,GTTCAGACGCCGTTAAGCGC
NDB_3,CAACACTGACGTGTGAGGCGCTAGAGCATA,TATGCTCTAGCGCCTCACAC,GTGTGAGGCGCTAGAGCATA
NDB_4,ATCTTGGTATGGCACGCCTAATCTGGACAC,GTGTCCAGATTAGGCGTGCC,GGCACGCCTAATCTGGACAC
NDB_5,AGCTTGCTATTACGAGCGCTTGGATCCCGT,ACGGGATCCAAGCGCTCGTA,TACGAGCGCTTGGATCCCGT
NDB_6,TCTGATTAACCGAACTGACGGCCATCAAGG,CCTTGATGGCCGTCAGTTCG,CGAACTGACGGCCATCAAGG
NDB_7,GCTGTTCGGTTTCAAGGATGATCCGCGCTT,AAGCGCGGATCATCCTTGAA,TTCAAGGATGATCCGCGCTT
NDB_8,TATATAGAGACTGCCCGACACATCTTAGTG,CACTAAGATGTGTCGGGCAG,CTGCCCGACACATCTTAGTG
NDB_9,TGTAAACGTCGTATTATACCCGCCATGGAA,TTCCATGGCGGGTATAATAC,GTATTATACCCGCCATGGAA
NDB_10,CAAGATGCACCGTTCATATGTTATCGGGAC,GTCCCGATAACATATGAACG,CGTTCATATGTTATCGGGAC
NDB_11,TAGCTAGAGACTTACACCCGTAGACGTCGG,CCGACGTCTACGGGTGTAAG,CTTACACCCGTAGACGTCGG
NDB_12,AAGTTATGAGCTGTCTCGAACCGAAGGCAC,GTGCCTTCGGTTCGAGACAG,CTGTCTCGAACCGAAGGCAC
NDB_13,ACACTTCGGGCGGTTCAACTTACTGGTAGA,TCTACCAGTAAGTTGAACCG,CGGTTCAACTTACTGGTAGA
NDB_14,CCTGTCTAAGTGGCGCCGATTGTTTGTCCA,TGGACAAACAATCGGCGCCA,TGGCGCCGATTGTTTGTCCA
NDB_15,AATTAGTGATTGTCGCCTTGACGAGCCTAC,GTAGGCTCGTCAAGGCGACA,TGTCGCCTTGACGAGCCTAC
NDB_16,GGAGATTTAGCTCTATTAGCCGCGATGCGC,GCGCATCGCGGCTAATAGAG,CTCTATTAGCCGCGATGCGC
NDB_17,GCCCTGTTGCGATGTTCTACCGGATACAAG,CTTGTATCCGGTAGAACATC,GATGTTCTACCGGATACAAG
NDB_18,CTAATTGGTATCGATTTGTCGAACCGAGCC,GGCTCGGTTCGACAAATCGA,TCGATTTGTCGAACCGAGCC
NDB_19,ACTGTGGATCCAAATCGCGGTTCCTTATCA,TGATAAGGAACCGCGATTTG,CAAATCGCGGTTCCTTATCA
NDB_20,AGATACGTTCGCACCGTGTCCATCGTATTT,AAATACGATGGACACGGTGC,GCACCGTGTCCATCGTATTT
NDB_21,TCCAAACCGTATGGGCGTCATAAAGGGAGC,GCTCCCTTTATGACGCCCAT,ATGGGCGTCATAAAGGGAGC
NDB_22,GCCCTTGGGATGGCGTCGTCTTAGCGTTAT,ATAACGCTAAGACGACGCCA,TGGCGTCGTCTTAGCGTTAT
NDB_23,CTAAAGCTAACTGGAACGTCCCGGAATTGC,GCAATTCCGGGACGTTCCAG,CTGGAACGTCCCGGAATTGC
NDB_24,CTCTAAACGGGAGTCCGAGGTCGTACCTAG,CTAGGTACGACCTCGGACTC,GAGTCCGAGGTCGTACCTAG
NDB_25,CAGGATCTCACGTTATATTCGTCTCAGTAC,GTACTGAGACGAATATAACG,CGTTATATTCGTCTCAGTAC
NDB_26,ACCGAAGTACGAGCACTAGAGGAGTTCGCG,CGCGAACTCCTCTAGTGCTC,GAGCACTAGAGGAGTTCGCG
NDB_27,CCCGAAAGTAAGCTCGCGATGTAGACGTTT,AAACGTCTACATCGCGAGCT,AGCTCGCGATGTAGACGTTT
NDB_28,ACGTTGAGCGACAATCGACTTTCGTGGATC,GATCCACGAAAGTCGATTGT,ACAATCGACTTTCGTGGATC
NDB_29,AAGGTGATTCGTGCGCGTCCATGCCTAAGT,ACTTAGGCATGGACGCGCAC,GTGCGCGTCCATGCCTAAGT
NDB_30,TACCAAGTGTTTCGAGTCGTTTCCACTACT,AGTAGTGGAAACGACTCGAA,TTCGAGTCGTTTCCACTACT
NDB_31,CCTGTTTGCGTCGGGACAACTATCTACAAT,ATTGTAGATAGTTGTCCCGA,TCGGGACAACTATCTACAAT
NDB_32,CTCTATAGATCATACGATCCGGACCTGGAG,CTCCAGGTCCGGATCGTATG,CATACGATCCGGACCTGGAG
NDB_33,CTCGTGTGTTTACGTGCTTCGTTTGGATCC,GGATCCAAACGAAGCACGTA,TACGTGCTTCGTTTGGATCC
NDB_34,TACTAATCGTTCAGGAATGCCGTTCTCGAC,GTCGAGAACGGCATTCCTGA,TCAGGAATGCCGTTCTCGAC
NDB_35,CGATATCATACGTAATGGAGGCTCGCCTTG,CAAGGCGAGCCTCCATTACG,CGTAATGGAGGCTCGCCTTG
NDB_36,TTCTTACGTCTAGTGTGGTACGGTATCCAC,GTGGATACCGTACCACACTA,TAGTGTGGTACGGTATCCAC
NDB_37,GACGATAGCCGTTATCGATTAATCGTCCTG,CAGGACGATTAATCGATAAC,GTTATCGATTAATCGTCCTG
NDB_38,TATCACGGGTATGCTTGCCTACTAACTGTT,AACAGTTAGTAGGCAAGCAT,ATGCTTGCCTACTAACTGTT
NDB_39,ATTATGTCTGTATGGCCGACTTTACTCGTC,GACGAGTAAAGTCGGCCATA,TATGGCCGACTTTACTCGTC
NDB_40,TTCTTGACGATGACAACGCGCAGTTCTTAC,GTAAGAACTGCGCGTTGTCA,TGACAACGCGCAGTTCTTAC
NDB_41,CTCATGTCTAAAGTATGCGTCGCGGCATGA,TCATGCCGCGACGCATACTT,AAGTATGCGTCGCGGCATGA
NDB_42,CCACTGGTTATCGCATGTCGACAAGGACGT,ACGTCCTTGTCGACATGCGA,TCGCATGTCGACAAGGACGT
NDB_43,ATCATCGAATTGATCCGAAGAGCGTGCACA,TGTGCACGCTCTTCGGATCA,TGATCCGAAGAGCGTGCACA
NDB_44,TTCCATGGATAAACCGGCTAGGTCGCAGAG,CTCTGCGACCTAGCCGGTTT,AAACCGGCTAGGTCGCAGAG
NDB_45,CAGGTATCGGTGACGGCGATTCTCACATTT,AAATGTGAGAATCGCCGTCA,TGACGGCGATTCTCACATTT
NDB_46,ATTGTGGGATCGTTTCACCCTTTCGAGTCG,CGACTCGAAAGGGTGAAACG,CGTTTCACCCTTTCGAGTCG
NDB_47,TTGATCTGATACTCGACTCGCCATACTTGG,CCAAGTATGGCGAGTCGAGT,ACTCGACTCGCCATACTTGG
NDB_48,GGAGTGACACGCACGTGACTCTAATGGACG,CGTCCATTAGAGTCACGTGC,GCACGTGACTCTAATGGACG
NDB_49,TCCGAATACGGCAGTTGTGGCTCCCGTTTA,TAAACGGGAGCCACAACTGC,GCAGTTGTGGCTCCCGTTTA
NDB_50,CGTCAAGACGTACAGTAATATTCGCTTCGT,ACGAAGCGAATATTACTGTA,TACAGTAATATTCGCTTCGT
NDB_51,ATCTAGAGCGAGTTTCATTCGATACCTCGA,TCGAGGTATCGAATGAAACT,AGTTTCATTCGATACCTCGA
NDB_52,CCACAGTTAGCTCGTGCGTTATCGGTTCTT,AAGAACCGATAACGCACGAG,CTCGTGCGTTATCGGTTCTT
NDB_53,ACACTGACATGATTGCCGTTCCGCAAGTTT,AAACTTGCGGAACGGCAATC,GATTGCCGTTCCGCAAGTTT
NDB_54,TGTTAGTGTCTTATCGGCAAGCGCTACCCA,TGGGTAGCGCTTGCCGATAA,TTATCGGCAAGCGCTACCCA
NDB_55,TTCCTTCTCTAGTCGGCGTGATACATAGAG,CTCTATGTATCACGCCGACT,AGTCGGCGTGATACATAGAG
NDB_56,CACCAGTTAAGGATCGCCGAGCTAGTACAG,CTGTACTAGCTCGGCGATCC,GGATCGCCGAGCTAGTACAG
NDB_57,GTCGTTTCGGGAACTCTTTACGCGACCAAG,CTTGGTCGCGTAAAGAGTTC,GAACTCTTTACGCGACCAAG
NDB_58,ACCGTAGTGTAAAGGCACGCTCCGATGTGA,TCACATCGGAGCGTGCCTTT,AAAGGCACGCTCCGATGTGA
NDB_59,CAACTATCTTGTTAGCCGTTGTAGCGCCTT,AAGGCGCTACAACGGCTAAC,GTTAGCCGTTGTAGCGCCTT
NDB_60,CCGCTTGTTTATTCGGTGGGCCAGGTCTAG,CTAGACCTGGCCCACCGAAT,ATTCGGTGGGCCAGGTCTAG
NDB_61,TCAAAGAGAGGGTTTACCGGCCTACTCCGA,TCGGAGTAGGCCGGTAAACC,GGTTTACCGGCCTACTCCGA
NDB_62,ACATTCAAAGTCGGATGCGCCGTCTTAGTG,CACTAAGACGGCGCATCCGA,TCGGATGCGCCGTCTTAGTG
NDB_63,GCTCATCACAAGGCGTATGATACTAGTAGC,GCTACTAGTATCATACGCCT,AGGCGTATGATACTAGTAGC
NDB_64,AGGTTCCTTAATCTGACCGCACGGAATATG,CATATTCCGTGCGGTCAGAT,ATCTGACCGCACGGAATATG
NDB_65,GGCCAGGTATGTCGCGTCCGTTACAGTAAG,CTTACTGTAACGGACGCGAC,GTCGCGTCCGTTACAGTAAG
NDB_66,ATGAAACATAGTTCAACGCCTATTCGGGCG,CGCCCGAATAGGCGTTGAAC,GTTCAACGCCTATTCGGGCG
NDB_67,GGCGAACGCGGGTTAGACCACCGTCTTAAT,ATTAAGACGGTGGTCTAACC,GGTTAGACCACCGTCTTAAT
NDB_68,ACGTATCATCGGTAGACAGCTGCGAATGTC,GACATTCGCAGCTGTCTACC,GGTAGACAGCTGCGAATGTC
NDB_69,CCACAATAGAACTGGTACGGAGGCTCGCGT,ACGCGAGCCTCCGTACCAGT,ACTGGTACGGAGGCTCGCGT
NDB_70,GCATATTAGTAAGCTACTTGCGGACTCGCA,TGCGAGTCCGCAAGTAGCTT,AAGCTACTTGCGGACTCGCA
NDB_71,CGTATGGGACTATCGCTCACCGGTGCTAAT,ATTAGCACCGGTGAGCGATA,TATCGCTCACCGGTGCTAAT
NDB_72,GCTGTTTACGTTCGATGTATGCCGCCTTGG,CCAAGGCGGCATACATCGAA,TTCGATGTATGCCGCCTTGG
NDB_73,GAACTACGTGCCGGCTCTCGCTTATTTGAA,TTCAAATAAGCGAGAGCCGG,CCGGCTCTCGCTTATTTGAA
NDB_74,ATCTATTGCGCTGGTCATCGTCCATACTAA,TTAGTATGGACGATGACCAG,CTGGTCATCGTCCATACTAA
NDB_75,CAGTTGAATGGTCCGCTTCTATTGCGCAGG,CCTGCGCAATAGAAGCGGAC,GTCCGCTTCTATTGCGCAGG
NDB_76,ATGGTAATTTCCCTACGAACCTTGCGTTAC,GTAACGCAAGGTTCGTAGGG,CCCTACGAACCTTGCGTTAC
NDB_77,CGGTTGTATCGGCGGCCCGTCATTGCTATT,AATAGCAATGACGGGCCGCC,GGCGGCCCGTCATTGCTATT
NDB_78,CGGCTATCGTGCGGACGAGACAGCATAGAT,ATCTATGCTGTCTCGTCCGC,GCGGACGAGACAGCATAGAT
NDB_79,CTCTAGAGTCGAGCTAGCATAGGAGTTCAC,GTGAACTCCTATGCTAGCTC,GAGCTAGCATAGGAGTTCAC
NDB_80,GGTCTGATTTCGCTACACGAGCAGGTCTAC,GTAGACCTGCTCGTGTAGCG,CGCTACACGAGCAGGTCTAC
NDB_81,CGATTAGTACCCGCGCCTTTGAAGCTTATG,CATAAGCTTCAAAGGCGCGG,CCGCGCCTTTGAAGCTTATG
NDB_82,TCCGTTATTGCGCTTTCGCAGTATTGTTTC,GAAACAATACTGCGAAAGCG,CGCTTTCGCAGTATTGTTTC
NDB_83,TCCCTATGCGCGAGTTATTTACGCTCGTAT,ATACGAGCGTAAATAACTCG,CGAGTTATTTACGCTCGTAT
NDB_84,TTGAACTCTGCTGCGCCGTTAACTAGTCTT,AAGACTAGTTAACGGCGCAG,CTGCGCCGTTAACTAGTCTT
NDB_85,TTCCATTGCATTTACGGACGGCTACAGTCT,AGACTGTAGCCGTCCGTAAA,TTTACGGACGGCTACAGTCT
NDB_86,CATTAGGAGCGATGACCGTAACCTATCTGA,TCAGATAGGTTACGGTCATC,GATGACCGTAACCTATCTGA
NDB_87,GGCTAACGTTGCTAGCGCTCCGAGGTTTAG,CTAAACCTCGGAGCGCTAGC,GCTAGCGCTCCGAGGTTTAG
NDB_88,ACGCAGGTCGGTTCATAACGTCCTTAGCTA,TAGCTAAGGACGTTATGAAC,GTTCATAACGTCCTTAGCTA
NDB_89,ACTCTGTATATGTTCGCGCACGGTGTAGAC,GTCTACACCGTGCGCGAACA,TGTTCGCGCACGGTGTAGAC
NDB_90,CGAGAAATTTCGCTGTCTACGTACTGCTAC,GTAGCAGTACGTAGACAGCG,CGCTGTCTACGTACTGCTAC
NDB_91,GAGTAATAGCGTACACTTTGCGATCGGCCG,CGGCCGATCGCAAAGTGTAC,GTACACTTTGCGATCGGCCG
NDB_92,GTGTAAACAAGTACACGCCGTCATTCTCAT,ATGAGAATGACGGCGTGTAC,GTACACGCCGTCATTCTCAT
NDB_93,CGTGTAGTTCGGTACTATCGCCAGCATACA,TGTATGCTGGCGATAGTACC,GGTACTATCGCCAGCATACA
NDB_94,GAGTAGTACCACATTCGGCATTGCCTGTTA,TAACAGGCAATGCCGAATGT,ACATTCGGCATTGCCTGTTA
NDB_95,ACTATATGAGGGTGCTCTACCGGGTTCACA,TGTGAACCCGGTAGAGCACC,GGTGCTCTACCGGGTTCACA
NDB_96,CTCGTACGGAGAGTTGACTACAACCCAGTT,AACTGGGTTGTAGTCAACTC,GAGTTGACTACAACCCAGTT
NDB_97,AAAGTTTGTTCGTTCCCGTCGCTGAACTTC,GAAGTTCAGCGACGGGAACG,CGTTCCCGTCGCTGAACTTC
NDB_98,GCTCAAGCTAAGTGCGCCGTACGGATAAGT,ACTTATCCGTACGGCGCACT,AGTGCGCCGTACGGATAAGT
NDB_99,CCGAATTTATGCGTGCGCTGTGCCACTAGA,TCTAGTGGCACAGCGCACGC,GCGTGCGCTGTGCCACTAGA
NDB_100,CCCTAGGCGTATATTGAGTTAGACACGTCC,GGACGTGTCTAACTCAATAT,ATATTGAGTTAGACACGTCC
NDB_101,TGCCTAATAGGTCGGTCCGCGGGTCATTAT,ATAATGACCCGCGGACCGAC,GTCGGTCCGCGGGTCATTAT
NDB_102,CCGATGCGCAATAGTGCCCGTGTTTAATAA,TTATTAAACACGGGCACTAT,ATAGTGCCCGTGTTTAATAA
NDB_103,AGTCAAAGATGTTCGACCTACGCTCGTAGA,TCTACGAGCGTAGGTCGAAC,GTTCGACCTACGCTCGTAGA
NDB_104,CACGATACGGGTATAGTCGCGTCGAGTATC,GATACTCGACGCGACTATAC,GTATAGTCGCGTCGAGTATC
NDB_105,GTTTACGGACTTCCCACCGATACATAAGAT,ATCTTATGTATCGGTGGGAA,TTCCCACCGATACATAAGAT
NDB_106,ACTCAAGGATCGGGCCGTATGTCTAGTTGC,GCAACTAGACATACGGCCCG,CGGGCCGTATGTCTAGTTGC
NDB_107,CCCATGGACAACTGTCGGGTAGGTATCCTT,AAGGATACCTACCCGACAGT,ACTGTCGGGTAGGTATCCTT
NDB_108,TCCGTTTGAAGGATAGGTCGGACCAGGCCA,TGGCCTGGTCCGACCTATCC,GGATAGGTCGGACCAGGCCA
NDB_109,AGGCTCTATGACCGTTTACGTTCTTATCGA,TCGATAAGAACGTAAACGGT,ACCGTTTACGTTCTTATCGA
NDB_110,CGTGAATATATCGTCGGGCTCGTCCATCTT,AAGATGGACGAGCCCGACGA,TCGTCGGGCTCGTCCATCTT
NDB_111,TGCCATTTGTCGACCGATTCATGCGAATAT,ATATTCGCATGAATCGGTCG,CGACCGATTCATGCGAATAT
NDB_112,GGTTAGCGGAATCCTCCACCGAGATCGATG,CATCGATCTCGGTGGAGGAT,ATCCTCCACCGAGATCGATG
NDB_113,TCACTAGGTCGAAGTGTCGCGTAAACTGGC,GCCAGTTTACGCGACACTTC,GAAGTGTCGCGTAAACTGGC
NDB_114,TCGAAAGTTAAGCACTCTCGCGATCGATGA,TCATCGATCGCGAGAGTGCT,AGCACTCTCGCGATCGATGA
NDB_115,TATGACCGACTATCGTAATGCCTTACGCGG,CCGCGTAAGGCATTACGATA,TATCGTAATGCCTTACGCGG
NDB_116,GTTCTCATCGTAGGTGCATATTCGGTGCCG,CGGCACCGAATATGCACCTA,TAGGTGCATATTCGGTGCCG
NDB_117,TTCCAAAGTGTCGATTTACGGGTAGCCGCA,TGCGGCTACCCGTAAATCGA,TCGATTTACGGGTAGCCGCA
NDB_118,TTAGATAATGCTTTACCGCCGGACTCGTTG,CAACGAGTCCGGCGGTAAAG,CTTTACCGCCGGACTCGTTG
NDB_119,CCTCAAACGTTCGGGCGTGGCATCTTATAG,CTATAAGATGCCACGCCCGA,TCGGGCGTGGCATCTTATAG
NDB_120,ACTTTGCGTCGAAGGACATTACGCAGTCTT,AAGACTGCGTAATGTCCTTC,GAAGGACATTACGCAGTCTT
NDB_121,CCGAACGGTTATGCGGTCTTTCATTGGTAC,GTACCAATGAAAGACCGCAT,ATGCGGTCTTTCATTGGTAC
NDB_122,GCGCTGTCTTGCGTGCGTAACAACTAAATT,AATTTAGTTGTTACGCACGC,GCGTGCGTAACAACTAAATT
NDB_123,ACGTAGTATACATTCGGCGGGCCACTGTTC,GAACAGTGGCCCGCCGAATG,CATTCGGCGGGCCACTGTTC
NDB_124,TCTCTATGTAGGCGAGCGGAATCTTGCACC,GGTGCAAGATTCCGCTCGCC,GGCGAGCGGAATCTTGCACC
NDB_125,TCCAAGCTTGATCGGCACGTATCTCGATGG,CCATCGAGATACGTGCCGAT,ATCGGCACGTATCTCGATGG
NDB_126,CATCTGATCGAGTGCATGCAGAGTCGACGA,TCGTCGACTCTGCATGCACT,AGTGCATGCAGAGTCGACGA
NDB_127,CGGGTTCGGATAATCGGTTCCTTCACGATA,TATCGTGAAGGAACCGATTA,TAATCGGTTCCTTCACGATA
NDB_128,TTGATGTCCCGGCAACCGTTTACGCTAAAG,CTTTAGCGTAAACGGTTGCC,GGCAACCGTTTACGCTAAAG
NDB_129,CGACAGTTCAGTGCTCATCGGTAACTCAGT,ACTGAGTTACCGATGAGCAC,GTGCTCATCGGTAACTCAGT
NDB_130,TAACTTGCGTAGAGCCCTTTAGCGTTACAA,TTGTAACGCTAAAGGGCTCT,AGAGCCCTTTAGCGTTACAA
NDB_131,CTGGTCATGTCTAGGTCGTACTGACCATAA,TTATGGTCAGTACGACCTAG,CTAGGTCGTACTGACCATAA
NDB_132,TGCGTCATGCGTTTGAATGTGCCACCGAGT,ACTCGGTGGCACATTCAAAC,GTTTGAATGTGCCACCGAGT
NDB_133,TCACAGCGTTGGCACGTGTTAGTATACAGC,GCTGTATACTAACACGTGCC,GGCACGTGTTAGTATACAGC
NDB_134,CATGTAGACGCTTGTAGTCGGTCACACAAT,ATTGTGTGACCGACTACAAG,CTTGTAGTCGGTCACACAAT
NDB_135,AGACAACATGGATTGTTCGCGCATTGACCT,AGGTCAATGCGCGAACAATC,GATTGTTCGCGCATTGACCT
NDB_136,TGCTTAATTTGCTATCGCCTCTTTGCGGTA,TACCGCAAAGAGGCGATAGC,GCTATCGCCTCTTTGCGGTA
NDB_137,AAGCAAGGGATGGTACACCTAGTTCCCTAA,TTAGGGAACTAGGTGTACCA,TGGTACACCTAGTTCCCTAA
NDB_138,TCCTACGTGGATATGACTTTCGCCGCGGAA,TTCCGCGGCGAAAGTCATAT,ATATGACTTTCGCCGCGGAA
NDB_139,TTCTACCACGAATTGTCGCATGACGACGGT,ACCGTCGTCATGCGACAATT,AATTGTCGCATGACGACGGT
NDB_140,CGCTAGTTGTTTACGAATACCGTCCGATGA,TCATCGGACGGTATTCGTAA,TTACGAATACCGTCCGATGA
NDB_141,CCAGAGCGTGTCAGTCGTCCTAAACAATTA,TAATTGTTTAGGACGACTGA,TCAGTCGTCCTAAACAATTA
NDB_142,TACGTGGTACGCATCGTCTACCGGTTAAGA,TCTTAACCGGTAGACGATGC,GCATCGTCTACCGGTTAAGA
NDB_143,CTAGTATAGCACTATCCATCGTGGTCTGCT,AGCAGACCACGATGGATAGT,ACTATCCATCGTGGTCTGCT
NDB_144,TCTGTGCGTCGTTATGGTGCAACGTAGCTC,GAGCTACGTTGCACCATAAC,GTTATGGTGCAACGTAGCTC
NDB_145,GGTGTGGCAGCATTCGAGACGCCTACTTGA,TCAAGTAGGCGTCTCGAATG,CATTCGAGACGCCTACTTGA
NDB_146,CCTTAGGTATGGTCGGAGTCACCGTGACTT,AAGTCACGGTGACTCCGACC,GGTCGGAGTCACCGTGACTT
NDB_147,TAACATCGTCGATATTTAATGCACGGCAGC,GCTGCCGTGCATTAAATATC,GATATTTAATGCACGGCAGC
NDB_148,TCAATAACTACCGATACGCAAGGGCGAAGG,CCTTCGCCCTTGCGTATCGG,CCGATACGCAAGGGCGAAGG
NDB_149,GTGCTATCTGTTGTCCGTTGCGGTTCCTCT,AGAGGAACCGCAACGGACAA,TTGTCCGTTGCGGTTCCTCT
NDB_150,GGCGTGATAAGCATGACGATCTTCGCCCTT,AAGGGCGAAGATCGTCATGC,GCATGACGATCTTCGCCCTT
NDB_151,CCCTAAGCGGTAATGTCTTATTCGCCGTGG,CCACGGCGAATAAGACATTA,TAATGTCTTATTCGCCGTGG
NDB_152,ACCGTCACGTTGGTTCGCGTAGTAGGAAAC,GTTTCCTACTACGCGAACCA,TGGTTCGCGTAGTAGGAAAC
NDB_153,ACCCAAGAGTACACGGGCCAAAGGTAAGGT,ACCTTACCTTTGGCCCGTGT,ACACGGGCCAAAGGTAAGGT
NDB_154,CCATTGCAAGCACGGGTCGTTAAGTATAGC,GCTATACTTAACGACCCGTG,CACGGGTCGTTAAGTATAGC
NDB_155,CACAAGACGTGGTGGACGTAGTTACGGACC,GGTCCGTAACTACGTCCACC,GGTGGACGTAGTTACGGACC
NDB_156,TACTTTAGAGTCGCAAAGTCGGGCATCACA,TGTGATGCCCGACTTTGCGA,TCGCAAAGTCGGGCATCACA
NDB_157,AAACTACGTGTTTCTACATCGCACGTCAGT,ACTGACGTGCGATGTAGAAA,TTTCTACATCGCACGTCAGT
NDB_158,CAGCTGGATACGAGACTGGCGCGAAAGCAA,TTGCTTTCGCGCCAGTCTCG,CGAGACTGGCGCGAAAGCAA
NDB_159,TGCCAGTGAAATTGCCCGGCGGGTGAATAC,GTATTCACCCGCCGGGCAAT,ATTGCCCGGCGGGTGAATAC
NDB_160,ACGTACATCAGATATGGCACGCAAGGGTTC,GAACCCTTGCGTGCCATATC,GATATGGCACGCAAGGGTTC
NDB_161,AGTAACGATTGGCGTATCGTACTCCAAGCA,TGCTTGGAGTACGATACGCC,GGCGTATCGTACTCCAAGCA
NDB_162,CATATCGAATACCCGGTGGAGTTCCGACTT,AAGTCGGAACTCCACCGGGT,ACCCGGTGGAGTTCCGACTT
NDB_163,CTTCTGCGAGTTATTCATCGATAGCACGTG,CACGTGCTATCGATGAATAA,TTATTCATCGATAGCACGTG
NDB_164,TTCATCATATGGCAGTCGGCTCAACTGACG,CGTCAGTTGAGCCGACTGCC,GGCAGTCGGCTCAACTGACG
NDB_165,GCTCACATTCTTAAGCCGGTTAAGTTTACC,GGTAAACTTAACCGGCTTAA,TTAAGCCGGTTAAGTTTACC
NDB_166,TGACATTTGGCGCATCAAGCTCGTCGAACA,TGTTCGACGAGCTTGATGCG,CGCATCAAGCTCGTCGAACA
NDB_167,TCACATGTCGTTAGCTTAGAGGACGTCGAC,GTCGACGTCCTCTAAGCTAA,TTAGCTTAGAGGACGTCGAC
NDB_168,ACCTAACTACGGAGAGTGATCTCGATCGAT,ATCGATCGAGATCACTCTCC,GGAGAGTGATCTCGATCGAT
NDB_169,GGCATGTGAGTATAAACGCGCCGACTCTTA,TAAGAGTCGGCGCGTTTATA,TATAAACGCGCCGACTCTTA
NDB_170,TGAGAGAGCAACTATCGCGATACTAGCCTG,CAGGCTAGTATCGCGATAGT,ACTATCGCGATACTAGCCTG
NDB_171,GTGAAACTCTTACCGATGTTTGTAGCCGTC,GACGGCTACAAACATCGGTA,TACCGATGTTTGTAGCCGTC
NDB_172,CGCATTAGTCAAGCACCGCGCGGTTTGTTA,TAACAAACCGCGCGGTGCTT,AAGCACCGCGCGGTTTGTTA
NDB_173,ACCCTGTTTCATGTTCGCGGCAAGGCTAAG,CTTAGCCTTGCCGCGAACAT,ATGTTCGCGGCAAGGCTAAG
NDB_174,CAAGAGGGCCGGTATCCGTAGCAGAACTAG,CTAGTTCTGCTACGGATACC,GGTATCCGTAGCAGAACTAG
NDB_175,CGCTTATGAATCGATGGACTGCCTACCGGA,TCCGGTAGGCAGTCCATCGA,TCGATGGACTGCCTACCGGA
NDB_176,TTTAAGTCAATCCTCGGATAGACGCCGCTG,CAGCGGCGTCTATCCGAGGA,TCCTCGGATAGACGCCGCTG
NDB_177,CTTTATCGGTGCATTTGACTCGTCGAGCAA,TTGCTCGACGAGTCAAATGC,GCATTTGACTCGTCGAGCAA
NDB_178,CACGACACGGTCAAATTGCGGGCTATAGGG,CCCTATAGCCCGCAATTTGA,TCAAATTGCGGGCTATAGGG
NDB_179,CGTTAATCGTTATGCCCGATCAAGCGCTGT,ACAGCGCTTGATCGGGCATA,TATGCCCGATCAAGCGCTGT
NDB_180,ACCCAGTAGTACGGCTCGCTAGCTATGTTT,AAACATAGCTAGCGAGCCGT,ACGGCTCGCTAGCTATGTTT
NDB_181,TAGATACCCTGAATCGTGTTGTATCGCACT,AGTGCGATACAACACGATTC,GAATCGTGTTGTATCGCACT
NDB_182,GTCGTACAAACCGGCAGCGGGATTCTATCT,AGATAGAATCCCGCTGCCGG,CCGGCAGCGGGATTCTATCT
NDB_183,GTGTATTAATCGGCCTACCTCGTCTCTTTA,TAAAGAGACGAGGTAGGCCG,CGGCCTACCTCGTCTCTTTA
NDB_184,TTCGTCAGGTTATGGACAACGTATACCGCG,CGCGGTATACGTTGTCCATA,TATGGACAACGTATACCGCG
NDB_185,CCACTTAGAGCACGGTTGTACGATTGACAC,GTGTCAATCGTACAACCGTG,CACGGTTGTACGATTGACAC
NDB_186,TGTATACTCGCCGCATAAACCAGGTAATCG,CGATTACCTGGTTTATGCGG,CCGCATAAACCAGGTAATCG
NDB_187,ATGGTTAGTTGAAGCCGTCAACCCGCTTTG,CAAAGCGGGTTGACGGCTTC,GAAGCCGTCAACCCGCTTTG
NDB_188,ATGAAGTTAGCTGACGGTCTCGCCTAAGCT,AGCTTAGGCGAGACCGTCAG,CTGACGGTCTCGCCTAAGCT
NDB_189,CACCAGTATTAGATACGTCCTACAAGGCGA,TCGCCTTGTAGGACGTATCT,AGATACGTCCTACAAGGCGA
NDB_190,CTCGATCGGACGTAGTCTATATGTCGTCGT,ACGACGACATATAGACTACG,CGTAGTCTATATGTCGTCGT
NDB_191,CTTGTCTGTTTACGGCGCATGATTCCAATT,AATTGGAATCATGCGCCGTA,TACGGCGCATGATTCCAATT
NDB_192,AAATACCCTATCTAGGCTCGTTAGTACGTG,CACGTACTAACGAGCCTAGA,TCTAGGCTCGTTAGTACGTG
NDB_193,CCAAATATACGGGTGAGCGTCCCTGATACA,TGTATCAGGGACGCTCACCC,GGGTGAGCGTCCCTGATACA
NDB_194,ACTCTTCTTTCGTCTGATGGTTGCGACAAG,CTTGTCGCAACCATCAGACG,CGTCTGATGGTTGCGACAAG
NDB_195,CACGTACCGAGCGGTAGGGCATCTTATGAC,GTCATAAGATGCCCTACCGC,GCGGTAGGGCATCTTATGAC
NDB_196,CATGAATCAGTAGTCCGACATTTCTCGAAG,CTTCGAGAAATGTCGGACTA,TAGTCCGACATTTCTCGAAG
NDB_197,ATCCTGTATCGTGAACGTTCCGTCATGCAA,TTGCATGACGGAACGTTCAC,GTGAACGTTCCGTCATGCAA
NDB_198,GAAGACGGAACTTACTATCCCAACGGCGAG,CTCGCCGTTGGGATAGTAAG,CTTACTATCCCAACGGCGAG
NDB_199,ACTGTACGTGACGGACTCTATAGGACCGCA,TGCGGTCCTATAGAGTCCGT,ACGGACTCTATAGGACCGCA
NDB_200,CCTCTATCGTATACGGACGGATCAGGGTAC,GTACCCTGATCCGTCCGTAT,ATACGGACGGATCAGGGTAC
NDB_201,CATAAGGTCGAACGAACTGGCCTTACCAGT,ACTGGTAAGGCCAGTTCGTT,AACGAACTGGCCTTACCAGT
NDB_202,CATCATGCGGCTTGTACGGCTCTTAATCAA,TTGATTAAGAGCCGTACAAG,CTTGTACGGCTCTTAATCAA
NDB_203,ACACAGGAGAGTCGTACGTCATGGTGCAGC,GCTGCACCATGACGTACGAC,GTCGTACGTCATGGTGCAGC
NDB_204,TCCGTTGACGGGCTACGCTTCTAGTAGATG,CATCTACTAGAAGCGTAGCC,GGCTACGCTTCTAGTAGATG
NDB_205,CAGCTCGTCGATGTTACTTGTCGGTCGCGA,TCGCGACCGACAAGTAACAT,ATGTTACTTGTCGGTCGCGA
NDB_206,TGTCAACGTAGGATAACGACCCTTGCACGT,ACGTGCAAGGGTCGTTATCC,GGATAACGACCCTTGCACGT
NDB_207,CGACTATTTCGCGTGATGCTGTCCGACGAA,TTCGTCGGACAGCATCACGC,GCGTGATGCTGTCCGACGAA
NDB_208,AAGTTATCTATTACGTCGGGCCCGTGCTAG,CTAGCACGGGCCCGACGTAA,TTACGTCGGGCCCGTGCTAG
NDB_209,AATGTGAATAGACGCCCGCTGGCTATAAGC,GCTTATAGCCAGCGGGCGTC,GACGCCCGCTGGCTATAAGC
NDB_210,CCGCAAGTTAGACCCGGTGAGTGTAGATCA,TGATCTACACTCACCGGGTC,GACCCGGTGAGTGTAGATCA
NDB_211,CAGTTCCGTTATGAGCGACTGCTCGTGCAT,ATGCACGAGCAGTCGCTCAT,ATGAGCGACTGCTCGTGCAT
NDB_212,AACCTCGTACGGCACCTGGATTGTTCATGG,CCATGAACAATCCAGGTGCC,GGCACCTGGATTGTTCATGG
NDB_213,CGGTAACGTGCGTTTGTTCGCTCAGATTCA,TGAATCTGAGCGAACAAACG,CGTTTGTTCGCTCAGATTCA
NDB_214,AACCTGAGAGACCGGCGTATTAACACACAG,CTGTGTGTTAATACGCCGGT,ACCGGCGTATTAACACACAG
NDB_215,GGCAAAGACCCATCGATGCGAATGCTTGAC,GTCAAGCATTCGCATCGATG,CATCGATGCGAATGCTTGAC
NDB_216,TACGATAACGACATTCGGCTGCTGGTCTCG,CGAGACCAGCAGCCGAATGT,ACATTCGGCTGCTGGTCTCG
NDB_217,TCGGAAATCGCGCTAATATGCCAAGAGACG,CGTCTCTTGGCATATTAGCG,CGCTAATATGCCAAGAGACG
NDB_218,TAGTTGTTTAGATCGCCTCATGTCCGACGC,GCGTCGGACATGAGGCGATC,GATCGCCTCATGTCCGACGC
NDB_219,ATCGTTCTAACGTAACAGGGCTGCGCGTAG,CTACGCGCAGCCCTGTTACG,CGTAACAGGGCTGCGCGTAG
NDB_220,GCTGAACCAGACTGACGTTCGGAGTGCCTA,TAGGCACTCCGAACGTCAGT,ACTGACGTTCGGAGTGCCTA
NDB_221,CGCTTGTAGCGTGGGTATAACCCGATTCGG,CCGAATCGGGTTATACCCAC,GTGGGTATAACCCGATTCGG
NDB_222,CGCATACTTAGTTATAGGCGGGCCGTCGGT,ACCGACGGCCCGCCTATAAC,GTTATAGGCGGGCCGTCGGT
NDB_223,GCCCTGGGTTTACCGTACGATTGGTGCTAT,ATAGCACCAATCGTACGGTA,TACCGTACGATTGGTGCTAT
NDB_224,GCCTAAAGTCGGTGAGACGTCCGTCCAAAG,CTTTGGACGGACGTCTCACC,GGTGAGACGTCCGTCCAAAG
NDB_225,CTTCAATAGGCGACACGGTCGTGTTTATTC,GAATAAACACGACCGTGTCG,CGACACGGTCGTGTTTATTC
NDB_226,TAGCAGCCACACGATTAGACCAACGGATGG,CCATCCGTTGGTCTAATCGT,ACGATTAGACCAACGGATGG
NDB_227,TTGGTCTTCGTACGACCTCTATCATCAAGG,CCTTGATGATAGAGGTCGTA,TACGACCTCTATCATCAAGG
NDB_228,CGCTAGACTTGAACGCATTCGACGGAGTTG,CAACTCCGTCGAATGCGTTC,GAACGCATTCGACGGAGTTG
NDB_229,TCCAACGAAGGGTTGCCCGGATGTTACTTA,TAAGTAACATCCGGGCAACC,GGTTGCCCGGATGTTACTTA
NDB_230,TCAGTTAGAGTCGTACTTATCTCGCTTCGT,ACGAAGCGAGATAAGTACGA,TCGTACTTATCTCGCTTCGT
NDB_231,CATTTAGCGATGGACCTGTCGATCTATTCG,CGAATAGATCGACAGGTCCA,TGGACCTGTCGATCTATTCG
NDB_232,GGATAATCGATCTACATACGTTACCCTGTC,GACAGGGTAACGTATGTAGA,TCTACATACGTTACCCTGTC
NDB_233,TCCTATGTAATAACGGCTTCGAGACTGGAC,GTCCAGTCTCGAAGCCGTTA,TAACGGCTTCGAGACTGGAC
NDB_234,GCTGAGTATGGTGACGACCGTAACACTTAC,GTAAGTGTTACGGTCGTCAC,GTGACGACCGTAACACTTAC
NDB_235,GGCGTAACTTTAAAGCGGCGTGTCCTCTCT,AGAGAGGACACGCCGCTTTA,TAAAGCGGCGTGTCCTCTCT
NDB_236,ATCCATATTGTCTATCGACTTGGGTCGACC,GGTCGACCCAAGTCGATAGA,TCTATCGACTTGGGTCGACC
NDB_237,TGACATGAAAGTAAGCGCCGTACCTTGATC,GATCAAGGTACGGCGCTTAC,GTAAGCGCCGTACCTTGATC
NDB_238,CGCATGGATTTCTCGCAGTCATCTAGTGAT,ATCACTAGATGACTGCGAGA,TCTCGCAGTCATCTAGTGAT
NDB_239,AGGCAACGCTGTATTCAACGTCTGAGAACC,GGTTCTCAGACGTTGAATAC,GTATTCAACGTCTGAGAACC
NDB_240,CATCAGCGTATGCGAGACAGAGTCGCGATA,TATCGCGACTCTGTCTCGCA,TGCGAGACAGAGTCGCGATA
NDB_241,TGGATCTGCGGCCTCTATTGCATGTCGATG,CATCGACATGCAATAGAGGC,GCCTCTATTGCATGTCGATG
NDB_242,ATGATCACTACTTCGAGACTTCATGCGTTC,GAACGCATGAAGTCTCGAAG,CTTCGAGACTTCATGCGTTC
NDB_243,GCTTTCTCTTAAGGCGGACGGTACGTCTGA,TCAGACGTACCGTCCGCCTT,AAGGCGGACGGTACGTCTGA
NDB_244,CCTGTAGGACGTTGATCGATTCTCCTGTTA,TAACAGGAGAATCGATCAAC,GTTGATCGATTCTCCTGTTA
NDB_245,GCCGTCGAACGTTGGCTATAATAAGATTCC,GGAATCTTATTATAGCCAAC,GTTGGCTATAATAAGATTCC
NDB_246,TGCGTACTTATCGCAGGTAACGCAGCAAGT,ACTTGCTGCGTTACCTGCGA,TCGCAGGTAACGCAGCAAGT
NDB_247,AAAGTTGCACGCTATAACCGGCTTCAATCA,TGATTGAAGCCGGTTATAGC,GCTATAACCGGCTTCAATCA
NDB_248,TACCTGTGTCTCGGTAGAGGACCGCCTTAG,CTAAGGCGGTCCTCTACCGA,TCGGTAGAGGACCGCCTTAG
NDB_249,TACGATAGTTAAATGCCCGTCGCCGTTTGG,CCAAACGGCGACGGGCATTT,AAATGCCCGTCGCCGTTTGG
NDB_250,ACCGTATTTGCAGTCGCGTATCCGTTTAAA,TTTAAACGGATACGCGACTG,CAGTCGCGTATCCGTTTAAA
NDB_251,TCGCAACTTTCTGATTCGCCTAGCGGAGAG,CTCTCCGCTAGGCGAATCAG,CTGATTCGCCTAGCGGAGAG
NDB_252,GGCCTGTGGCGACTTCACGATTATCTGAAC,GTTCAGATAATCGTGAAGTC,GACTTCACGATTATCTGAAC
NDB_253,CTGCATACGTAAGTCGGGATATCGCCATTA,TAATGGCGATATCCCGACTT,AAGTCGGGATATCGCCATTA
NDB_254,TACCTACAAAGCGGATCTTAGTACTGGTCA,TGACCAGTACTAAGATCCGC,GCGGATCTTAGTACTGGTCA
NDB_255,CGCTTATATCTGAGCGCAGCGGCTTCGTTT,AAACGAAGCCGCTGCGCTCA,TGAGCGCAGCGGCTTCGTTT
NDB_256,TACTTAGCGGAGTAAATCGCCATTGACTTC,GAAGTCAATGGCGATTTACT,AGTAAATCGCCATTGACTTC
NDB_257,CCGCTATTATAGCGTGGGCGGCTTAAGTCG,CGACTTAAGCCGCCCACGCT,AGCGTGGGCGGCTTAAGTCG
NDB_258,GTGAAACCGAATGTGGGCCACGAGTCATTC,GAATGACTCGTGGCCCACAT,ATGTGGGCCACGAGTCATTC
NDB_259,GTCCAGTTATTATCGGTGTCCCGACTAGTT,AACTAGTCGGGACACCGATA,TATCGGTGTCCCGACTAGTT
NDB_260,CCCGTAAGAATAAGATTGCGTGCGCCTTAA,TTAAGGCGCACGCAATCTTA,TAAGATTGCGTGCGCCTTAA
NDB_261,CCAGACATCATCGTCGTCCAAATATGTGAT,ATCACATATTTGGACGACGA,TCGTCGTCCAAATATGTGAT
NDB_262,GGTCAGTCTTTGGTCGTAACGAATCTCCGT,ACGGAGATTCGTTACGACCA,TGGTCGTAACGAATCTCCGT
NDB_263,AGCCTAGGTATCATGCGGGCCGAATCTTGG,CCAAGATTCGGCCCGCATGA,TCATGCGGGCCGAATCTTGG
NDB_264,GCGTAATTTATTCGCACAATCGCCGAGTGC,GCACTCGGCGATTGTGCGAA,TTCGCACAATCGCCGAGTGC
NDB_265,CCCTATTTCCTTGTTCGGATCGGTCGAGAA,TTCTCGACCGATCCGAACAA,TTGTTCGGATCGGTCGAGAA
NDB_266,GCGCAGCTGTCAGTAGCGCCAGTACAATTT,AAATTGTACTGGCGCTACTG,CAGTAGCGCCAGTACAATTT
NDB_267,CTCTATGCAATATGGGTCGCGTTCAGTCGT,ACGACTGAACGCGACCCATA,TATGGGTCGCGTTCAGTCGT
NDB_268,CACTTGTGCTACCATCGAGCGGAGGTATTT,AAATACCTCCGCTCGATGGT,ACCATCGAGCGGAGGTATTT
NDB_269,GCAGAGATATATCGGGTTGCACCGACCACT,AGTGGTCGGTGCAACCCGAT,ATCGGGTTGCACCGACCACT
NDB_270,ACGGAGTTATCCGTAGAGCGGTGCAAGTCC,GGACTTGCACCGCTCTACGG,CCGTAGAGCGGTGCAAGTCC
NDB_271,ACCGTGCTGAGGCGTTCCACTTGGATCGTT,AACGATCCAAGTGGAACGCC,GGCGTTCCACTTGGATCGTT
NDB_272,GTGCATACATGTTCGTTCTGCGTTACTCAC,GTGAGTAACGCAGAACGAAC,GTTCGTTCTGCGTTACTCAC
NDB_273,GCTTAGCTACTACACCCGAGGTCGAGAGGA,TCCTCTCGACCTCGGGTGTA,TACACCCGAGGTCGAGAGGA
NDB_274,ACACTGATACTGTGCGGTTACTAGTCGACA,TGTCGACTAGTAACCGCACA,TGTGCGGTTACTAGTCGACA
NDB_275,CCTTTATGAAGTTCGACGGGTCTATCGGAC,GTCCGATAGACCCGTCGAAC,GTTCGACGGGTCTATCGGAC
NDB_276,GTTGAGAGTAGTGAACTGACCGAATCCTCC,GGAGGATTCGGTCAGTTCAC,GTGAACTGACCGAATCCTCC
NDB_277,TATCTGAAGGTAGACTCGTACTCTCCGCTG,CAGCGGAGAGTACGAGTCTA,TAGACTCGTACTCTCCGCTG
NDB_278,GGAGAATAGGACCGCTAACACCGCAAATGC,GCATTTGCGGTGTTAGCGGT,ACCGCTAACACCGCAAATGC
NDB_279,TTACTGTTCAGGTGCCGTCGGTAGCTTACC,GGTAAGCTACCGACGGCACC,GGTGCCGTCGGTAGCTTACC
NDB_280,AACGTCAGTAAGTCGCTCCGGGTGGACTTG,CAAGTCCACCCGGAGCGACT,AGTCGCTCCGGGTGGACTTG
NDB_281,GCCGTCGATTAGAAGAGTCTCCGTTCACGT,ACGTGAACGGAGACTCTTCT,AGAAGAGTCTCCGTTCACGT
NDB_282,TGTGTCAATACGCGCCTTAGTAAGTGACCC,GGGTCACTTACTAAGGCGCG,CGCGCCTTAGTAAGTGACCC
NDB_283,TCACTTCAGCTTCGATCAGCGGCGTATGTA,TACATACGCCGCTGATCGAA,TTCGATCAGCGGCGTATGTA
NDB_284,CGTATACACCGGATTCGAGTAGTCTGCTGA,TCAGCAGACTACTCGAATCC,GGATTCGAGTAGTCTGCTGA
NDB_285,CACGAGTAATCTGATGGTACTTCCGTCGCG,CGCGACGGAAGTACCATCAG,CTGATGGTACTTCCGTCGCG
NDB_286,GAATAGGACATACTTGGCTCGCCTCTTAAG,CTTAAGAGGCGAGCCAAGTA,TACTTGGCTCGCCTCTTAAG
NDB_287,ACCGAGTCATGCGCGTGTGGCACATATTGA,TCAATATGTGCCACACGCGC,GCGCGTGTGGCACATATTGA
NDB_288,CGATAGTATTTGAGCCCGCGTGGACAGCTA,TAGCTGTCCACGCGGGCTCA,TGAGCCCGCGTGGACAGCTA
NDB_289,ACATTTCACGGATAGCGGTCTTGCTACGTA,TACGTAGCAAGACCGCTATC,GATAGCGGTCTTGCTACGTA
NDB_290,TCGGAGTGCTATTGCCTCATCCGCGGAAGT,ACTTCCGCGGATGAGGCAAT,ATTGCCTCATCCGCGGAAGT
NDB_291,GCCTTGTAAGCATCCGCGTTATCACGATGG,CCATCGTGATAACGCGGATG,CATCCGCGTTATCACGATGG
NDB_292,TGCTAGATGTAACGTCGTCGCTATAGCCGG,CCGGCTATAGCGACGACGTT,AACGTCGTCGCTATAGCCGG
NDB_293,GTCCATTGTGGGTCGGTAGCACCACGTATG,CATACGTGGTGCTACCGACC,GGTCGGTAGCACCACGTATG
NDB_294,GTCGTACCGGCATTTCGGCTGAATACGGAG,CTCCGTATTCAGCCGAAATG,CATTTCGGCTGAATACGGAG
NDB_295,TTTCTGGTTCACAAGCCGGAGTCCGCTAAA,TTTAGCGGACTCCGGCTTGT,ACAAGCCGGAGTCCGCTAAA
NDB_296,GACCAGAAAGGCTAGCGCGTCTGACGTTTA,TAAACGTCAGACGCGCTAGC,GCTAGCGCGTCTGACGTTTA
NDB_297,TAGATCGGCAACTCAGCTCGTTATCCGAAT,ATTCGGATAACGAGCTGAGT,ACTCAGCTCGTTATCCGAAT
NDB_298,GATCAATGCATTGGCCGGCTTGAATCGATC,GATCGATTCAAGCCGGCCAA,TTGGCCGGCTTGAATCGATC
NDB_299,CCTTTGGTTCCGATTATTCAAACGGAGGAC,GTCCTCCGTTTGAATAATCG,CGATTATTCAAACGGAGGAC
NDB_300,ACTAACAGTCTTAGGCCCGAAATTGACCTT,AAGGTCAATTTCGGGCCTAA,TTAGGCCCGAAATTGACCTT
NDB_301,GTACTTCGACATTTGCGTATTGGTGCCTGC,GCAGGCACCAATACGCAAAT,ATTTGCGTATTGGTGCCTGC
NDB_302,CGGGAATAGTCACAGGCCGCTAACCTATAT,ATATAGGTTAGCGGCCTGTG,CACAGGCCGCTAACCTATAT
NDB_303,GCGATAAAGTCGTAGCGGGACTCATGACCA,TGGTCATGAGTCCCGCTACG,CGTAGCGGGACTCATGACCA
NDB_304,GCCTAGCGTGTTAACGTTGTGTGCCTCGTG,CACGAGGCACACAACGTTAA,TTAACGTTGTGTGCCTCGTG
NDB_305,CAAATAAGTGGTACGCGACCCTCTATACGG,CCGTATAGAGGGTCGCGTAC,GTACGCGACCCTCTATACGG
NDB_306,CGCAACGAGTAACAAACGCAGCGAAGGAAA,TTTCCTTCGCTGCGTTTGTT,AACAAACGCAGCGAAGGAAA
NDB_307,AACTTGTAAATACGCGGCGCCATACTGTCG,CGACAGTATGGCGCCGCGTA,TACGCGGCGCCATACTGTCG
NDB_308,CGAGAATTATTGGTCGACGCCGCGACTAAA,TTTAGTCGCGGCGTCGACCA,TGGTCGACGCCGCGACTAAA
NDB_309,CTCTAAGCATACTCTGACGAGAACATTGGG,CCCAATGTTCTCGTCAGAGT,ACTCTGACGAGAACATTGGG
NDB_310,GGGCATCGTTAAGAAGCGTAGGACTGCCAC,GTGGCAGTCCTACGCTTCTT,AAGAAGCGTAGGACTGCCAC
NDB_311,TTCGAATGACGATCGGTTTCAACCTCCGAG,CTCGGAGGTTGAAACCGATC,GATCGGTTTCAACCTCCGAG
NDB_312,CTGATGAGAGATCCATCGGCCTCGTTAGAG,CTCTAACGAGGCCGATGGAT,ATCCATCGGCCTCGTTAGAG
NDB_313,CAAATCTTATCGTAAACGTCAGCCACTGGG,CCCAGTGGCTGACGTTTACG,CGTAAACGTCAGCCACTGGG
NDB_314,AACTAGGTCGTCAGTTTATGCACTTCGCAT,ATGCGAAGTGCATAAACTGA,TCAGTTTATGCACTTCGCAT
NDB_315,TAGGTTTCGTCGGCTCTCTCGAACCATGAA,TTCATGGTTCGAGAGAGCCG,CGGCTCTCTCGAACCATGAA
NDB_316,TTACTAAGCTGTTGTTCGGGTTTACCCGTC,GACGGGTAAACCCGAACAAC,GTTGTTCGGGTTTACCCGTC
NDB_317,CCACTGTGATGAGTTCCGTCGTATTCTATC,GATAGAATACGACGGAACTC,GAGTTCCGTCGTATTCTATC
NDB_318,TGCATGTTACGAAGTGGGTCACGCGAGACC,GGTCTCGCGTGACCCACTTC,GAAGTGGGTCACGCGAGACC
NDB_319,GACCTAGAGGGCCGGAGTTAGCCTTTGTAC,GTACAAAGGCTAACTCCGGC,GCCGGAGTTAGCCTTTGTAC
NDB_320,GCCGAGCTCACAATCTTGATCGATGCGATT,AATCGCATCGATCAAGATTG,CAATCTTGATCGATGCGATT
NDB_321,CAAGAGATATATAAGTCCGGAGCCCACTAT,ATAGTGGGCTCCGGACTTAT,ATAAGTCCGGAGCCCACTAT
NDB_322,TGCCTAGAGCGGTCGGGAATACCTATCGTG,CACGATAGGTATTCCCGACC,GGTCGGGAATACCTATCGTG
NDB_323,GCCTTAGCATGTTACATCGGTGCGCGAAGT,ACTTCGCGCACCGATGTAAC,GTTACATCGGTGCGCGAAGT
NDB_324,CAGCATGGCCGTGTATTGTACCTGACGTTC,GAACGTCAGGTACAATACAC,GTGTATTGTACCTGACGTTC
NDB_325,CCCAAGACCTTAGGGTTACGAGTTGCGATC,GATCGCAACTCGTAACCCTA,TAGGGTTACGAGTTGCGATC
NDB_326,TCCTTGTGTGATCGTCTCGCTACAGCGTAT,ATACGCTGTAGCGAGACGAT,ATCGTCTCGCTACAGCGTAT
NDB_327,ACTCTAGTGTTACGTCGGCGATGAATCGAC,GTCGATTCATCGCCGACGTA,TACGTCGGCGATGAATCGAC
NDB_328,AGCCTGAGTATCGTATCTTAGCGTCGCAGT,ACTGCGACGCTAAGATACGA,TCGTATCTTAGCGTCGCAGT
NDB_329,AGATACGATCATGTTAGTCGCCGTCGGCAT,ATGCCGACGGCGACTAACAT,ATGTTAGTCGCCGTCGGCAT
NDB_330,GAGCTATTGCTATCGATACCCAGACGGTTA,TAACCGTCTGGGTATCGATA,TATCGATACCCAGACGGTTA
NDB_331,GACCTAGTCGGTATGAGTATTCGTTCCGCC,GGCGGAACGAATACTCATAC,GTATGAGTATTCGTTCCGCC
NDB_332,AGCGTTTATACGATGGTCGTCCTCGTTTCG,CGAAACGAGGACGACCATCG,CGATGGTCGTCCTCGTTTCG
NDB_333,GGCCTGTGGAGCTTTCGTGCGTTCTATCAC,GTGATAGAACGCACGAAAGC,GCTTTCGTGCGTTCTATCAC
NDB_334,TACTATCAGAAGTCGCGGCCAACCTGATTA,TAATCAGGTTGGCCGCGACT,AGTCGCGGCCAACCTGATTA
NDB_335,ACCGATTATTTGGCACGTATCGACCGGTTT,AAACCGGTCGATACGTGCCA,TGGCACGTATCGACCGGTTT
NDB_336,CAACTGGTCTATTACGCCTCGGGACAGTGT,ACACTGTCCCGAGGCGTAAT,ATTACGCCTCGGGACAGTGT
NDB_337,TGTTAGTACGATCTTACAGACCGGCACCAA,TTGGTGCCGGTCTGTAAGAT,ATCTTACAGACCGGCACCAA
NDB_338,TGGAACTTTGAGTCGCAGCGTCCCGATATC,GATATCGGGACGCTGCGACT,AGTCGCAGCGTCCCGATATC
NDB_339,CCCTTTGTAGCATTACACGAACGTACGTTG,CAACGTACGTTCGTGTAATG,CATTACACGAACGTACGTTG
NDB_340,GAGTTTATTTCGCCGCGAACCGGAGAACTC,GAGTTCTCCGGTTCGCGGCG,CGCCGCGAACCGGAGAACTC
NDB_341,CAGATACCGTTTAATCTCGGCTGAGCGGAG,CTCCGCTCAGCCGAGATTAA,TTAATCTCGGCTGAGCGGAG
NDB_342,CCCGATCCGGTAAAGTCTAGCGGCTTAAGG,CCTTAAGCCGCTAGACTTTA,TAAAGTCTAGCGGCTTAAGG
NDB_343,CCACTAGCGTCTGGACTAAGTAGCGGTTGA,TCAACCGCTACTTAGTCCAG,CTGGACTAAGTAGCGGTTGA
NDB_344,GAGCAGATTCAATCTATGCGCGTTCACATC,GATGTGAACGCGCATAGATT,AATCTATGCGCGTTCACATC
NDB_345,TGGTACAGAAATCCGTCGCCGGTATCAGAA,TTCTGATACCGGCGACGGAT,ATCCGTCGCCGGTATCAGAA
NDB_346,GCCATGAACGGTAATCGACCGAGGGTCTAG,CTAGACCCTCGGTCGATTAC,GTAATCGACCGAGGGTCTAG
NDB_347,ACAGTTGAGCTAGTACGTCCCAGTAAGGTC,GACCTTACTGGGACGTACTA,TAGTACGTCCCAGTAAGGTC
NDB_348,TCCGTAGTACGTGTTGTAACCCTGAAGGAC,GTCCTTCAGGGTTACAACAC,GTGTTGTAACCCTGAAGGAC
NDB_349,ACAGAGCTCTTATCCGGCATATCTGTCGTA,TACGACAGATATGCCGGATA,TATCCGGCATATCTGTCGTA
NDB_350,GCGTTGGACTTAAGTATTACGCCTGACGAC,GTCGTCAGGCGTAATACTTA,TAAGTATTACGCCTGACGAC
NDB_351,TCGCTGTCCTATTGCGCCGTTGATGAAGTT,AACTTCATCAACGGCGCAAT,ATTGCGCCGTTGATGAAGTT
NDB_352,TCGCTCTTGAGTCGATCGCAGACTATGGTA,TACCATAGTCTGCGATCGAC,GTCGATCGCAGACTATGGTA
NDB_353,CTGCATAAGGCATAGATCGCGGTCATCTTA,TAAGATGACCGCGATCTATG,CATAGATCGCGGTCATCTTA
NDB_354,ATATACGTTAACATCCTTGGCGTACCGGCT,AGCCGGTACGCCAAGGATGT,ACATCCTTGGCGTACCGGCT
NDB_355,AGCCATCGGGTGGAGCCGCAATCTAATACG,CGTATTAGATTGCGGCTCCA,TGGAGCCGCAATCTAATACG
NDB_356,AGGTTCGTCATGGCATCCGCAAGTCGTTAT,ATAACGACTTGCGGATGCCA,TGGCATCCGCAAGTCGTTAT
NDB_357,CTCGTCAGAAGTCTACGGTCGGGTTGCATA,TATGCAACCCGACCGTAGAC,GTCTACGGTCGGGTTGCATA
NDB_358,CGGAAATCGTACGTATCGCTTCTAGATTCG,CGAATCTAGAAGCGATACGT,ACGTATCGCTTCTAGATTCG
NDB_359,CGACATGCGCAGATGGTATGGATTGCCCTA,TAGGGCAATCCATACCATCT,AGATGGTATGGATTGCCCTA
NDB_360,TCTCAACGTGAGCAAATGCGGATTACTGGC,GCCAGTAATCCGCATTTGCT,AGCAAATGCGGATTACTGGC
NDB_361,GTGGTTTACGTTTGTTCCGTCGCGACCGTC,GACGGTCGCGACGGAACAAA,TTTGTTCCGTCGCGACCGTC
NDB_362,CGTATGAATTATAGACCCGGCACTTCGCAG,CTGCGAAGTGCCGGGTCTAT,ATAGACCCGGCACTTCGCAG
NDB_363,CTCTTATTCTACGTTTCGGGTGCTTGGCTC,GAGCCAAGCACCCGAAACGT,ACGTTTCGGGTGCTTGGCTC
NDB_364,TACCTTTCCCGACGGCGGTATGATGGAAAT,ATTTCCATCATACCGCCGTC,GACGGCGGTATGATGGAAAT
NDB_365,GGCGTCATTGAACAACCGGTCTTGCCAGAG,CTCTGGCAAGACCGGTTGTT,AACAACCGGTCTTGCCAGAG
NDB_366,GAGCTTTACATCTAGACGGGCGGACTGGTC,GACCAGTCCGCCCGTCTAGA,TCTAGACGGGCGGACTGGTC
NDB_367,CGCTAGGTCCATGTGATGCGTGCCGAAGAT,ATCTTCGGCACGCATCACAT,ATGTGATGCGTGCCGAAGAT
NDB_368,TTGGACGCATCTGACGCTGAAGTGCCTAGT,ACTAGGCACTTCAGCGTCAG,CTGACGCTGAAGTGCCTAGT
NDB_369,TCCTTGTATGAACGAGTTGGCGTGACCCTG,CAGGGTCACGCCAACTCGTT,AACGAGTTGGCGTGACCCTG
NDB_370,CCGCTGCATGCCAGCGTAATGGTTTATATG,CATATAAACCATTACGCTGG,CCAGCGTAATGGTTTATATG
NDB_371,TAACTGAGCTTATCGCTTCGCACGAAATGG,CCATTTCGTGCGAAGCGATA,TATCGCTTCGCACGAAATGG
NDB_372,AACCATAGTCGGTCGCTGAGCTATGAAACA,TGTTTCATAGCTCAGCGACC,GGTCGCTGAGCTATGAAACA
NDB_373,CGAAATAGCGGACTTATGCGTACATCACTG,CAGTGATGTACGCATAAGTC,GACTTATGCGTACATCACTG
NDB_374,AACCTTTAGGCGATGTTCGTGCCAATCTTT,AAAGATTGGCACGAACATCG,CGATGTTCGTGCCAATCTTT
NDB_375,TCGCTCGTGAAAGTACGTCTGTTGTCGGCC,GGCCGACAACAGACGTACTT,AAGTACGTCTGTTGTCGGCC
NDB_376,CCCTAATCCCGACTTTGTGGGTACGTTGAT,ATCAACGTACCCACAAAGTC,GACTTTGTGGGTACGTTGAT
NDB_377,AAGCACCGTAGTCGTTGCCGTACTTTATTT,AAATAAAGTACGGCAACGAC,GTCGTTGCCGTACTTTATTT
NDB_378,GTACTCAATGCCGAGCAGTTGACGTCTCAT,ATGAGACGTCAACTGCTCGG,CCGAGCAGTTGACGTCTCAT
NDB_379,ATCCAACAGTAGCGGCCGAGATTGTTCATA,TATGAACAATCTCGGCCGCT,AGCGGCCGAGATTGTTCATA
NDB_380,GCCGATACGATAATAAGTTGGCCCGCCAGG,CCTGGCGGGCCAACTTATTA,TAATAAGTTGGCCCGCCAGG
NDB_381,ATACAGTCCGGTGGTAGCGCTTCCTAGTAA,TTACTAGGAAGCGCTACCAC,GTGGTAGCGCTTCCTAGTAA
NDB_382,GCGTTGCAAGATATCTCGGCCCGTGTAATA,TATTACACGGGCCGAGATAT,ATATCTCGGCCCGTGTAATA
NDB_383,CGTCTGACCGTTAAGTTGTTTCTCGCCGGG,CCCGGCGAGAAACAACTTAA,TTAAGTTGTTTCTCGCCGGG
NDB_384,CGCCAAGCGATGACGAGTCGTTCAGGGTTT,AAACCCTGAACGACTCGTCA,TGACGAGTCGTTCAGGGTTT
NDB_385,ACCCTTTAGGGACTACGCTAGTGTTGTGCC,GGCACAACACTAGCGTAGTC,GACTACGCTAGTGTTGTGCC
NDB_386,ACTATCGTATCAACTCCGAGCCTGATGAGG,CCTCATCAGGCTCGGAGTTG,CAACTCCGAGCCTGATGAGG
NDB_387,CGTCTATGCATCGTATTCGCCTTACTGTGT,ACACAGTAAGGCGAATACGA,TCGTATTCGCCTTACTGTGT
NDB_388,ATGGAGTGAAAGTCGCCCTGCATAGGTACC,GGTACCTATGCAGGGCGACT,AGTCGCCCTGCATAGGTACC
NDB_389,CCTTTGAGCTTTGCGGCGATCGGTCGAATA,TATTCGACCGATCGCCGCAA,TTGCGGCGATCGGTCGAATA
NDB_390,CGACAGGCTGATCGTCGATCTGTTAAAGCG,CGCTTTAACAGATCGACGAT,ATCGTCGATCTGTTAAAGCG
NDB_391,AGGAACGTAGATACCGCGGCGTAAGTACCC,GGGTACTTACGCCGCGGTAT,ATACCGCGGCGTAAGTACCC
NDB_392,CCTTAGGCATAGATAAGCTCGCTGGTCACA,TGTGACCAGCGAGCTTATCT,AGATAAGCTCGCTGGTCACA
NDB_393,GGCTAAGAAGTCATTCGCTTACGCTGTCTG,CAGACAGCGTAAGCGAATGA,TCATTCGCTTACGCTGTCTG
NDB_394,GGGAATCGATCAGCATTCCGCTTTAACACA,TGTGTTAAAGCGGAATGCTG,CAGCATTCCGCTTTAACACA
NDB_395,CGCATTGGCTTCGTACGCGCTTTATAGGCG,CGCCTATAAAGCGCGTACGA,TCGTACGCGCTTTATAGGCG
NDB_396,ACTCAGTTTCGTCTTGGGTGCATGGTAACC,GGTTACCATGCACCCAAGAC,GTCTTGGGTGCATGGTAACC
NDB_397,ATACACGAAGGCACGCCGGATTTACTAGAG,CTCTAGTAAATCCGGCGTGC,GCACGCCGGATTTACTAGAG
NDB_398,TCCATACTTCGGCACTAGGATAACTTTAGG,CCTAAAGTTATCCTAGTGCC,GGCACTAGGATAACTTTAGG
NDB_399,TAACTCGTACTGTACCGGCGGCATCTGATG,CATCAGATGCCGCCGGTACA,TGTACCGGCGGCATCTGATG
NDB_400,AGCCAGCTCGTAGCGCCTGAATTAGCTATA,TATAGCTAATTCAGGCGCTA,TAGCGCCTGAATTAGCTATA
NDB_401,CCCTTTGTAGAACGTAAGCGGCAATACTTT,AAAGTATTGCCGCTTACGTT,AACGTAAGCGGCAATACTTT
NDB_402,TCTCAAGTCGAGTCCTATGTAACCGTGCAG,CTGCACGGTTACATAGGACT,AGTCCTATGTAACCGTGCAG
NDB_403,CGCTAATCGGATGCTATACGGTGTCGAGCA,TGCTCGACACCGTATAGCAT,ATGCTATACGGTGTCGAGCA
NDB_404,CCACTATGGATGACGTGCGCTACAGCTTAA,TTAAGCTGTAGCGCACGTCA,TGACGTGCGCTACAGCTTAA
NDB_405,GGTCTATCTCGTTTGCGTGTAATCGACTCT,AGAGTCGATTACACGCAAAC,GTTTGCGTGTAATCGACTCT
NDB_406,TGCTTGTCTAGAATATGCGATCGTCGACGC,GCGTCGACGATCGCATATTC,GAATATGCGATCGTCGACGC
NDB_407,CAGAATTACTAGCTACGCTCTGACACGGGA,TCCCGTGTCAGAGCGTAGCT,AGCTACGCTCTGACACGGGA
NDB_408,GACGAACTTGTAGCGTCGAAGCTTCTCGAA,TTCGAGAAGCTTCGACGCTA,TAGCGTCGAAGCTTCTCGAA
NDB_409,ACGTTAACCCGTAAATTTAGTCTGCGGACC,GGTCCGCAGACTAAATTTAC,GTAAATTTAGTCTGCGGACC
NDB_410,GCCGTCTTGTACATTAGCCTGTCGGAATGA,TCATTCCGACAGGCTAATGT,ACATTAGCCTGTCGGAATGA
NDB_411,AGCTATCGTCTAGTTCGTCGACAAAGCCGT,ACGGCTTTGTCGACGAACTA,TAGTTCGTCGACAAAGCCGT
NDB_412,ATGCAATCGCCACGCAATGCAGTCGTAGAT,ATCTACGACTGCATTGCGTG,CACGCAATGCAGTCGTAGAT
NDB_413,CGAGATACATTAGCGTCCCAACATCTAGTT,AACTAGATGTTGGGACGCTA,TAGCGTCCCAACATCTAGTT
NDB_414,TCGGTTAACCTAACATGAGGACGGACTACT,AGTAGTCCGTCCTCATGTTA,TAACATGAGGACGGACTACT
NDB_415,GGACTACAGCTTGGACCCGTCATTTATATT,AATATAAATGACGGGTCCAA,TTGGACCCGTCATTTATATT
NDB_416,GGTAAACTAGTTGTCACCCGTCGTGTTCCG,CGGAACACGACGGGTGACAA,TTGTCACCCGTCGTGTTCCG
NDB_417,CGGATATCATTGCGAATTGACGTCCTCAGC,GCTGAGGACGTCAATTCGCA,TGCGAATTGACGTCCTCAGC
NDB_418,GTAAACTTTGTACGGTACCCTGCGCTTCAT,ATGAAGCGCAGGGTACCGTA,TACGGTACCCTGCGCTTCAT
NDB_419,TGGGAGGCATATTCCAATGCGAACGCTGCA,TGCAGCGTTCGCATTGGAAT,ATTCCAATGCGAACGCTGCA
NDB_420,GCTCTCGACAAACGTCTTCGAGGCATGAAT,ATTCATGCCTCGAAGACGTT,AACGTCTTCGAGGCATGAAT
NDB_421,TGCGACTTAATTATCCCGGACACATGGATT,AATCCATGTGTCCGGGATAA,TTATCCCGGACACATGGATT
NDB_422,CATAAGTCTCTTATCGCGAGCTGATCACTT,AAGTGATCAGCTCGCGATAA,TTATCGCGAGCTGATCACTT
NDB_423,ACGTTATGCCAATCTGCGCGCTGATCGTAA,TTACGATCAGCGCGCAGATT,AATCTGCGCGCTGATCGTAA
NDB_424,TCACAGTTTCGTACTACGGCCAGTGGATGG,CCATCCACTGGCCGTAGTAC,GTACTACGGCCAGTGGATGG
NDB_425,CGTGTTCTTACGGAGCCCTTATTGTAACCG,CGGTTACAATAAGGGCTCCG,CGGAGCCCTTATTGTAACCG
NDB_426,GCGAAATGCGTAACAGTCTGCGTCAAGGAC,GTCCTTGACGCAGACTGTTA,TAACAGTCTGCGTCAAGGAC
NDB_427,CGCGTAAGCGAGTTTACCCTTGGCGATGAA,TTCATCGCCAAGGGTAAACT,AGTTTACCCTTGGCGATGAA
NDB_428,CCACATAAGGTGCGTACTAGCTGACTATCT,AGATAGTCAGCTAGTACGCA,TGCGTACTAGCTGACTATCT
NDB_429,CGATTACAGGTCGCCTTGCAACGACTAGTG,CACTAGTCGTTGCAAGGCGA,TCGCCTTGCAACGACTAGTG
NDB_430,AACTAGGTGCAGCGATTATCCCTACATCAG,CTGATGTAGGGATAATCGCT,AGCGATTATCCCTACATCAG
NDB_431,GGACAGGACTGTTCACCGGAATACTTCTGA,TCAGAAGTATTCCGGTGAAC,GTTCACCGGAATACTTCTGA
NDB_432,CCTATGAGTTTCGATGCTGTATGCCCGGTC,GACCGGGCATACAGCATCGA,TCGATGCTGTATGCCCGGTC
NDB_433,CCCTAGTACTGTGCGTTATTAATTGCCGGA,TCCGGCAATTAATAACGCAC,GTGCGTTATTAATTGCCGGA
NDB_434,TACTAGAGTTCATAACGATTCCGCCTGACA,TGTCAGGCGGAATCGTTATG,CATAACGATTCCGCCTGACA
NDB_435,ATAGTGATGCTCGACTCAGTCTGGACCGAC,GTCGGTCCAGACTGAGTCGA,TCGACTCAGTCTGGACCGAC
NDB_436,ACACATCTTCTCGTGAGGCGGTATTTACAA,TTGTAAATACCGCCTCACGA,TCGTGAGGCGGTATTTACAA
NDB_437,ATAGTCTCACAGTCGGACTTTATGCATTCC,GGAATGCATAAAGTCCGACT,AGTCGGACTTTATGCATTCC
NDB_438,GGCTAGATTCATGCTACATCGTCGCGTTTG,CAAACGCGACGATGTAGCAT,ATGCTACATCGTCGCGTTTG
NDB_439,GCCAATAGCTCGGTGAGGATCTCTACGAGA,TCTCGTAGAGATCCTCACCG,CGGTGAGGATCTCTACGAGA
NDB_440,TCGATCGTTGTATTCGTGTCTAACCGCGAT,ATCGCGGTTAGACACGAATA,TATTCGTGTCTAACCGCGAT
NDB_441,GGCGTCGGTCAGATTTACGCTATTCAGGCC,GGCCTGAATAGCGTAAATCT,AGATTTACGCTATTCAGGCC
NDB_442,GGATAAGATCAACTCACTCGCGGGACGACT,AGTCGTCCCGCGAGTGAGTT,AACTCACTCGCGGGACGACT
NDB_443,GCGTTGCAAATACGCTGTTGGCGCTATACT,AGTATAGCGCCAACAGCGTA,TACGCTGTTGGCGCTATACT
NDB_444,CAGCAGCCTATAAGTATCGTCGAGCCTGAA,TTCAGGCTCGACGATACTTA,TAAGTATCGTCGAGCCTGAA
NDB_445,CTACTAATTATCGATTGAGCCGGCAAGTCG,CGACTTGCCGGCTCAATCGA,TCGATTGAGCCGGCAAGTCG
NDB_446,GGGCTTTACGTGCCGTTCCATAGTTTACCG,CGGTAAACTATGGAACGGCA,TGCCGTTCCATAGTTTACCG
NDB_447,AATCAAGTCCGTAGCAACTAGCGTGATGAC,GTCATCACGCTAGTTGCTAC,GTAGCAACTAGCGTGATGAC
NDB_448,CCATTGTTTACGGGCGACTGCGGTATATCT,AGATATACCGCAGTCGCCCG,CGGGCGACTGCGGTATATCT
NDB_449,CGTTTGCTGATAAACCGCGTCCGACTGGAA,TTCCAGTCGGACGCGGTTTA,TAAACCGCGTCCGACTGGAA
NDB_450,CCATTAGTTGTCTCGTCGGAGGGCGATTCA,TGAATCGCCCTCCGACGAGA,TCTCGTCGGAGGGCGATTCA
NDB_451,CACCAGACGATGTCGTTAACAGTGCCTAAG,CTTAGGCACTGTTAACGACA,TGTCGTTAACAGTGCCTAAG
NDB_452,TGTTATTCCCAGCCGATCGCAGGAGTTAAC,GTTAACTCCTGCGATCGGCT,AGCCGATCGCAGGAGTTAAC
NDB_453,GAAGTGGCCCGTTCTCTCATCGTGTCGATA,TATCGACACGATGAGAGAAC,GTTCTCTCATCGTGTCGATA
NDB_454,CGCCTTGTGCGGCTAGTATATCGAGACATC,GATGTCTCGATATACTAGCC,GGCTAGTATATCGAGACATC
NDB_455,GTACACAAGATGTCCGATAGCTTGCGCATA,TATGCGCAAGCTATCGGACA,TGTCCGATAGCTTGCGCATA
NDB_456,GACGTATATTTGTTCGAATCCGCCTTCAAC,GTTGAAGGCGGATTCGAACA,TGTTCGAATCCGCCTTCAAC
NDB_457,CTGCTGTGTATTCGTTTGGGACCGTCACTT,AAGTGACGGTCCCAAACGAA,TTCGTTTGGGACCGTCACTT
NDB_458,TTCTACGTCTAAATTCCGGAAGCTTGGGCA,TGCCCAAGCTTCCGGAATTT,AAATTCCGGAAGCTTGGGCA
NDB_459,CGCGATCGTTTCATTGAGGTCCGTAAACTG,CAGTTTACGGACCTCAATGA,TCATTGAGGTCCGTAAACTG
NDB_460,ACCAAGCTAAATGCACGTCATCGTGTGTGG,CCACACACGATGACGTGCAT,ATGCACGTCATCGTGTGTGG
NDB_461,TTGGACTAACGACCAACGCCTAACATGTAG,CTACATGTTAGGCGTTGGTC,GACCAACGCCTAACATGTAG
NDB_462,CCGCTATCGTCCTAGTGGCGTGATGGAGTT,AACTCCATCACGCCACTAGG,CCTAGTGGCGTGATGGAGTT
NDB_463,CAACTGGGTAAATTCGCACTAGAATGCTCG,CGAGCATTCTAGTGCGAATT,AATTCGCACTAGAATGCTCG
NDB_464,AGAGAGCGACTTGGGAACGCCTTCATATCC,GGATATGAAGGCGTTCCCAA,TTGGGAACGCCTTCATATCC
NDB_465,ACATAAGTCGCGTCGGAGTCGGTATATTCC,GGAATATACCGACTCCGACG,CGTCGGAGTCGGTATATTCC
NDB_466,GCCGTATCAGCGTGTACGGTCAAATACGAG,CTCGTATTTGACCGTACACG,CGTGTACGGTCAAATACGAG
NDB_467,AATGAGGCGGCGGTTCTACTTGTCCTAATC,GATTAGGACAAGTAGAACCG,CGGTTCTACTTGTCCTAATC
NDB_468,CATCATCAGGTTCGTATGGCTATGAGCTCG,CGAGCTCATAGCCATACGAA,TTCGTATGGCTATGAGCTCG
NDB_469,TGGCATACCGTTAGACCGTACGCTGTACAT,ATGTACAGCGTACGGTCTAA,TTAGACCGTACGCTGTACAT
NDB_470,TCGGTGTATCACTCCGGACGCGAGGTATAA,TTATACCTCGCGTCCGGAGT,ACTCCGGACGCGAGGTATAA
NDB_471,CAGCTTAGAGTTCTTCGCCAGATAACGTTT,AAACGTTATCTGGCGAAGAA,TTCTTCGCCAGATAACGTTT
NDB_472,CTAGTTGTATATCGGACAGTCCCTCTTGAA,TTCAAGAGGGACTGTCCGAT,ATCGGACAGTCCCTCTTGAA
NDB_473,CGACACGTTAATTTCCGATGATCCGTTTAC,GTAAACGGATCATCGGAAAT,ATTTCCGATGATCCGTTTAC
NDB_474,TTTGTGGAGGTATTGCCCACTAACGACCGT,ACGGTCGTTAGTGGGCAATA,TATTGCCCACTAACGACCGT
NDB_475,GACTAGTTAGGGAGTCGCTCGCCGAGAATC,GATTCTCGGCGAGCGACTCC,GGAGTCGCTCGCCGAGAATC
NDB_476,CTACAGGATACGAGCCGCCATGCGAATAGT,ACTATTCGCATGGCGGCTCG,CGAGCCGCCATGCGAATAGT
NDB_477,AAACTTATCTGTCGGCCTTAGTTGGCACTA,TAGTGCCAACTAAGGCCGAC,GTCGGCCTTAGTTGGCACTA
NDB_478,ATCCAGTAAGGATTCGCGCAGACTGCTGGT,ACCAGCAGTCTGCGCGAATC,GATTCGCGCAGACTGCTGGT
NDB_479,CGGGTTCAATTACGAATGGAGCTTCCTATC,GATAGGAAGCTCCATTCGTA,TACGAATGGAGCTTCCTATC
NDB_480,CGCATTCTTATGACTCGTAGCGCAAGTGGT,ACCACTTGCGCTACGAGTCA,TGACTCGTAGCGCAAGTGGT
NDB_481,CGGCTACGTTAGGTGCCTCGCTGCGTATAT,ATATACGCAGCGAGGCACCT,AGGTGCCTCGCTGCGTATAT
NDB_482,GTCGTTTGCCCATCGCCTTAAACGGTTAAT,ATTAACCGTTTAAGGCGATG,CATCGCCTTAAACGGTTAAT
NDB_483,CATCAAGTTGCGCTAGGTATCTTGTGAACC,GGTTCACAAGATACCTAGCG,CGCTAGGTATCTTGTGAACC
NDB_484,TGGATGCCGCGTCCCTTATTAACGAAAGCG,CGCTTTCGTTAATAAGGGAC,GTCCCTTATTAACGAAAGCG
NDB_485,ATGCTAAATAGCGTAGTGGCACCAGTCCGG,CCGGACTGGTGCCACTACGC,GCGTAGTGGCACCAGTCCGG
NDB_486,AGACAACCATCGGGTACGATTCATCTCATT,AATGAGATGAATCGTACCCG,CGGGTACGATTCATCTCATT
NDB_487,GGTATCAGCTTTCACGAACGTCTCTATCTA,TAGATAGAGACGTTCGTGAA,TTCACGAACGTCTCTATCTA
NDB_488,TACGTGGGCTCGATTCGGTACTTAGCCTGG,CCAGGCTAAGTACCGAATCG,CGATTCGGTACTTAGCCTGG
NDB_489,TCCAAACGAACGTAGCGCTGTTAGAGCAGG,CCTGCTCTAACAGCGCTACG,CGTAGCGCTGTTAGAGCAGG
NDB_490,CTAATCCCATTCGGCGTGAGTCAATAGATA,TATCTATTGACTCACGCCGA,TCGGCGTGAGTCAATAGATA
NDB_491,CGGCAGTCTGTCGTATTCGTAGGATCCGTA,TACGGATCCTACGAATACGA,TCGTATTCGTAGGATCCGTA
NDB_492,AACTTGTACGTTCGAAATTCGTCTCCAGGA,TCCTGGAGACGAATTTCGAA,TTCGAAATTCGTCTCCAGGA
NDB_493,ACCGAAGATCGTAGTTAAGTACCGCCATTT,AAATGGCGGTACTTAACTAC,GTAGTTAAGTACCGCCATTT
NDB_494,CACTTGTGTCCAATCCGTACGTTTGTGACT,AGTCACAAACGTACGGATTG,CAATCCGTACGTTTGTGACT
NDB_495,CCTGACTAGCCGTCGATCTAGGTTATAATA,TATTATAACCTAGATCGACG,CGTCGATCTAGGTTATAATA
NDB_496,GTAGATAACACACGCCTCGGTGCTGGATTA,TAATCCAGCACCGAGGCGTG,CACGCCTCGGTGCTGGATTA
NDB_497,ACGTATATTAGACCGCCCGCAGGATGAGGT,ACCTCATCCTGCGGGCGGTC,GACCGCCCGCAGGATGAGGT
NDB_498,TAGTTAGATCACACCGATCTTTACGTCGCT,AGCGACGTAAAGATCGGTGT,ACACCGATCTTTACGTCGCT
NDB_499,GCGCTAGGGTGTATTACTCAATCCGGGTCA,TGACCCGGATTGAGTAATAC,GTATTACTCAATCCGGGTCA
NDB_500,CATTAATACGTAGAGTTCACGACGTCCGTA,TACGGACGTCGTGAACTCTA,TAGAGTTCACGACGTCCGTA
NDB_501,CCGGAGCTTAGGTTCAGGACCGACAATTAG,CTAATTGTCGGTCCTGAACC,GGTTCAGGACCGACAATTAG
NDB_502,GGCTACTCGGATAGTCGAGGACGCTAACGA,TCGTTAGCGTCCTCGACTAT,ATAGTCGAGGACGCTAACGA
NDB_503,ATCGATGGAGTTCGTCTTACCGCGAGTCTT,AAGACTCGCGGTAAGACGAA,TTCGTCTTACCGCGAGTCTT
NDB_504,AGCAACGGATAGGTTGGACTCGCCCGATTA,TAATCGGGCGAGTCCAACCT,AGGTTGGACTCGCCCGATTA
NDB_505,CCGCAAGCGGATTGTCCGAGATGAGTATAC,GTATACTCATCTCGGACAAT,ATTGTCCGAGATGAGTATAC
NDB_506,CAGCTGAGAGGAGTGCGCGTCATACCTTTG,CAAAGGTATGACGCGCACTC,GAGTGCGCGTCATACCTTTG
NDB_507,CCCGATGTGTGTCGTACCGCGATTGTGATC,GATCACAATCGCGGTACGAC,GTCGTACCGCGATTGTGATC
NDB_508,ACGCTCGGGCATGTATGCGGGCTCATAATA,TATTATGAGCCCGCATACAT,ATGTATGCGGGCTCATAATA
NDB_509,GAGTTTACTATGCGCTCAGCGGAACTGCAT,ATGCAGTTCCGCTGAGCGCA,TGCGCTCAGCGGAACTGCAT
NDB_510,CGCTTGAAGATTCCGATTCATCCGGGTGTT,AACACCCGGATGAATCGGAA,TTCCGATTCATCCGGGTGTT
NDB_511,GCCGATCTTTAGCGGATTAATCGTACGACA,TGTCGTACGATTAATCCGCT,AGCGGATTAATCGTACGACA
NDB_512,ACTCTAAGGATATGGCTCGTCGACAGTTTC,GAAACTGTCGACGAGCCATA,TATGGCTCGTCGACAGTTTC
NDB_513,CGATTCCGAGGTTATCAACCGGATCGGCTT,AAGCCGATCCGGTTGATAAC,GTTATCAACCGGATCGGCTT
NDB_514,GCGGTCACGACTTAATCTCGATGGAGCATG,CATGCTCCATCGAGATTAAG,CTTAATCTCGATGGAGCATG
NDB_515,GAGTAGGGATATCAAGCGGCACCTATGACC,GGTCATAGGTGCCGCTTGAT,ATCAAGCGGCACCTATGACC
NDB_516,GAGCAATTATCATATCCGATGCCTGCTAGT,ACTAGCAGGCATCGGATATG,CATATCCGATGCCTGCTAGT
NDB_517,AGCAACGCAGACCTGGCGCTATAGGAAGTC,GACTTCCTATAGCGCCAGGT,ACCTGGCGCTATAGGAAGTC
NDB_518,GTGCAATAAGTACTGACGACGGTCACACGA,TCGTGTGACCGTCGTCAGTA,TACTGACGACGGTCACACGA
NDB_519,TCCGAGTGTATGGCTACGACCCTATTCAGG,CCTGAATAGGGTCGTAGCCA,TGGCTACGACCCTATTCAGG
NDB_520,CGCAATCGTACTTTAGGCGTGAATACGCAG,CTGCGTATTCACGCCTAAAG,CTTTAGGCGTGAATACGCAG
NDB_521,CAACTGGTTTATCACGTAGCGCTCATTACG,CGTAATGAGCGCTACGTGAT,ATCACGTAGCGCTCATTACG
NDB_522,TTAGTTACTCCACCGATAAGACGGCTTGGC,GCCAAGCCGTCTTATCGGTG,CACCGATAAGACGGCTTGGC
NDB_523,CGCCTTGACATTAGCGCGGTGCAGTTGTTT,AAACAACTGCACCGCGCTAA,TTAGCGCGGTGCAGTTGTTT
NDB_524,TATTAGCCGGCTTTCGATCTGACTTTAGTC,GACTAAAGTCAGATCGAAAG,CTTTCGATCTGACTTTAGTC
NDB_525,ACCTAGTATGGTGTTCTCCGCTCGGTTGTT,AACAACCGAGCGGAGAACAC,GTGTTCTCCGCTCGGTTGTT
NDB_526,CGCATAAGCGACTTGCTGGTCGTACAGTTT,AAACTGTACGACCAGCAAGT,ACTTGCTGGTCGTACAGTTT
NDB_527,CACTAGGGTTCAGGGCGACCTTCGCATTTA,TAAATGCGAAGGTCGCCCTG,CAGGGCGACCTTCGCATTTA
NDB_528,TCGGAAGAGACAACTCGCCGGTATGAGGTC,GACCTCATACCGGCGAGTTG,CAACTCGCCGGTATGAGGTC
NDB_529,GCCCAGGTAGCGTTTCCGACTGGGATAATC,GATTATCCCAGTCGGAAACG,CGTTTCCGACTGGGATAATC
NDB_530,TCTCTTTGGTCACGCGAACAGATGGAATGC,GCATTCCATCTGTTCGCGTG,CACGCGAACAGATGGAATGC
NDB_531,CCTGATAGGATTACCCGTCGCGAATCATGA,TCATGATTCGCGACGGGTAA,TTACCCGTCGCGAATCATGA
NDB_532,CTTCTACCGTGTTGGTGCGCTCTGGATATT,AATATCCAGAGCGCACCAAC,GTTGGTGCGCTCTGGATATT
NDB_533,TCCGTTAAACGTCGGCTGCGTACTGGTACA,TGTACCAGTACGCAGCCGAC,GTCGGCTGCGTACTGGTACA
NDB_534,CGAGTACGCCAGCTAAAGAACACGTACATG,CATGTACGTGTTCTTTAGCT,AGCTAAAGAACACGTACATG
NDB_535,GTCTAGGGTAATCGATATACAGTGCGCCCA,TGGGCGCACTGTATATCGAT,ATCGATATACAGTGCGCCCA
NDB_536,CACGATGCAATATCGAGTGAGGTGCACCGT,ACGGTGCACCTCACTCGATA,TATCGAGTGAGGTGCACCGT
NDB_537,GGCCTTTACGAATGGTGCCCGACGTGGAAT,ATTCCACGTCGGGCACCATT,AATGGTGCCCGACGTGGAAT
NDB_538,TCCATTTAGCGTGCGATAGATCCTCTCGGT,ACCGAGAGGATCTATCGCAC,GTGCGATAGATCCTCTCGGT
NDB_539,GTACAAGCCCTGTCGCTTGATTAGACGTGC,GCACGTCTAATCAAGCGACA,TGTCGCTTGATTAGACGTGC
NDB_540,CGATAGTCGGCGGGTCCGTTCTAGTACTAG,CTAGTACTAGAACGGACCCG,CGGGTCCGTTCTAGTACTAG
NDB_541,CGGCTGTGTTCGCGTAACTTCAGTGTTACG,CGTAACACTGAAGTTACGCG,CGCGTAACTTCAGTGTTACG
NDB_542,TGATTATCTGTGGGCGTTACCAACGCAACA,TGTTGCGTTGGTAACGCCCA,TGGGCGTTACCAACGCAACA
NDB_543,ATAGTCACCAACGAACGACGGGAACATATC,GATATGTTCCCGTCGTTCGT,ACGAACGACGGGAACATATC
NDB_544,TCCTTGATGTAACCGATAGGCGTCGTGACT,AGTCACGACGCCTATCGGTT,AACCGATAGGCGTCGTGACT
NDB_545,CGACTTGTTATATGCTAACGGCGGCGTCAT,ATGACGCCGCCGTTAGCATA,TATGCTAACGGCGGCGTCAT
NDB_546,ACTTAGTAGCTTCGACCGCTCTTTGAATGC,GCATTCAAAGAGCGGTCGAA,TTCGACCGCTCTTTGAATGC
NDB_547,ATGTTCCAATGTACTGCCGGCTACATGCTG,CAGCATGTAGCCGGCAGTAC,GTACTGCCGGCTACATGCTG
NDB_548,CGCTAATAGTCGGGTGTCGGCTACGTTTAC,GTAAACGTAGCCGACACCCG,CGGGTGTCGGCTACGTTTAC
NDB_549,TCGGTAGTGCCTTTACTACGCAATCTAACG,CGTTAGATTGCGTAGTAAAG,CTTTACTACGCAATCTAACG
NDB_550,CGCCAGATCTGGTTTCGCGATTGATAGGCG,CGCCTATCAATCGCGAAACC,GGTTTCGCGATTGATAGGCG
NDB_551,CCTAACCGATCCGGGTGGAATAGATGTAAC,GTTACATCTATTCCACCCGG,CCGGGTGGAATAGATGTAAC
NDB_552,CTTAACTCATGTGTAACCGTGATTCGGGCT,AGCCCGAATCACGGTTACAC,GTGTAACCGTGATTCGGGCT
NDB_553,TCTCACTAGGTGTTACGTGACCGCGGGAAT,ATTCCCGCGGTCACGTAACA,TGTTACGTGACCGCGGGAAT
NDB_554,GTACATCGTAATCAATCCTCGTTGGCGTTC,GAACGCCAACGAGGATTGAT,ATCAATCCTCGTTGGCGTTC
NDB_555,TTTCACTAGCATAGCGTCCCGAATGTCTAG,CTAGACATTCGGGACGCTAT,ATAGCGTCCCGAATGTCTAG
NDB_556,TAACACGAAGATCCATAGGCGACCTTTACT,AGTAAAGGTCGCCTATGGAT,ATCCATAGGCGACCTTTACT
NDB_557,CGGCAGAATCGCACGGTTTACTTTAATCCA,TGGATTAAAGTAAACCGTGC,GCACGGTTTACTTTAATCCA
NDB_558,TTCGTCTCAAGTATTCGGCGTTACTCGTGC,GCACGAGTAACGCCGAATAC,GTATTCGGCGTTACTCGTGC
NDB_559,TCGATTGGTGACAACGCGACATATGGAGCC,GGCTCCATATGTCGCGTTGT,ACAACGCGACATATGGAGCC
NDB_560,CCGGTAATGACCGGAGGATTCTCGGTTACA,TGTAACCGAGAATCCTCCGG,CCGGAGGATTCTCGGTTACA
NDB_561,ACTTAAGGTTCGTCACGCTCGTTCGAATGC,GCATTCGAACGAGCGTGACG,CGTCACGCTCGTTCGAATGC
NDB_562,CACCAAGTATAATGTACGTGGACTCGCATG,CATGCGAGTCCACGTACATT,AATGTACGTGGACTCGCATG
NDB_563,AACCTGACTAGATAGGTCCGCGAGATGCGT,ACGCATCTCGCGGACCTATC,GATAGGTCCGCGAGATGCGT
NDB_564,AGGTTGTAAAGGACGTCACCCTACGTGACT,AGTCACGTAGGGTGACGTCC,GGACGTCACCCTACGTGACT
NDB_565,TAAATGCCGGATTAAGATCGGTAGCCCTTC,GAAGGGCTACCGATCTTAAT,ATTAAGATCGGTAGCCCTTC
NDB_566,TTCCAACATGTAATCCGCGGGCGATTAGGA,TCCTAATCGCCCGCGGATTA,TAATCCGCGGGCGATTAGGA
NDB_567,AGTTACTGGTTTCCTCGCAGCACGAAACTA,TAGTTTCGTGCTGCGAGGAA,TTCCTCGCAGCACGAAACTA
NDB_568,TCTCAAGGTTACCGGTTGTCTATATCGTCT,AGACGATATAGACAACCGGT,ACCGGTTGTCTATATCGTCT
NDB_569,CCAATGCGTAATGGGTACGGTGACCGTAGC,GCTACGGTCACCGTACCCAT,ATGGGTACGGTGACCGTAGC
NDB_570,CCGATGGGTTATGTATCGAGGCCGTCTCAG,CTGAGACGGCCTCGATACAT,ATGTATCGAGGCCGTCTCAG
NDB_571,TCTTACTTCTCGCGGTTCACGGTATAAGCA,TGCTTATACCGTGAACCGCG,CGCGGTTCACGGTATAAGCA
NDB_572,ACCGAGATTCAGGTACGCTGGGCGTGTTCT,AGAACACGCCCAGCGTACCT,AGGTACGCTGGGCGTGTTCT
NDB_573,GATAATGTACGAACATTAGTCGACTCCACG,CGTGGAGTCGACTAATGTTC,GAACATTAGTCGACTCCACG
NDB_574,AGATAACGGGTACATTGGATCCACTTCCGA,TCGGAAGTGGATCCAATGTA,TACATTGGATCCACTTCCGA
NDB_575,TGTCAAGTAATATACCGCTCGGCTTCTCTT,AAGAGAAGCCGAGCGGTATA,TATACCGCTCGGCTTCTCTT
NDB_576,TTATACAATTGCGTTTCCCGTCATCGGCTG,CAGCCGATGACGGGAAACGC,GCGTTTCCCGTCATCGGCTG
NDB_577,CCAATTATCGAAGTCGGTCGTTCTGACATA,TATGTCAGAACGACCGACTT,AAGTCGGTCGTTCTGACATA
NDB_578,TGCCACATCTAGGCGATACATGAGAGGCGT,ACGCCTCTCATGTATCGCCT,AGGCGATACATGAGAGGCGT
NDB_579,ACTATTGAGCTGATAGCGCCGTTATGTTCC,GGAACATAACGGCGCTATCA,TGATAGCGCCGTTATGTTCC
NDB_580,CACAAGTCCGAAGCTAGTAAGAACGGTGAC,GTCACCGTTCTTACTAGCTT,AAGCTAGTAAGAACGGTGAC
NDB_581,ACCGAGTAACGTGTGATGACGGTGTACCCG,CGGGTACACCGTCATCACAC,GTGTGATGACGGTGTACCCG
NDB_582,AAACTGAGGTAAGGTCCGCCCATTGTCATT,AATGACAATGGGCGGACCTT,AAGGTCCGCCCATTGTCATT
NDB_583,TTCTAGGCGCTTCGTATGTAACTCTTCACG,CGTGAAGAGTTACATACGAA,TTCGTATGTAACTCTTCACG
NDB_584,TGCAATTATCCGTATGACCGTTGTTCCCGG,CCGGGAACAACGGTCATACG,CGTATGACCGTTGTTCCCGG
NDB_585,ACGCAGTACGATGACGTCCCATATTTGTAA,TTACAAATATGGGACGTCAT,ATGACGTCCCATATTTGTAA
NDB_586,TCGCTGTGAGCTAACGCGCTTTGAAGCACT,AGTGCTTCAAAGCGCGTTAG,CTAACGCGCTTTGAAGCACT
NDB_587,CGGGTTGACCCATCGCAAGCAATATATTGT,ACAATATATTGCTTGCGATG,CATCGCAAGCAATATATTGT
NDB_588,CACCATTTGTTCGGCGAGACGTGGCCAATT,AATTGGCCACGTCTCGCCGA,TCGGCGAGACGTGGCCAATT
NDB_589,TAGTTCGTTCGGTGTCCTTATGCTCGGACT,AGTCCGAGCATAAGGACACC,GGTGTCCTTATGCTCGGACT
NDB_590,AGGGTAACAAGCGTATCGCTGCCTACAGGC,GCCTGTAGGCAGCGATACGC,GCGTATCGCTGCCTACAGGC
NDB_591,TGTTTAAACTCCGAATAAGCGCTTCTTGCC,GGCAAGAAGCGCTTATTCGG,CCGAATAAGCGCTTCTTGCC
NDB_592,GTACAGCTTAGTTACGTTATCGGATTCTCC,GGAGAATCCGATAACGTAAC,GTTACGTTATCGGATTCTCC
NDB_593,CGCGTGTTAGCGCTAGACTACCTCATTGAG,CTCAATGAGGTAGTCTAGCG,CGCTAGACTACCTCATTGAG
NDB_594,CCAAAGAGGAGCGACCTCGTGCTTATGTTT,AAACATAAGCACGAGGTCGC,GCGACCTCGTGCTTATGTTT
NDB_595,CTAAAGTTGCGATCTAGGGTCCCTAACTAA,TTAGTTAGGGACCCTAGATC,GATCTAGGGTCCCTAACTAA
NDB_596,TACCACTAGCGAAGGTAGTGCTATCGTCTG,CAGACGATAGCACTACCTTC,GAAGGTAGTGCTATCGTCTG
NDB_597,ACCTAGGCAATGCATGCGCATCTTTCGATG,CATCGAAAGATGCGCATGCA,TGCATGCGCATCTTTCGATG
NDB_598,CGGTATCGCACTTCATAATCCGGACAGTTG,CAACTGTCCGGATTATGAAG,CTTCATAATCCGGACAGTTG
NDB_599,ACTCATATCCGGGTGGGACGCGCTATTATT,AATAATAGCGCGTCCCACCC,GGGTGGGACGCGCTATTATT
NDB_600,TCGGTACCAGATGAATCGCGTGTTATTCCT,AGGAATAACACGCGATTCAT,ATGAATCGCGTGTTATTCCT
NDB_601,ATTCAGGGTGATCGCTTGCATACTTACTTC,GAAGTAAGTATGCAAGCGAT,ATCGCTTGCATACTTACTTC
NDB_602,CATAACGAATGCGATCCTAACCGTAGGGAT,ATCCCTACGGTTAGGATCGC,GCGATCCTAACCGTAGGGAT
NDB_603,CCATTAGGTATCGATGCCGGTGTTTCCATT,AATGGAAACACCGGCATCGA,TCGATGCCGGTGTTTCCATT
NDB_604,TCTCATGTATAGGGCCGAGCGACTATCCTA,TAGGATAGTCGCTCGGCCCT,AGGGCCGAGCGACTATCCTA
NDB_605,CGATAGCTAATGAGTAGCGCCACCCGGATT,AATCCGGGTGGCGCTACTCA,TGAGTAGCGCCACCCGGATT
NDB_606,GACTTGGGATACGTTGACCATGCCGCCTTA,TAAGGCGGCATGGTCAACGT,ACGTTGACCATGCCGCCTTA
NDB_607,CTGCACGAAGTTTACGCTTATCAGATCGTT,AACGATCTGATAAGCGTAAA,TTTACGCTTATCAGATCGTT
NDB_608,TAATTATTCCAAACGACTCGTGGCTAGCCA,TGGCTAGCCACGAGTCGTTT,AAACGACTCGTGGCTAGCCA
NDB_609,AACGATATTGTGCATCAGGCCGTCGAAGCC,GGCTTCGACGGCCTGATGCA,TGCATCAGGCCGTCGAAGCC
NDB_610,CAGATTTGGTATACCCGGACCCGTATATCT,AGATATACGGGTCCGGGTAT,ATACCCGGACCCGTATATCT
NDB_611,AGGTTGGGTGCGACATAGACGACCAGACTC,GAGTCTGGTCGTCTATGTCG,CGACATAGACGACCAGACTC
NDB_612,CTTCTTTCCGAATGTGGCCCGTAGTTTGTG,CACAAACTACGGGCCACATT,AATGTGGCCCGTAGTTTGTG
NDB_613,TCATAGACGTGGTCACAACGCATTTACACT,AGTGTAAATGCGTTGTGACC,GGTCACAACGCATTTACACT
NDB_614,CATGACTACGCATCCAAGTTAAGCGCTTAT,ATAAGCGCTTAACTTGGATG,CATCCAAGTTAAGCGCTTAT
NDB_615,AGGCAGATATACGGCGCGTCACATAGCTAG,CTAGCTATGTGACGCGCCGT,ACGGCGCGTCACATAGCTAG
NDB_616,TTAGACTAATGCACGTATGTCCCGTCCATT,AATGGACGGGACATACGTGC,GCACGTATGTCCCGTCCATT
NDB_617,CGAATTGTCAAGCCTCGCAAATGCATGTAT,ATACATGCATTTGCGAGGCT,AGCCTCGCAAATGCATGTAT
NDB_618,TACTACGGTTGTAGGTCCGCTTACCGTATC,GATACGGTAAGCGGACCTAC,GTAGGTCCGCTTACCGTATC
NDB_619,TGTTTCAAACTCGGCCGCGTTCAACATGTG,CACATGTTGAACGCGGCCGA,TCGGCCGCGTTCAACATGTG
NDB_620,CATTAAACTCTAGTAGCAACGGACCGTTCT,AGAACGGTCCGTTGCTACTA,TAGTAGCAACGGACCGTTCT
NDB_621,CTAAAGGATCACCGTTCCCGTAATGTAAGA,TCTTACATTACGGGAACGGT,ACCGTTCCCGTAATGTAAGA
NDB_622,ACGCAATCGGCGGTTAATCGAAACGGGTCG,CGACCCGTTTCGATTAACCG,CGGTTAATCGAAACGGGTCG
NDB_623,AGACACGAGTAGATTCGTTGCCCACCTTAG,CTAAGGTGGGCAACGAATCT,AGATTCGTTGCCCACCTTAG
NDB_624,TTCCATTATCGAGTCTAAAGGCGGGCCTTT,AAAGGCCCGCCTTTAGACTC,GAGTCTAAAGGCGGGCCTTT
NDB_625,CTTCATGCTAACGTTCGGGTCTAGGTGTCA,TGACACCTAGACCCGAACGT,ACGTTCGGGTCTAGGTGTCA
NDB_626,CCGATCTATATCGTGTTTCGGGTGAACAAC,GTTGTTCACCCGAAACACGA,TCGTGTTTCGGGTGAACAAC
NDB_627,CCCGAATACTGCCTGATCGTAACGATGAGA,TCTCATCGTTACGATCAGGC,GCCTGATCGTAACGATGAGA
NDB_628,GCCGAGACGTATCCCGGTCATAGATAAATC,GATTTATCTATGACCGGGAT,ATCCCGGTCATAGATAAATC
NDB_629,ATGCAGACTGGGTAAGCGGTACGTCCTGTC,GACAGGACGTACCGCTTACC,GGTAAGCGGTACGTCCTGTC
NDB_630,AGGAATGTTGTATCGATACCGCTGCCCGAC,GTCGGGCAGCGGTATCGATA,TATCGATACCGCTGCCCGAC
NDB_631,GTTATTCGATATTTCCTACGCTGCATCGTG,CACGATGCAGCGTAGGAAAT,ATTTCCTACGCTGCATCGTG
NDB_632,ACCTTGCATTCTATTCGGGCTCGTAGTATT,AATACTACGAGCCCGAATAG,CTATTCGGGCTCGTAGTATT
NDB_633,CCCATGTTATCTATGTCCGATCGTACGAAG,CTTCGTACGATCGGACATAG,CTATGTCCGATCGTACGAAG
NDB_634,ACGCACTTCCGAGGCGGATTGAGATTCGGT,ACCGAATCTCAATCCGCCTC,GAGGCGGATTGAGATTCGGT
NDB_635,AGCCTGGGCTTATCGCGGTAACCTGTAAAG,CTTTACAGGTTACCGCGATA,TATCGCGGTAACCTGTAAAG
NDB_636,TGGGAGCGTTTATGACGGACCATCAGCACT,AGTGCTGATGGTCCGTCATA,TATGACGGACCATCAGCACT
NDB_637,GCTATGAAGCGGCGACCCGGTTCTTATTTA,TAAATAAGAACCGGGTCGCC,GGCGACCCGGTTCTTATTTA
NDB_638,TTCCTGACTGGGTCGTATCTATAGCGCGCG,CGCGCGCTATAGATACGACC,GGTCGTATCTATAGCGCGCG
NDB_639,AACCAAAGTGAATTGACCCTCTACGGTCGT,ACGACCGTAGAGGGTCAATT,AATTGACCCTCTACGGTCGT
NDB_640,CCATAGGGTTATCCGCGGTCATCGTTGTTA,TAACAACGATGACCGCGGAT,ATCCGCGGTCATCGTTGTTA
NDB_641,AATAACATAGCCCGGTATTCCACGAGAACT,AGTTCTCGTGGAATACCGGG,CCCGGTATTCCACGAGAACT
NDB_642,CTCGTTTGGTCATAGCGTGCGCATGCACTT,AAGTGCATGCGCACGCTATG,CATAGCGTGCGCATGCACTT
NDB_643,GTATTGATCGCGAACGACCTGTTACCTTGC,GCAAGGTAACAGGTCGTTCG,CGAACGACCTGTTACCTTGC
NDB_644,ACCATGAGAGTTACGCGGAGCATCGACAGG,CCTGTCGATGCTCCGCGTAA,TTACGCGGAGCATCGACAGG
NDB_645,TCGTTGTCACGTTACGAACAGGTGGTACAC,GTGTACCACCTGTTCGTAAC,GTTACGAACAGGTGGTACAC
NDB_646,CGTCTCGATAAGTCATGCGCAGGATCGTGT,ACACGATCCTGCGCATGACT,AGTCATGCGCAGGATCGTGT
NDB_647,ACAAATCTGACTTGCCGCACGGGTTATTTG,CAAATAACCCGTGCGGCAAG,CTTGCCGCACGGGTTATTTG
NDB_648,GCGGTGTTTAGTACGTATATCCACTCTCGA,TCGAGAGTGGATATACGTAC,GTACGTATATCCACTCTCGA
NDB_649,TGACTCGAAGGTCGTCCTATCTTCACAAGA,TCTTGTGAAGATAGGACGAC,GTCGTCCTATCTTCACAAGA
NDB_650,GTACAGGGATTTAGTAACCGCGAGCACCGT,ACGGTGCTCGCGGTTACTAA,TTAGTAACCGCGAGCACCGT
NDB_651,CAGGTGCGCTTATGTCTACGATCGTGGCTG,CAGCCACGATCGTAGACATA,TATGTCTACGATCGTGGCTG
NDB_652,CCAGTAGTCATAGGCGCTTTAGTAGGTACC,GGTACCTACTAAAGCGCCTA,TAGGCGCTTTAGTAGGTACC
NDB_653,TGAGTTGTGTCGACAACCTTCATACGTGGC,GCCACGTATGAAGGTTGTCG,CGACAACCTTCATACGTGGC
NDB_654,CGGTAAGTTGATGATCCCGTACAGACCTAC,GTAGGTCTGTACGGGATCAT,ATGATCCCGTACAGACCTAC
NDB_655,GTAGTTCCAAATGACGCTCCCTAAGGTTTC,GAAACCTTAGGGAGCGTCAT,ATGACGCTCCCTAAGGTTTC
NDB_656,CGCTTACTTAGGCGGTCGATCGTGTATGCA,TGCATACACGATCGACCGCC,GGCGGTCGATCGTGTATGCA
NDB_657,TCCGTATCGTTGTGCCCGGAGATTATTGCT,AGCAATAATCTCCGGGCACA,TGTGCCCGGAGATTATTGCT
NDB_658,CGGCAGCATTGACGGGATTCCTCCTAGATA,TATCTAGGAGGAATCCCGTC,GACGGGATTCCTCCTAGATA
NDB_659,CCTATGTTGTCGTGGATGCCGCACGAGATA,TATCTCGTGCGGCATCCACG,CGTGGATGCCGCACGAGATA
NDB_660,TAGTACTAACGAACCGCATCAAACTGGTGT,ACACCAGTTTGATGCGGTTC,GAACCGCATCAAACTGGTGT
NDB_661,GAGATCTCCGAATTTCTCGCATGTCGTGTA,TACACGACATGCGAGAAATT,AATTTCTCGCATGTCGTGTA
NDB_662,GTGTTTAACTTACCCGGACCGTCTTTCATT,AATGAAAGACGGTCCGGGTA,TACCCGGACCGTCTTTCATT
NDB_663,TCAGTTAAGTTTGCTCCGGCCTGCGGAATA,TATTCCGCAGGCCGGAGCAA,TTGCTCCGGCCTGCGGAATA
NDB_664,TGGTTATCTGACGTGCCGTGACAAACTCGC,GCGAGTTTGTCACGGCACGT,ACGTGCCGTGACAAACTCGC
NDB_665,GGCGATTTAGCGTATCTCCTGATTCCGATT,AATCGGAATCAGGAGATACG,CGTATCTCCTGATTCCGATT
NDB_666,TTCCAGTATAGGTGTGGTCCTCGCGTGCAG,CTGCACGCGAGGACCACACC,GGTGTGGTCCTCGCGTGCAG
NDB_667,AACCTCGAAGGAGTCGGGTACACGAAGCAT,ATGCTTCGTGTACCCGACTC,GAGTCGGGTACACGAAGCAT
NDB_668,TCTCTGTCGGTCTAGAGCGAAGGTTACGCG,CGCGTAACCTTCGCTCTAGA,TCTAGAGCGAAGGTTACGCG
NDB_669,CCGCTGATTAGGCGGTCTGCAATATAGGCC,GGCCTATATTGCAGACCGCC,GGCGGTCTGCAATATAGGCC
NDB_670,CAGCTACATCTAGTGCACGTTATTGTTCGA,TCGAACAATAACGTGCACTA,TAGTGCACGTTATTGTTCGA
NDB_671,TATCTGCCTATGAGAGCGCTTATATCCAGG,CCTGGATATAAGCGCTCTCA,TGAGAGCGCTTATATCCAGG
NDB_672,TTTGATTTAACGCGCAATGCACGCCACTTG,CAAGTGGCGTGCATTGCGCG,CGCGCAATGCACGCCACTTG
NDB_673,AGCCATACGTGTCGAGAGGACCGGTTTCTG,CAGAAACCGGTCCTCTCGAC,GTCGAGAGGACCGGTTTCTG
NDB_674,AACCAAGTGGCCTGGACGGATTAGATATCC,GGATATCTAATCCGTCCAGG,CCTGGACGGATTAGATATCC
NDB_675,ACCGTTAGCTGCTGTCTCCGGATCGTGAGA,TCTCACGATCCGGAGACAGC,GCTGTCTCCGGATCGTGAGA
NDB_676,CCAATCAAGGTTTACGGTCAGGCATATACG,CGTATATGCCTGACCGTAAA,TTTACGGTCAGGCATATACG
NDB_677,GTCGAGTGCAATTCGAGATCCTCCGTATTC,GAATACGGAGGATCTCGAAT,ATTCGAGATCCTCCGTATTC
NDB_678,GATCTCAACACGTGGGTCGCGGCTATACTA,TAGTATAGCCGCGACCCACG,CGTGGGTCGCGGCTATACTA
NDB_679,CAGCTTCGTGTGTACGACGTTAATGACCAA,TTGGTCATTAACGTCGTACA,TGTACGACGTTAATGACCAA
NDB_680,CCTGAGTGGGCTTAACGTATTAGAATCCGC,GCGGATTCTAATACGTTAAG,CTTAACGTATTAGAATCCGC
NDB_681,CTCATAATCTCCTCAACGGGAGGTAGGTTC,GAACCTACCTCCCGTTGAGG,CCTCAACGGGAGGTAGGTTC
NDB_682,GCGATATCGTATACTTCGTCACAGCGTGGC,GCCACGCTGTGACGAAGTAT,ATACTTCGTCACAGCGTGGC
NDB_683,AGTAAAGTATACCGCGTCCGCAGAGCAAAC,GTTTGCTCTGCGGACGCGGT,ACCGCGTCCGCAGAGCAAAC
NDB_684,GGTATCCGGCTAGTTAACACGCACATATCT,AGATATGTGCGTGTTAACTA,TAGTTAACACGCACATATCT
NDB_685,ACCGTATTTCGCGTCCCGCAGGGTAATGAA,TTCATTACCCTGCGGGACGC,GCGTCCCGCAGGGTAATGAA
NDB_686,TCTCTACTTGAACGGGCGGAAATGCAGTTC,GAACTGCATTTCCGCCCGTT,AACGGGCGGAAATGCAGTTC
NDB_687,TCCATGGATACGCGATTTACACGGGATCAT,ATGATCCCGTGTAAATCGCG,CGCGATTTACACGGGATCAT
NDB_688,CAATACACCTGGGTTCGGCCCGGTAATATA,TATATTACCGGGCCGAACCC,GGGTTCGGCCCGGTAATATA
NDB_689,CAGCAGTAATACGGTTGGAGCGCCCTAGTA,TACTAGGGCGCTCCAACCGT,ACGGTTGGAGCGCCCTAGTA
NDB_690,CGATTGGTGCGAACGGCCTCATAAATCGGT,ACCGATTTATGAGGCCGTTC,GAACGGCCTCATAAATCGGT
NDB_691,GTTTAGTCTGCAATGCGCTAGGTTGACACC,GGTGTCAACCTAGCGCATTG,CAATGCGCTAGGTTGACACC
NDB_692,TTTATCAGCGTTCTGACACACCAGTCGATG,CATCGACTGGTGTGTCAGAA,TTCTGACACACCAGTCGATG
NDB_693,CAGTAGCTACATTGGCAAGCGTTGCCCTTT,AAAGGGCAACGCTTGCCAAT,ATTGGCAAGCGTTGCCCTTT
NDB_694,TGTAACTAACGGTATACTTAATCGCTGGCC,GGCCAGCGATTAAGTATACC,GGTATACTTAATCGCTGGCC
NDB_695,GTGCTAGTCAGACCGTTGCGCATGAACAGT,ACTGTTCATGCGCAACGGTC,GACCGTTGCGCATGAACAGT
NDB_696,ATAAAGTTGACAAGCCGCTTCCCGGATAGA,TCTATCCGGGAAGCGGCTTG,CAAGCCGCTTCCCGGATAGA
NDB_697,CTCCTGAACGAGCTATCTGTCGCAGTGTAG,CTACACTGCGACAGATAGCT,AGCTATCTGTCGCAGTGTAG
NDB_698,ACCTAGGGACGGTCTGTTACTATCGGTCAC,GTGACCGATAGTAACAGACC,GGTCTGTTACTATCGGTCAC
NDB_699,GTCGACTGTAATCGACCCTTTATAGCGTGT,ACACGCTATAAAGGGTCGAT,ATCGACCCTTTATAGCGTGT
NDB_700,ATGCATTGAAATTCCGTATCCGTCTCTGCG,CGCAGAGACGGATACGGAAT,ATTCCGTATCCGTCTCTGCG
NDB_701,ATTCTATGCTACTGCCGTGATATGACATGC,GCATGTCATATCACGGCAGT,ACTGCCGTGATATGACATGC
NDB_702,ACCGTGTTTCGCAATAGGGCGGCTACTTTG,CAAAGTAGCCGCCCTATTGC,GCAATAGGGCGGCTACTTTG
NDB_703,ATATAAGCCTAACGCGAGCCTTTACAAGAC,GTCTTGTAAAGGCTCGCGTT,AACGCGAGCCTTTACAAGAC
NDB_704,CCTGAGGACTGTAACCTCGACGTGTAGACA,TGTCTACACGTCGAGGTTAC,GTAACCTCGACGTGTAGACA
NDB_705,TACTTGATCAAGGCGTTTACCGTTCGTGCT,AGCACGAACGGTAAACGCCT,AGGCGTTTACCGTTCGTGCT
NDB_706,AGTCAGTGAACTATCGGCCTTAATACCGGT,ACCGGTATTAAGGCCGATAG,CTATCGGCCTTAATACCGGT
NDB_707,AGCGAGTGTATCCGCTAAGCGCGGCTGATA,TATCAGCCGCGCTTAGCGGA,TCCGCTAAGCGCGGCTGATA
NDB_708,CCTTTGTCATACGCTATGTTCGCCGTATTA,TAATACGGCGAACATAGCGT,ACGCTATGTTCGCCGTATTA
NDB_709,AAGGACACTTACGCATAGGCCTGCCGGTAG,CTACCGGCAGGCCTATGCGT,ACGCATAGGCCTGCCGGTAG
NDB_710,GTGGTAAACCTCAACTACTAAGCCGCGGTA,TACCGCGGCTTAGTAGTTGA,TCAACTACTAAGCCGCGGTA
NDB_711,CGATTAAGTCGACCCGACATATTACCGTGT,ACACGGTAATATGTCGGGTC,GACCCGACATATTACCGTGT
NDB_712,CCCGTAAAGGATAATGCTCCTTCGGCTATG,CATAGCCGAAGGAGCATTAT,ATAATGCTCCTTCGGCTATG
NDB_713,TACAAATACCGGTGGTTGTCACTTTCCGAA,TTCGGAAAGTGACAACCACC,GGTGGTTGTCACTTTCCGAA
NDB_714,CTTCAGTTGGAGCCGTAACTAGTCGGTACG,CGTACCGACTAGTTACGGCT,AGCCGTAACTAGTCGGTACG
NDB_715,TTGCTCTTATGCCGTCGTCACGTGCGAGTA,TACTCGCACGTGACGACGGC,GCCGTCGTCACGTGCGAGTA
NDB_716,GGATTAGCACGCTCGCCTTATTACCTGTTA,TAACAGGTAATAAGGCGAGC,GCTCGCCTTATTACCTGTTA
NDB_717,CGTTTGTCACAAATGCGCGTATATCGTCTC,GAGACGATATACGCGCATTT,AAATGCGCGTATATCGTCTC
NDB_718,CCGATAACGGCGTATTGCAGGATCCTTATG,CATAAGGATCCTGCAATACG,CGTATTGCAGGATCCTTATG
NDB_719,ATTAACTTACGGAGCTGCCTTCGAATAGCG,CGCTATTCGAAGGCAGCTCC,GGAGCTGCCTTCGAATAGCG
NDB_720,AATATGGCGTAGGTCTCGCGCCTCTAAATT,AATTTAGAGGCGCGAGACCT,AGGTCTCGCGCCTCTAAATT
NDB_721,CGTTAGTTAAGAGCTGACCGCAACGCTATC,GATAGCGTTGCGGTCAGCTC,GAGCTGACCGCAACGCTATC
NDB_722,TCCAAGACGTATGCGGACTAATTGCTGTCC,GGACAGCAATTAGTCCGCAT,ATGCGGACTAATTGCTGTCC
NDB_723,AACGACGCATTGATAGTAATTTCGCATGCC,GGCATGCGAAATTACTATCA,TGATAGTAATTTCGCATGCC
NDB_724,GGGCTTAGCGTATGTTGGCACGCAACTTGC,GCAAGTTGCGTGCCAACATA,TATGTTGGCACGCAACTTGC
NDB_725,GAGCTTATGACTACCACGGCATCGATTTAG,CTAAATCGATGCCGTGGTAG,CTACCACGGCATCGATTTAG
NDB_726,GTAATGAATCTTCCCGTCCGAATGTTACTC,GAGTAACATTCGGACGGGAA,TTCCCGTCCGAATGTTACTC
NDB_727,ATATTAACTAGCTACGTCCGCGGCCAATAG,CTATTGGCCGCGGACGTAGC,GCTACGTCCGCGGCCAATAG
NDB_728,GGGATGGTAGCCACACGCTTCGATGACTTA,TAAGTCATCGAAGCGTGTGG,CCACACGCTTCGATGACTTA
NDB_729,GTGGAGTCGTAATGGGCCATGACGCCTTCA,TGAAGGCGTCATGGCCCATT,AATGGGCCATGACGCCTTCA
NDB_730,CGCGTATCACGGAGTACAACGAGATCGTTA,TAACGATCTCGTTGTACTCC,GGAGTACAACGAGATCGTTA
NDB_731,GAGGTTTAACCACGCGATCTCGTGCGCTAG,CTAGCGCACGAGATCGCGTG,CACGCGATCTCGTGCGCTAG
NDB_732,CCTCTATGGCGGGTCTTTCGAGTTCTACTG,CAGTAGAACTCGAAAGACCC,GGGTCTTTCGAGTTCTACTG
NDB_733,GCTATTACAAGGACGTGCGTCTTACCGACA,TGTCGGTAAGACGCACGTCC,GGACGTGCGTCTTACCGACA
NDB_734,CTTCAGCGTTGGGTCGCACGTGTATTATCT,AGATAATACACGTGCGACCC,GGGTCGCACGTGTATTATCT
NDB_735,CCAGATGCGACGAGTGTCTCGATTGGGATC,GATCCCAATCGAGACACTCG,CGAGTGTCTCGATTGGGATC
NDB_736,CGCTTTGACGCTCACGGAATTCTAGGTAAA,TTTACCTAGAATTCCGTGAG,CTCACGGAATTCTAGGTAAA
NDB_737,GATTACGTAACACGCTAATCGATCGACCTG,CAGGTCGATCGATTAGCGTG,CACGCTAATCGATCGACCTG
NDB_738,ACTGTGCGAAATCAGGTTTACGCCCATGTC,GACATGGGCGTAAACCTGAT,ATCAGGTTTACGCCCATGTC
NDB_739,CCTTACCTGTATTATCGTTAGGACTCTGCG,CGCAGAGTCCTAACGATAAT,ATTATCGTTAGGACTCTGCG
NDB_740,CGGGTTGATAGTTACGCTACCCTGGCAAGG,CCTTGCCAGGGTAGCGTAAC,GTTACGCTACCCTGGCAAGG
NDB_741,CCAAATTCCGGTCCATGATACGAGGTGATA,TATCACCTCGTATCATGGAC,GTCCATGATACGAGGTGATA
NDB_742,CCAGTATTATCGCTGTTTCGCCAATCAAGT,ACTTGATTGGCGAAACAGCG,CGCTGTTTCGCCAATCAAGT
NDB_743,TTGTTCTATACGATCAAGGTGTGCCGCGTC,GACGCGGCACACCTTGATCG,CGATCAAGGTGTGCCGCGTC
NDB_744,CATCACGGTATTGACACGTTCGTCTGAGAT,ATCTCAGACGAACGTGTCAA,TTGACACGTTCGTCTGAGAT
NDB_745,AAGATGCACGTGTTGCGCCTAGAACACTAT,ATAGTGTTCTAGGCGCAACA,TGTTGCGCCTAGAACACTAT
NDB_746,ACGGTTACGGTGCTTATCAACTCGACAGCG,CGCTGTCGAGTTGATAAGCA,TGCTTATCAACTCGACAGCG
NDB_747,CCATATCCAGGTCTTCGAGGTGTATGCTCG,CGAGCATACACCTCGAAGAC,GTCTTCGAGGTGTATGCTCG
NDB_748,CCGTTTAGGTCTACGCCGTCTCGTGGTAAG,CTTACCACGAGACGGCGTAG,CTACGCCGTCTCGTGGTAAG
NDB_749,CGACATGCTGTATTCCGCATTAGGGTCTCT,AGAGACCCTAATGCGGAATA,TATTCCGCATTAGGGTCTCT
NDB_750,TAACAGAAACATGCGAACCGTCTCAAAGCA,TGCTTTGAGACGGTTCGCAT,ATGCGAACCGTCTCAAAGCA
NDB_751,CGCAATTACGTCCGGTTGCCAGGCATAAGT,ACTTATGCCTGGCAACCGGA,TCCGGTTGCCAGGCATAAGT
NDB_752,CAACACACTAATTTGCGTCCAGGGTGTATC,GATACACCCTGGACGCAAAT,ATTTGCGTCCAGGGTGTATC
NDB_753,GTGCACGAATAGACGTTTGCTTACACATGC,GCATGTGTAAGCAAACGTCT,AGACGTTTGCTTACACATGC
NDB_754,TCGCTACGGTTAATTCGATGTCGAAGCGTC,GACGCTTCGACATCGAATTA,TAATTCGATGTCGAAGCGTC
NDB_755,GCCTAAGACGTGCGACATGTTATGCTAGGC,GCCTAGCATAACATGTCGCA,TGCGACATGTTATGCTAGGC
NDB_756,AGTTTGTACATCCGCCGGAACAGGACAATC,GATTGTCCTGTTCCGGCGGA,TCCGCCGGAACAGGACAATC
NDB_757,GCCTATTTGGTCGCGTTACTCTAGATTCAT,ATGAATCTAGAGTAACGCGA,TCGCGTTACTCTAGATTCAT
NDB_758,CTTGAGTGTCGATGCCTCTTCGATAGATTC,GAATCTATCGAAGAGGCATC,GATGCCTCTTCGATAGATTC
NDB_759,TTCATCGAGATGACTGTCGTTGACTCTCGG,CCGAGAGTCAACGACAGTCA,TGACTGTCGTTGACTCTCGG
NDB_760,CCAATGTAACGTTAGATGGCCGCTCGGGTT,AACCCGAGCGGCCATCTAAC,GTTAGATGGCCGCTCGGGTT
NDB_761,TATTTCGTTGCACCACGGTCGGTCTTTAAA,TTTAAAGACCGACCGTGGTG,CACCACGGTCGGTCTTTAAA
NDB_762,CGCAACTTGTAAGGCGGTACGTGGTCCCAA,TTGGGACCACGTACCGCCTT,AAGGCGGTACGTGGTCCCAA
NDB_763,GTTCTCCTGTGAGTAACGGTCAAAGTCGCT,AGCGACTTTGACCGTTACTC,GAGTAACGGTCAAAGTCGCT
NDB_764,TGACTGCAATCGGTGCGAGGATCCTTACTA,TAGTAAGGATCCTCGCACCG,CGGTGCGAGGATCCTTACTA
NDB_765,ACCTAGACGTCAGGGAAGCGGCATAGTTAC,GTAACTATGCCGCTTCCCTG,CAGGGAAGCGGCATAGTTAC
NDB_766,GCCATAAAGGTGCAATCGTTCACCGTAGTT,AACTACGGTGAACGATTGCA,TGCAATCGTTCACCGTAGTT
NDB_767,TACCATGGATCTCGTTTCGATGCCAAGCGA,TCGCTTGGCATCGAAACGAG,CTCGTTTCGATGCCAAGCGA
NDB_768,GTTCAATACGCATATCGGTCGGCTAACACT,AGTGTTAGCCGACCGATATG,CATATCGGTCGGCTAACACT
NDB_769,CCGTTCAAAGTTTCGCGGTACCCATTTAAT,ATTAAATGGGTACCGCGAAA,TTTCGCGGTACCCATTTAAT
NDB_770,TGCCTATATCGGAGAGTATCGCGGGTCACG,CGTGACCCGCGATACTCTCC,GGAGAGTATCGCGGGTCACG
NDB_771,CCTATATGCCGTAGGTTAGCGATCGTATCG,CGATACGATCGCTAACCTAC,GTAGGTTAGCGATCGTATCG
NDB_772,AGTTTCGACTAGGCCACTACCGGGCTTTAG,CTAAAGCCCGGTAGTGGCCT,AGGCCACTACCGGGCTTTAG
NDB_773,CGACTTCTGGTCTGATTAGCTGCGCACGTT,AACGTGCGCAGCTAATCAGA,TCTGATTAGCTGCGCACGTT
NDB_774,CTCGATTGAATCAACCACGGGCGTTGTGAG,CTCACAACGCCCGTGGTTGA,TCAACCACGGGCGTTGTGAG
NDB_775,ACGCATGTAGTTGCACGCGGGTCGAGTAAC,GTTACTCGACCCGCGTGCAA,TTGCACGCGGGTCGAGTAAC
NDB_776,GCCCTTTGTCGTAGCTTCGCGTGAACGAAT,ATTCGTTCACGCGAAGCTAC,GTAGCTTCGCGTGAACGAAT
NDB_777,TAGCACCGTGCGGCGAATTTGCTTTCGTTA,TAACGAAAGCAAATTCGCCG,CGGCGAATTTGCTTTCGTTA
NDB_778,GACCTGACGAAATGATGCCTTGCGGTTCTT,AAGAACCGCAAGGCATCATT,AATGATGCCTTGCGGTTCTT
NDB_779,CGACAATTGATAAGTGCCCGGGTCCGTGAA,TTCACGGACCCGGGCACTTA,TAAGTGCCCGGGTCCGTGAA
NDB_780,TGCCTAGACGAAACGTAATGGCAGCTACGG,CCGTAGCTGCCATTACGTTT,AAACGTAATGGCAGCTACGG
NDB_781,CGTAAGCGTATGGGTCGGACCTTTATACTC,GAGTATAAAGGTCCGACCCA,TGGGTCGGACCTTTATACTC
NDB_782,TCCCAATGTGGACGCGAAGTCAATCACGGT,ACCGTGATTGACTTCGCGTC,GACGCGAAGTCAATCACGGT
NDB_783,ACCGATTGATATATGCCCGCGCAAGGTTGG,CCAACCTTGCGCGGGCATAT,ATATGCCCGCGCAAGGTTGG
NDB_784,AACCACGGGCTAGAAATATCCGAGTGGCAT,ATGCCACTCGGATATTTCTA,TAGAAATATCCGAGTGGCAT
NDB_785,CGTTTATGCCAAATCGGATGATCCGACCTA,TAGGTCGGATCATCCGATTT,AAATCGGATGATCCGACCTA
NDB_786,CACGACTGTTAGGTAAGTCATCCGGCGTAA,TTACGCCGGATGACTTACCT,AGGTAAGTCATCCGGCGTAA
NDB_787,GCGTTTGCGTATGGCCAATCTACCGGAGAA,TTCTCCGGTAGATTGGCCAT,ATGGCCAATCTACCGGAGAA
NDB_788,GACTTCCGTCGGTAATCGATTAGATTCTCC,GGAGAATCTAATCGATTACC,GGTAATCGATTAGATTCTCC
NDB_789,CGCTTCTGTGTAATGTACGGTCTCCGTGTC,GACACGGAGACCGTACATTA,TAATGTACGGTCTCCGTGTC
NDB_790,CACGTAGCTCGGTGTCGGTTAAATATTCCT,AGGAATATTTAACCGACACC,GGTGTCGGTTAAATATTCCT
NDB_791,TTCTTCGAGTCGCAGGTCGAGACTTCTCAT,ATGAGAAGTCTCGACCTGCG,CGCAGGTCGAGACTTCTCAT
NDB_792,AGGGAGTTTAACCGGACTAGAACGCCTCTT,AAGAGGCGTTCTAGTCCGGT,ACCGGACTAGAACGCCTCTT
NDB_793,ACGCTAGTTCTTCAGTTCGTTGTCGCGAGA,TCTCGCGACAACGAACTGAA,TTCAGTTCGTTGTCGCGAGA
NDB_794,CGACAATTAGATCATAGCGGCGGGCTTGTC,GACAAGCCCGCCGCTATGAT,ATCATAGCGGCGGGCTTGTC
NDB_795,CCCAAGTGTAGGGCGTCTGTTACACGTTTG,CAAACGTGTAACAGACGCCC,GGGCGTCTGTTACACGTTTG
NDB_796,TAGGTACTACTATGCATTCCCGCACGTTTG,CAAACGTGCGGGAATGCATA,TATGCATTCCCGCACGTTTG
NDB_797,TTGTACAATCACTACACGTGCGGCAACGTG,CACGTTGCCGCACGTGTAGT,ACTACACGTGCGGCAACGTG
NDB_798,TCTCAAGGGCATTACGGCCTTAACGGAACG,CGTTCCGTTAAGGCCGTAAT,ATTACGGCCTTAACGGAACG
NDB_799,GTCAATGGTATTCTAGCGGTCGCGCAACAG,CTGTTGCGCGACCGCTAGAA,TTCTAGCGGTCGCGCAACAG
NDB_800,TTTGTCTTACACTCGTCTGCGAGACGTGAC,GTCACGTCTCGCAGACGAGT,ACTCGTCTGCGAGACGTGAC
NDB_801,GCAATAACAGGTCGGTGTCCACGATCATTG,CAATGATCGTGGACACCGAC,GTCGGTGTCCACGATCATTG
NDB_802,ATAATTAATCGACCTAAGTCACGCCCGTGG,CCACGGGCGTGACTTAGGTC,GACCTAAGTCACGCCCGTGG
NDB_803,CCAAATGCGGTAGTCGGATTAAGTCACGCA,TGCGTGACTTAATCCGACTA,TAGTCGGATTAAGTCACGCA
NDB_804,GACCTGTAGGATATCGGCTTGTGCCAGCGT,ACGCTGGCACAAGCCGATAT,ATATCGGCTTGTGCCAGCGT
NDB_805,TCCTATGCGTAGTTCGGGCTTGCCAATACT,AGTATTGGCAAGCCCGAACT,AGTTCGGGCTTGCCAATACT
NDB_806,AGACTTACAGGCTATACGCTATCTATCCAG,CTGGATAGATAGCGTATAGC,GCTATACGCTATCTATCCAG
NDB_807,GGTAAACTACCGGTATGCTGCTTCGTGAAC,GTTCACGAAGCAGCATACCG,CGGTATGCTGCTTCGTGAAC
NDB_808,TGCGTTATCACTAGAGGTCGCGGGCTCAGT,ACTGAGCCCGCGACCTCTAG,CTAGAGGTCGCGGGCTCAGT
NDB_809,ACGCTCGATGTCATTAGTTTCCGCGTTTAA,TTAAACGCGGAAACTAATGA,TCATTAGTTTCCGCGTTTAA
NDB_810,ATAGTGATCTTGCACGGGTTGCTATCCCTG,CAGGGATAGCAACCCGTGCA,TGCACGGGTTGCTATCCCTG
NDB_811,TAAGTTCGATTTGATTCCGCATGGCGCCTT,AAGGCGCCATGCGGAATCAA,TTGATTCCGCATGGCGCCTT
NDB_812,CTCTAGGTAGGGATCCGTATAACGTACGTC,GACGTACGTTATACGGATCC,GGATCCGTATAACGTACGTC
NDB_813,CCTGATAGTATCGGGTACTGATGGCCGTAC,GTACGGCCATCAGTACCCGA,TCGGGTACTGATGGCCGTAC
NDB_814,CCCGATGCACGTTATGTCGTAAACTTTGGC,GCCAAAGTTTACGACATAAC,GTTATGTCGTAAACTTTGGC
NDB_815,ATACTAAATGTTGCACGCAGCGATTGACGC,GCGTCAATCGCTGCGTGCAA,TTGCACGCAGCGATTGACGC
NDB_816,ACCTTGAGCGTGCGTCTCGGTCGATCATTT,AAATGATCGACCGAGACGCA,TGCGTCTCGGTCGATCATTT
NDB_817,CGCGAAGATCGAACTCGTTGACTAAGCATT,AATGCTTAGTCAACGAGTTC,GAACTCGTTGACTAAGCATT
NDB_818,TGGGTTACTGGGTCGTCTATACCAACCTTA,TAAGGTTGGTATAGACGACC,GGTCGTCTATACCAACCTTA
NDB_819,TCGTAGAAGGGCTCGCGCTATTGCTAAACG,CGTTTAGCAATAGCGCGAGC,GCTCGCGCTATTGCTAAACG
NDB_820,CAAGAATCAGGCGGGTACGACATACACTTC,GAAGTGTATGTCGTACCCGC,GCGGGTACGACATACACTTC
NDB_821,CTGCAGTGCGCTGTTGGTTAGCTACGTTCA,TGAACGTAGCTAACCAACAG,CTGTTGGTTAGCTACGTTCA
NDB_822,GTCTTGTTGTCCTTATACCGTTCACGTAGC,GCTACGTGAACGGTATAAGG,CCTTATACCGTTCACGTAGC
NDB_823,CACTATACTTATCTGGTCCGGCGAGGTGTG,CACACCTCGCCGGACCAGAT,ATCTGGTCCGGCGAGGTGTG
NDB_824,CAGTTCGATTGACACGACTATTGTTTACGC,GCGTAAACAATAGTCGTGTC,GACACGACTATTGTTTACGC
NDB_825,CTTCTTGTCTGCGAAGGTTAGCCTCGAAGC,GCTTCGAGGCTAACCTTCGC,GCGAAGGTTAGCCTCGAAGC
NDB_826,GCCGTTTCGTATATGTCGATGTCCTTAGAC,GTCTAAGGACATCGACATAT,ATATGTCGATGTCCTTAGAC
NDB_827,CCTAACGATGGTGGCGGTCCACAGAATTTG,CAAATTCTGTGGACCGCCAC,GTGGCGGTCCACAGAATTTG
NDB_828,TGCATCTACTTAATACGGTGGGTCTCCGAT,ATCGGAGACCCACCGTATTA,TAATACGGTGGGTCTCCGAT
NDB_829,TCATATGGTTAACGATCTCCTAGTGCGCGA,TCGCGCACTAGGAGATCGTT,AACGATCTCCTAGTGCGCGA
NDB_830,CTCCAGATTAAGACGAGCCCATATTACGTA,TACGTAATATGGGCTCGTCT,AGACGAGCCCATATTACGTA
NDB_831,CCAGACATAGAGAGCGGTGCGTACGCTAAG,CTTAGCGTACGCACCGCTCT,AGAGCGGTGCGTACGCTAAG
NDB_832,CCATACACGAGTTATTTGATCGAGACGCTG,CAGCGTCTCGATCAAATAAC,GTTATTTGATCGAGACGCTG
NDB_833,CTACATCGACAGGTTCGTGCTAGCGAGATT,AATCTCGCTAGCACGAACCT,AGGTTCGTGCTAGCGAGATT
NDB_834,CGGATGTGTTATACGGGCCTACCGTGGTCT,AGACCACGGTAGGCCCGTAT,ATACGGGCCTACCGTGGTCT
NDB_835,CACTTGTAGGTCAACTCGAACGTATGCCTA,TAGGCATACGTTCGAGTTGA,TCAACTCGAACGTATGCCTA
NDB_836,AACTATGATCGGCTATCCTCAGCGACATTT,AAATGTCGCTGAGGATAGCC,GGCTATCCTCAGCGACATTT
NDB_837,CGGCAGCTATTGTTTCGTCTCTCGCGAGGA,TCCTCGCGAGAGACGAAACA,TGTTTCGTCTCTCGCGAGGA
NDB_838,GTGAACGCTAGTATTAGGCACTCATCCGAC,GTCGGATGAGTGCCTAATAC,GTATTAGGCACTCATCCGAC
NDB_839,GGATAGAGCCTGATCTCGCACGCATATATC,GATATATGCGTGCGAGATCA,TGATCTCGCACGCATATATC
NDB_840,GATAAATTCGTAAACCGGTCCGTGACAACA,TGTTGTCACGGACCGGTTTA,TAAACCGGTCCGTGACAACA
NDB_841,TAACTCGATGAGGTGCATCAGCCCGCTAAT,ATTAGCGGGCTGATGCACCT,AGGTGCATCAGCCCGCTAAT
NDB_842,TCCGATCTCGTTTGGACTTGTGACGCTGTC,GACAGCGTCACAAGTCCAAA,TTTGGACTTGTGACGCTGTC
NDB_843,CCTTAGCTATACGGAACGTTAGAGACCCGT,ACGGGTCTCTAACGTTCCGT,ACGGAACGTTAGAGACCCGT
NDB_844,ACGTAAAGCACGTCTGGATCGTCTATCAAT,ATTGATAGACGATCCAGACG,CGTCTGGATCGTCTATCAAT
NDB_845,GGGCAAACTCGTATGCGGTCCCTTATGTAT,ATACATAAGGGACCGCATAC,GTATGCGGTCCCTTATGTAT
NDB_846,GATCAGCTTGTATCAGACCGACTAATAGCC,GGCTATTAGTCGGTCTGATA,TATCAGACCGACTAATAGCC
NDB_847,AGCCTGTCTGGGTCACGTACGAGACATTGG,CCAATGTCTCGTACGTGACC,GGTCACGTACGAGACATTGG
NDB_848,ACGCTGTATTTCCCGGAGCTATATGGTCCG,CGGACCATATAGCTCCGGGA,TCCCGGAGCTATATGGTCCG
NDB_849,CAGGTTATCCATGCACAGTCGAATGCTTCG,CGAAGCATTCGACTGTGCAT,ATGCACAGTCGAATGCTTCG
NDB_850,ATACACTATTCAATGGTCGGCCACATGTGT,ACACATGTGGCCGACCATTG,CAATGGTCGGCCACATGTGT
NDB_851,TCCATATGCTCGTATCAGTAGTATACGCTC,GAGCGTATACTACTGATACG,CGTATCAGTAGTATACGCTC
NDB_852,ATGCAGGCCGATTTGAACCAACCTAGCGAT,ATCGCTAGGTTGGTTCAAAT,ATTTGAACCAACCTAGCGAT
NDB_853,ACTCTCGAGTATATCGGTCTAGTGGATACC,GGTATCCACTAGACCGATAT,ATATCGGTCTAGTGGATACC
NDB_854,CCATAAACGTGTAATGAGATCCGCCTCGAT,ATCGAGGCGGATCTCATTAC,GTAATGAGATCCGCCTCGAT
NDB_855,GCGGTGTATATAGTTCGCAACTGCTTACCA,TGGTAAGCAGTTGCGAACTA,TAGTTCGCAACTGCTTACCA
NDB_856,GCGATGTGTCGCTCGCAATCCTAATGTATA,TATACATTAGGATTGCGAGC,GCTCGCAATCCTAATGTATA
NDB_857,CTCATTAGTTCGTGGGTTGCCGCAGTGTTC,GAACACTGCGGCAACCCACG,CGTGGGTTGCCGCAGTGTTC
NDB_858,CTCGTTGAGATGAGGATCCCGGCTACTATA,TATAGTAGCCGGGATCCTCA,TGAGGATCCCGGCTACTATA
NDB_859,TGCCAATCGAGCGGATTATCCTGTCTAGCA,TGCTAGACAGGATAATCCGC,GCGGATTATCCTGTCTAGCA
NDB_860,ATCTATTAGGTTCGTAACCGGCGTCGTCTA,TAGACGACGCCGGTTACGAA,TTCGTAACCGGCGTCGTCTA
NDB_861,CCAGAAGTGTAAGCGCGCCTCGATGTTAGA,TCTAACATCGAGGCGCGCTT,AAGCGCGCCTCGATGTTAGA
NDB_862,CTTGAAGTAGTCACGGCCGTACCTACTGTT,AACAGTAGGTACGGCCGTGA,TCACGGCCGTACCTACTGTT
NDB_863,CGTCAAGGCGTGCTCGCACAGGATTCTTAA,TTAAGAATCCTGTGCGAGCA,TGCTCGCACAGGATTCTTAA
NDB_864,TCTATACCATGTACGTCACAAATGTCCGAG,CTCGGACATTTGTGACGTAC,GTACGTCACAAATGTCCGAG
NDB_865,TCCGTGACGAGATCCCGGTCGGATATGTGA,TCACATATCCGACCGGGATC,GATCCCGGTCGGATATGTGA
NDB_866,CCGTTCGTTAAGTACATCGCTTGCTGCAAA,TTTGCAGCAAGCGATGTACT,AGTACATCGCTTGCTGCAAA
NDB_867,AGTAAATCTGCCTAGCGACGATGGCATCTC,GAGATGCCATCGTCGCTAGG,CCTAGCGACGATGGCATCTC
NDB_868,AAAGACTAGTGTAAGCTGCAATCCACCCGT,ACGGGTGGATTGCAGCTTAC,GTAAGCTGCAATCCACCCGT
NDB_869,ACGCAGATGAGTATCGCGCACTTGTATTCG,CGAATACAAGTGCGCGATAC,GTATCGCGCACTTGTATTCG
NDB_870,GCAAATCGCTACGACCGCCGAGATATTAAG,CTTAATATCTCGGCGGTCGT,ACGACCGCCGAGATATTAAG
NDB_871,CCGTTCTTATTGATGACGCTGAGGGCCGAT,ATCGGCCCTCAGCGTCATCA,TGATGACGCTGAGGGCCGAT
NDB_872,TCAGAGCGAATTAGCGGCTTATTCCTCTAC,GTAGAGGAATAAGCCGCTAA,TTAGCGGCTTATTCCTCTAC
NDB_873,ACGATGATACGACTATCTCTCGTTCATAGC,GCTATGAACGAGAGATAGTC,GACTATCTCTCGTTCATAGC
NDB_874,CTCATAACGAGGGTAGGACGCAGACTCATG,CATGAGTCTGCGTCCTACCC,GGGTAGGACGCAGACTCATG
NDB_875,ACTCAACTTGATGTTCGGCAATAAGCGCGT,ACGCGCTTATTGCCGAACAT,ATGTTCGGCAATAAGCGCGT
NDB_876,ACCGAATAATACGCAACATTCTCGCGTTGG,CCAACGCGAGAATGTTGCGT,ACGCAACATTCTCGCGTTGG
NDB_877,CCAAACGTCGAATGTCAGGATTCCGGGAAA,TTTCCCGGAATCCTGACATT,AATGTCAGGATTCCGGGAAA
NDB_878,CGCTACTTACCTGAGCGCAGTTCGATGTTA,TAACATCGAACTGCGCTCAG,CTGAGCGCAGTTCGATGTTA
NDB_879,ATTAATTAAACGACTGCGGGATACCCGTCT,AGACGGGTATCCCGCAGTCG,CGACTGCGGGATACCCGTCT
NDB_880,TAATAGACCGCTAGGCCTAGTATACTTCTC,GAGAAGTATACTAGGCCTAG,CTAGGCCTAGTATACTTCTC
NDB_881,CTCAAGGACTGGTTGCCGATACCTTTCTTG,CAAGAAAGGTATCGGCAACC,GGTTGCCGATACCTTTCTTG
NDB_882,GTCAAGGCGATTGATACCACCGTCTGGGAT,ATCCCAGACGGTGGTATCAA,TTGATACCACCGTCTGGGAT
NDB_883,GTAAACTGAGCCGCCTCGGTTACTTAGCTT,AAGCTAAGTAACCGAGGCGG,CCGCCTCGGTTACTTAGCTT
NDB_884,AATGAACACGATGGGACGCTATCACTACTT,AAGTAGTGATAGCGTCCCAT,ATGGGACGCTATCACTACTT
NDB_885,ACAGATGTGCTTACGATGGCGAGCCCTTAG,CTAAGGGCTCGCCATCGTAA,TTACGATGGCGAGCCCTTAG
NDB_886,CTTTAGTTCCTGTCTCGGACGTTAGTGACC,GGTCACTAACGTCCGAGACA,TGTCTCGGACGTTAGTGACC
NDB_887,GAACTAATTAGGTATCTCGACGGCGTGCAC,GTGCACGCCGTCGAGATACC,GGTATCTCGACGGCGTGCAC
NDB_888,GCTCAATCAGTTCGATCCCTCGGGTTAGTG,CACTAACCCGAGGGATCGAA,TTCGATCCCTCGGGTTAGTG
NDB_889,GTGAAAGAATACCGGTTCACCCTCGTGAGA,TCTCACGAGGGTGAACCGGT,ACCGGTTCACCCTCGTGAGA
NDB_890,CGAGATAGTCTAGGGCGTACGGCTCCGTTT,AAACGGAGCCGTACGCCCTA,TAGGGCGTACGGCTCCGTTT
NDB_891,GACATCGGGCATCAATATCTCGATTAAGTC,GACTTAATCGAGATATTGAT,ATCAATATCTCGATTAAGTC
NDB_892,GCGTAAGCGTTCGTTCAATACCGGATTGGC,GCCAATCCGGTATTGAACGA,TCGTTCAATACCGGATTGGC
NDB_893,CGCATTCTTGTTAAAGCGTTGGCGCCCTAG,CTAGGGCGCCAACGCTTTAA,TTAAAGCGTTGGCGCCCTAG
NDB_894,GAACAGTAGACGTAGTGCAACCCAGCATTT,AAATGCTGGGTTGCACTACG,CGTAGTGCAACCCAGCATTT
NDB_895,CACAACTACCTGACGAACTATAAGGCAGAA,TTCTGCCTTATAGTTCGTCA,TGACGAACTATAAGGCAGAA
NDB_896,AGCTATTAGGATCGAGCCCTCGGTAGTCCT,AGGACTACCGAGGGCTCGAT,ATCGAGCCCTCGGTAGTCCT
NDB_897,CCGCTGAGATCGCTTCGTTCGTGATCGAAT,ATTCGATCACGAACGAAGCG,CGCTTCGTTCGTGATCGAAT
NDB_898,AATATCGAAGATTAGTCCCACCGGAATTGC,GCAATTCCGGTGGGACTAAT,ATTAGTCCCACCGGAATTGC
NDB_899,TATATAGGTCAAGATGCGTCTTTCGCCTCG,CGAGGCGAAAGACGCATCTT,AAGATGCGTCTTTCGCCTCG
NDB_900,TATGACGGCTCCGAAATCGGCAACCTTAGT,ACTAAGGTTGCCGATTTCGG,CCGAAATCGGCAACCTTAGT
NDB_901,CACATATGTCGACAATCGCTGATCAGACGT,ACGTCTGATCAGCGATTGTC,GACAATCGCTGATCAGACGT
NDB_902,TTATACGTAAGCCCTTATGTCAACGAGCCG,CGGCTCGTTGACATAAGGGC,GCCCTTATGTCAACGAGCCG
NDB_903,TATAACGCGGGAGCACATTCTAATAGCGAC,GTCGCTATTAGAATGTGCTC,GAGCACATTCTAATAGCGAC
NDB_904,CACATGACGCCAAACTTGCGAATAGGCGAT,ATCGCCTATTCGCAAGTTTG,CAAACTTGCGAATAGGCGAT
NDB_905,TCCCAAGTATAAGGGCGATGTAACGGCGCA,TGCGCCGTTACATCGCCCTT,AAGGGCGATGTAACGGCGCA
NDB_906,CTCCAGATTATGCCCGGAATGGCCAATAAT,ATTATTGGCCATTCCGGGCA,TGCCCGGAATGGCCAATAAT
NDB_907,TTCCTTCGTGAATGCGATCTGCGTGCTTAT,ATAAGCACGCAGATCGCATT,AATGCGATCTGCGTGCTTAT
NDB_908,AGCGTGCGCCGTTATTGTCCTCGGACTAGA,TCTAGTCCGAGGACAATAAC,GTTATTGTCCTCGGACTAGA
NDB_909,ACTCAAGTCCGAGAGCCGGGTGTACTAGTG,CACTAGTACACCCGGCTCTC,GAGAGCCGGGTGTACTAGTG
NDB_910,GATCTGTTTAGCGCTCCGGAGTTCACCAGT,ACTGGTGAACTCCGGAGCGC,GCGCTCCGGAGTTCACCAGT
NDB_911,GCAGTTGCCTATTCCGAAGCCTGTAATTAA,TTAATTACAGGCTTCGGAAT,ATTCCGAAGCCTGTAATTAA
NDB_912,GTATTAACATAGCGTGACAGCCATCCGGTG,CACCGGATGGCTGTCACGCT,AGCGTGACAGCCATCCGGTG
NDB_913,GTCCTTCGTACATATATTTCGCGTTATCGC,GCGATAACGCGAAATATATG,CATATATTTCGCGTTATCGC
NDB_914,ACGAAACGGATCGAAGTTCGCGCCCAATAG,CTATTGGGCGCGAACTTCGA,TCGAAGTTCGCGCCCAATAG
NDB_915,GGACATGCGGTCGTATCTGGCGACTACTAC,GTAGTAGTCGCCAGATACGA,TCGTATCTGGCGACTACTAC
NDB_916,AAGCTGGATTGCTTCGGCTTGACGTTGCAC,GTGCAACGTCAAGCCGAAGC,GCTTCGGCTTGACGTTGCAC
NDB_917,CAGTATCATGGTCGTCCGCAGTAATTTGTC,GACAAATTACTGCGGACGAC,GTCGTCCGCAGTAATTTGTC
NDB_918,CCAGATGTCTCACGGATCAATTATTCGCAG,CTGCGAATAATTGATCCGTG,CACGGATCAATTATTCGCAG
NDB_919,GGCCAATTGTGGGCGTCCGCTTATGCTTCT,AGAAGCATAAGCGGACGCCC,GGGCGTCCGCTTATGCTTCT
NDB_920,TTCGTTTCTAGGTGCGGTAATCTGTCCATC,GATGGACAGATTACCGCACC,GGTGCGGTAATCTGTCCATC
NDB_921,AGGGACCGTAGTCAATCGGCTTTCCGCATT,AATGCGGAAAGCCGATTGAC,GTCAATCGGCTTTCCGCATT
NDB_922,CACGACTTTGTCGGTTATGCGCGTGTATTC,GAATACACGCGCATAACCGA,TCGGTTATGCGCGTGTATTC
NDB_923,CGTGACCTATTATGCCGCCGAAAGGTAATG,CATTACCTTTCGGCGGCATA,TATGCCGCCGAAAGGTAATG
NDB_924,TCCGTGGGTGATTGTTCGGATTACCGTCCC,GGGACGGTAATCCGAACAAT,ATTGTTCGGATTACCGTCCC
NDB_925,GTGAACTGGTACCGACCAGAGCGATCACTG,CAGTGATCGCTCTGGTCGGT,ACCGACCAGAGCGATCACTG
NDB_926,TACGTAGATTGCTGCGACGACTCAACGCTT,AAGCGTTGAGTCGTCGCAGC,GCTGCGACGACTCAACGCTT
NDB_927,CTAAACGGGAACATGGCCGCTACGTTAGAT,ATCTAACGTAGCGGCCATGT,ACATGGCCGCTACGTTAGAT
NDB_928,TCCTAGGGACTATCAATTCGGCACGAGGGT,ACCCTCGTGCCGAATTGATA,TATCAATTCGGCACGAGGGT
NDB_929,CGCCTTAGGTCATGCGATCATTGATCCAGG,CCTGGATCAATGATCGCATG,CATGCGATCATTGATCCAGG
NDB_930,GAGTAATCAAGCACGACCGCGGTCCTTTAT,ATAAAGGACCGCGGTCGTGC,GCACGACCGCGGTCCTTTAT
NDB_931,GGTTAAATACTGCGTAGGGCTCAGCGATCC,GGATCGCTGAGCCCTACGCA,TGCGTAGGGCTCAGCGATCC
NDB_932,TCCCAGTCATATAACCGAGCGTAGGATATA,TATATCCTACGCTCGGTTAT,ATAACCGAGCGTAGGATATA
NDB_933,CCACTGGCGATGAAACTCGTGTGGAGCTGT,ACAGCTCCACACGAGTTTCA,TGAAACTCGTGTGGAGCTGT
NDB_934,CCCGTGAGTATTCGCGCGCATTTGGGAAGT,ACTTCCCAAATGCGCGCGAA,TTCGCGCGCATTTGGGAAGT
NDB_935,ACCTACGTAAGACCTGGTTCGTGGATGCGA,TCGCATCCACGAACCAGGTC,GACCTGGTTCGTGGATGCGA
NDB_936,GCAAAGTCTTGTGGTACCGTGGAACGCAAC,GTTGCGTTCCACGGTACCAC,GTGGTACCGTGGAACGCAAC
NDB_937,TTCCATGTAATACTACGGCGTGCAGCGCAT,ATGCGCTGCACGCCGTAGTA,TACTACGGCGTGCAGCGCAT
NDB_938,ACGGTACACTCGCATACGGATGGTTCGAAA,TTTCGAACCATCCGTATGCG,CGCATACGGATGGTTCGAAA
NDB_939,CTCATGCCGGGTCGTGATCAACGTATTAGG,CCTAATACGTTGATCACGAC,GTCGTGATCAACGTATTAGG
NDB_940,GACCTATCATTCGGGCTAGCAACTGCGATG,CATCGCAGTTGCTAGCCCGA,TCGGGCTAGCAACTGCGATG
NDB_941,TCTCTATCGTGTGAAAGGTGCCGCTATTGC,GCAATAGCGGCACCTTTCAC,GTGAAAGGTGCCGCTATTGC
NDB_942,CGCAAATCTGAGCGTATCGGGCGGACATAT,ATATGTCCGCCCGATACGCT,AGCGTATCGGGCGGACATAT
NDB_943,GCTGACTGTTATCGGCTCGTTCACACTGTA,TACAGTGTGAACGAGCCGAT,ATCGGCTCGTTCACACTGTA
NDB_944,AGTATGTAGCGTCGGGTCAGCTTAACTCCG,CGGAGTTAAGCTGACCCGAC,GTCGGGTCAGCTTAACTCCG
NDB_945,AATAACAACTGTACCGGACCGAGTTTCAGT,ACTGAAACTCGGTCCGGTAC,GTACCGGACCGAGTTTCAGT
NDB_946,GCGGACTTCCATCGTGGCCGGCAATAAGTA,TACTTATTGCCGGCCACGAT,ATCGTGGCCGGCAATAAGTA
NDB_947,GTGGTAACTACTTTGATCGCGCATGCGAGC,GCTCGCATGCGCGATCAAAG,CTTTGATCGCGCATGCGAGC
NDB_948,CCGAACCATTATGTTGTGTCGAGCCATGTA,TACATGGCTCGACACAACAT,ATGTTGTGTCGAGCCATGTA
NDB_949,TTCGTCGTGTAAGCCTACGTGACGTCAACG,CGTTGACGTCACGTAGGCTT,AAGCCTACGTGACGTCAACG
NDB_950,ATACTCAGTGGATATCGTGGTCGGACCACG,CGTGGTCCGACCACGATATC,GATATCGTGGTCGGACCACG
NDB_951,CAATAGCCGCTGCGTCTAATGCATTGAAGT,ACTTCAATGCATTAGACGCA,TGCGTCTAATGCATTGAAGT
NDB_952,CGACTAGAAGAACGGTTGCTCGGGTTCACG,CGTGAACCCGAGCAACCGTT,AACGGTTGCTCGGGTTCACG
NDB_953,TGGTAGTCTACTATCGAGGGTGCCAAGGCC,GGCCTTGGCACCCTCGATAG,CTATCGAGGGTGCCAAGGCC
NDB_954,ATCGTGTCCGGGTTCCAGTATTCGAAGCGT,ACGCTTCGAATACTGGAACC,GGTTCCAGTATTCGAAGCGT
NDB_955,TACATAGCCTGCCGCACGAATGTGATAGTA,TACTATCACATTCGTGCGGC,GCCGCACGAATGTGATAGTA
NDB_956,AGCTTTGGAATAGTTCGGCACACGCTCTAT,ATAGAGCGTGTGCCGAACTA,TAGTTCGGCACACGCTCTAT
NDB_957,GATTTATGTTGCACGAACCTACGCTTGGCT,AGCCAAGCGTAGGTTCGTGC,GCACGAACCTACGCTTGGCT
NDB_958,GGACTAGTTATCACGCTTCGGCAGAGAATC,GATTCTCTGCCGAAGCGTGA,TCACGCTTCGGCAGAGAATC
NDB_959,GAGATACTCGCCCGGGAGATTACTTAACTA,TAGTTAAGTAATCTCCCGGG,CCCGGGAGATTACTTAACTA
NDB_960,ATAATCGTGTTGCAAACGTGTATACCCGGC,GCCGGGTATACACGTTTGCA,TGCAAACGTGTATACCCGGC
NDB_961,CTCGAGACTGCTACCAAGTTACGAGGCATA,TATGCCTCGTAACTTGGTAG,CTACCAAGTTACGAGGCATA
NDB_962,AGTGAACGCTTACCATCGTAGCATACGCTA,TAGCGTATGCTACGATGGTA,TACCATCGTAGCATACGCTA
NDB_963,TATTACATTGACGCCAGCCGGGCATTAATC,GATTAATGCCCGGCTGGCGT,ACGCCAGCCGGGCATTAATC
NDB_964,AGTATTTCGGCGTCCGTTCATTCCTAGAGC,GCTCTAGGAATGAACGGACG,CGTCCGTTCATTCCTAGAGC
NDB_965,GTTCAGAGTTATCCGGCGCGCGAGACTAAG,CTTAGTCTCGCGCGCCGGAT,ATCCGGCGCGCGAGACTAAG
NDB_966,CAGTAACTATCGTGTCCGAGTATGCTCTAG,CTAGAGCATACTCGGACACG,CGTGTCCGAGTATGCTCTAG
NDB_967,GCGGATAGGATACACCCGGTATGACGGCAA,TTGCCGTCATACCGGGTGTA,TACACCCGGTATGACGGCAA
NDB_968,GCGATGTAGGCGGTACAATTCGTACGCTCT,AGAGCGTACGAATTGTACCG,CGGTACAATTCGTACGCTCT
NDB_969,CGTTATACATGACTACCGGCCATGTCATTT,AAATGACATGGCCGGTAGTC,GACTACCGGCCATGTCATTT
NDB_970,CCTGATGTCCCGATAGCGAAACTTGAATAG,CTATTCAAGTTTCGCTATCG,CGATAGCGAAACTTGAATAG
NDB_971,GCGCAAAGTTCTTATCGCAAGGTGGCCTTA,TAAGGCCACCTTGCGATAAG,CTTATCGCAAGGTGGCCTTA
NDB_972,TACGACTGTAATTCCGTGCTAGGCGCAGTA,TACTGCGCCTAGCACGGAAT,ATTCCGTGCTAGGCGCAGTA
NDB_973,TTGGTACTTTGGTGCGGACCTTCTCATCCG,CGGATGAGAAGGTCCGCACC,GGTGCGGACCTTCTCATCCG
NDB_974,AATGACAACGAAATAGCGTGCTGCCTACCT,AGGTAGGCAGCACGCTATTT,AAATAGCGTGCTGCCTACCT
NDB_975,AATAACGAATATACGGCGAGCATCCCATCG,CGATGGGATGCTCGCCGTAT,ATACGGCGAGCATCCCATCG
NDB_976,TATCTCGTTATTCGACTTGCTCGGCACGGT,ACCGTGCCGAGCAAGTCGAA,TTCGACTTGCTCGGCACGGT
NDB_977,CCGATATCAGCTTGTTATCGCTTTACGTGA,TCACGTAAAGCGATAACAAG,CTTGTTATCGCTTTACGTGA
NDB_978,GGCATAGTCACAATGCATCGCCTTTACTAT,ATAGTAAAGGCGATGCATTG,CAATGCATCGCCTTTACTAT
NDB_979,CTGTAAGCAGTATCGGTGCTCAACTGGACA,TGTCCAGTTGAGCACCGATA,TATCGGTGCTCAACTGGACA
NDB_980,GATGTTCACAACTCCTGATCGACGACGGAT,ATCCGTCGTCGATCAGGAGT,ACTCCTGATCGACGACGGAT
NDB_981,TTCGAAATAGATGTGCCCGGCGTCGCATTA,TAATGCGACGCCGGGCACAT,ATGTGCCCGGCGTCGCATTA
NDB_982,TATCTGTATGCGGTCGGGCGTATCCTAAAC,GTTTAGGATACGCCCGACCG,CGGTCGGGCGTATCCTAAAC
NDB_983,TGTGTAGACTGCAACTGGTCCACGCTTATA,TATAAGCGTGGACCAGTTGC,GCAACTGGTCCACGCTTATA
NDB_984,CACGTCGCGAACTGTAGCGATTTCGTTGAT,ATCAACGAAATCGCTACAGT,ACTGTAGCGATTTCGTTGAT
NDB_985,TTCGAAATCCTTTAGTCGCGCACTAAGCTA,TAGCTTAGTGCGCGACTAAA,TTTAGTCGCGCACTAAGCTA
NDB_986,CAGCTATAACCTTTACGCATCCGTTGGATT,AATCCAACGGATGCGTAAAG,CTTTACGCATCCGTTGGATT
NDB_987,GAGATAGAGTGTCGGACTCCGCGTCATTAC,GTAATGACGCGGAGTCCGAC,GTCGGACTCCGCGTCATTAC
NDB_988,GCGTAGATACTCTACACGTGCAGCGGCGAA,TTCGCCGCTGCACGTGTAGA,TCTACACGTGCAGCGGCGAA
NDB_989,ATAATCCTGAGTCTGCGATACCTCCTTGTT,AACAAGGAGGTATCGCAGAC,GTCTGCGATACCTCCTTGTT
NDB_990,CACGTGATCGTAAATACTCATTGCCGTTAG,CTAACGGCAATGAGTATTTA,TAAATACTCATTGCCGTTAG
NDB_991,GCAATCTTGTGTTCGCTACTGCTATACAGA,TCTGTATAGCAGTAGCGAAC,GTTCGCTACTGCTATACAGA
NDB_992,ACAGAGGATTCATACGTAACCCGGGTATCT,AGATACCCGGGTTACGTATG,CATACGTAACCCGGGTATCT
NDB_993,ATGGAGCCTTAGAACACCCGTCGTATTTAC,GTAAATACGACGGGTGTTCT,AGAACACCCGTCGTATTTAC
NDB_994,ACTCTCGCTTAAGATTTAGCGACGCTCTAA,TTAGAGCGTCGCTAAATCTT,AAGATTTAGCGACGCTCTAA
NDB_995,CCGTAAACGGATTTAGTCTACGGGCGTCGT,ACGACGCCCGTAGACTAAAT,ATTTAGTCTACGGGCGTCGT
NDB_996,GATCATTTCCGAGAAGCCTTCGCAATTTCG,CGAAATTGCGAAGGCTTCTC,GAGAAGCCTTCGCAATTTCG
NDB_997,TTCGAGACTTAAGTTACCGTAGGGAACCGC,GCGGTTCCCTACGGTAACTT,AAGTTACCGTAGGGAACCGC
NDB_998,AAGATCCGCAACTGTTTCGCGCTTAGGATC,GATCCTAAGCGCGAAACAGT,ACTGTTTCGCGCTTAGGATC
NDB_999,TCTAATGAATCCGGTCGTGGCTGCTCATTC,GAATGAGCAGCCACGACCGG,CCGGTCGTGGCTGCTCATTC
NDB_1000,GCTCTTCTAACTCAGGCGAACCGTGGTAAA,TTTACCACGGTTCGCCTGAG,CTCAGGCGAACCGTGGTAAA
NDB_1001,CTACAACTTAGTAGATCGCGCGAATGCTGG,CCAGCATTCGCGCGATCTAC,GTAGATCGCGCGAATGCTGG
NDB_1002,CTCAATCGCGTGGATCTCGGTGTAAACTGT,ACAGTTTACACCGAGATCCA,TGGATCTCGGTGTAAACTGT
NDB_1003,TAGAAGTATCGCAACTACGGCGGACTCCAA,TTGGAGTCCGCCGTAGTTGC,GCAACTACGGCGGACTCCAA
NDB_1004,CTTCAAATACTGTTGCGGGCGATTCACTTA,TAAGTGAATCGCCCGCAACA,TGTTGCGGGCGATTCACTTA
NDB_1005,TTACTGTATGCGCGAATCGCAGGTCAACCT,AGGTTGACCTGCGATTCGCG,CGCGAATCGCAGGTCAACCT
NDB_1006,TCGAAATGAAATCCGAACCGTCCTTAGCGG,CCGCTAAGGACGGTTCGGAT,ATCCGAACCGTCCTTAGCGG
NDB_1007,ATACACTGATCAACACGCACGGGATGTTGC,GCAACATCCCGTGCGTGTTG,CAACACGCACGGGATGTTGC
NDB_1008,GAGCACTATGTGCTCCTATCGCATAATATG,CATATTATGCGATAGGAGCA,TGCTCCTATCGCATAATATG
NDB_1009,AGCATCGTAGGCGAACTAAGTTTCCACGAT,ATCGTGGAAACTTAGTTCGC,GCGAACTAAGTTTCCACGAT
NDB_1010,CACCTGTGTAGCGTGCAAGACACAAGCGTT,AACGCTTGTGTCTTGCACGC,GCGTGCAAGACACAAGCGTT
NDB_1011,CGCGTAATGTATCGGTCCCATACGATGATC,GATCATCGTATGGGACCGAT,ATCGGTCCCATACGATGATC
NDB_1012,CGCAATTTGCAGGTTCGTCGTAATGAAGCC,GGCTTCATTACGACGAACCT,AGGTTCGTCGTAATGAAGCC
NDB_1013,CTATTGACTGGACGTCCGTTTGTCTGATGC,GCATCAGACAAACGGACGTC,GACGTCCGTTTGTCTGATGC
NDB_1014,AACGTTACGCTATGAAGGAGCCTAACCGCG,CGCGGTTAGGCTCCTTCATA,TATGAAGGAGCCTAACCGCG
NDB_1015,TCTCATATACGTGGGCTAGAGGCGCTTCTT,AAGAAGCGCCTCTAGCCCAC,GTGGGCTAGAGGCGCTTCTT
NDB_1016,ATCATAATGTCGCGGTCAGTCTAGTTAGCC,GGCTAACTAGACTGACCGCG,CGCGGTCAGTCTAGTTAGCC
NDB_1017,TAGCTCGGTACGGATTTCGAGTCTAGCACA,TGTGCTAGACTCGAAATCCG,CGGATTTCGAGTCTAGCACA
NDB_1018,GACAACCTAGTAGTATACCGGCACCGGATG,CATCCGGTGCCGGTATACTA,TAGTATACCGGCACCGGATG
NDB_1019,AACCAGACGGAGTTGTATCCAACAGCGTGA,TCACGCTGTTGGATACAACT,AGTTGTATCCAACAGCGTGA
NDB_1020,CGCGATAACCCAATGCGCGTTGCTGAGTTA,TAACTCAGCAACGCGCATTG,CAATGCGCGTTGCTGAGTTA
NDB_1021,GGATAGCCTCGTGGAACGCTACAGATACCG,CGGTATCTGTAGCGTTCCAC,GTGGAACGCTACAGATACCG
NDB_1022,CGAATTCACGTTCTATGAGGACCGGTGACC,GGTCACCGGTCCTCATAGAA,TTCTATGAGGACCGGTGACC
NDB_1023,TTCCATTTGGTGGATCTTACGACAACTCGC,GCGAGTTGTCGTAAGATCCA,TGGATCTTACGACAACTCGC
NDB_1024,TATCTTGTTTCATCGTCGTAGAGGTTCCGC,GCGGAACCTCTACGACGATG,CATCGTCGTAGAGGTTCCGC
NDB_1025,TAAGTTGCTCGTGATCCTGGAAATCGGCAC,GTGCCGATTTCCAGGATCAC,GTGATCCTGGAAATCGGCAC
NDB_1026,ACGCTTACGACGGTACTCCAAGAGGTGTGG,CCACACCTCTTGGAGTACCG,CGGTACTCCAAGAGGTGTGG
NDB_1027,CCCTAACTAGGTGGAAGCGTTAGGACCGGA,TCCGGTCCTAACGCTTCCAC,GTGGAAGCGTTAGGACCGGA
NDB_1028,ATGGTCTATCTCTCGCCAAAGACGATCAAT,ATTGATCGTCTTTGGCGAGA,TCTCGCCAAAGACGATCAAT
NDB_1029,CAACACTAGGTCGGTAGCCGAGCTGTCGTA,TACGACAGCTCGGCTACCGA,TCGGTAGCCGAGCTGTCGTA
NDB_1030,CGGAACTTGGACAGACGATCTATTCCAGGG,CCCTGGAATAGATCGTCTGT,ACAGACGATCTATTCCAGGG
NDB_1031,CAGCTGTAGAGACGCTTATCGTGGACCCAT,ATGGGTCCACGATAAGCGTC,GACGCTTATCGTGGACCCAT
NDB_1032,AGGATCGACATTATCTCCGCTGCGGGTAGG,CCTACCCGCAGCGGAGATAA,TTATCTCCGCTGCGGGTAGG
NDB_1033,GCGGTTAACTGAATCCACGCGGTATTTCTT,AAGAAATACCGCGTGGATTC,GAATCCACGCGGTATTTCTT
NDB_1034,CGTGTCGACGTTTGTGCTGATCATGCGTCA,TGACGCATGATCAGCACAAA,TTTGTGCTGATCATGCGTCA
NDB_1035,AGCTAAGGCGAGTAAGTGTCTGACACCCGT,ACGGGTGTCAGACACTTACT,AGTAAGTGTCTGACACCCGT
NDB_1036,TGGCAGTATGTCGGCTCTCGTATCGAACTT,AAGTTCGATACGAGAGCCGA,TCGGCTCTCGTATCGAACTT
NDB_1037,GTGTATACCTGACGTATTCGCAGCCATGAT,ATCATGGCTGCGAATACGTC,GACGTATTCGCAGCCATGAT
NDB_1038,AAGATACTCGATTAGGCCAAGCGCCTTTCA,TGAAAGGCGCTTGGCCTAAT,ATTAGGCCAAGCGCCTTTCA
NDB_1039,GAAGACCAACTATCCGGCCTCGTATTGAAT,ATTCAATACGAGGCCGGATA,TATCCGGCCTCGTATTGAAT
NDB_1040,GGTAACAACGCTCCGGTGGCCAGTATAGTT,AACTATACTGGCCACCGGAG,CTCCGGTGGCCAGTATAGTT
NDB_1041,GTTAATTGCGAACAGTGACGTACAGCCTCC,GGAGGCTGTACGTCACTGTT,AACAGTGACGTACAGCCTCC
NDB_1042,CTCGACGATGCGAGGTTCGGGAACTTCAAC,GTTGAAGTTCCCGAACCTCG,CGAGGTTCGGGAACTTCAAC
NDB_1043,GTAGACATGTCGAGTTCAACGGTCCTCGGT,ACCGAGGACCGTTGAACTCG,CGAGTTCAACGGTCCTCGGT
NDB_1044,ACCAACTTGTGTGGTCTCCGCGGTGAATTT,AAATTCACCGCGGAGACCAC,GTGGTCTCCGCGGTGAATTT
NDB_1045,CATCAGACGGAATACGATTCGCGGTGCTGT,ACAGCACCGCGAATCGTATT,AATACGATTCGCGGTGCTGT
NDB_1046,ACTGACCGGATCAGCTTTAGTGCGCGCATA,TATGCGCGCACTAAAGCTGA,TCAGCTTTAGTGCGCGCATA
NDB_1047,GTACAATCAACGTTTAGTTTGGCGGCGCTC,GAGCGCCGCCAAACTAAACG,CGTTTAGTTTGGCGGCGCTC
NDB_1048,CAGGATATCGCCTGCCGTTCAGTTAAAGAA,TTCTTTAACTGAACGGCAGG,CCTGCCGTTCAGTTAAAGAA
NDB_1049,CCCGTAGACCGGGTACGCTAGAGATGTAGT,ACTACATCTCTAGCGTACCC,GGGTACGCTAGAGATGTAGT
NDB_1050,AACTACTACGTGGAGCGACTGTAACGCAAT,ATTGCGTTACAGTCGCTCCA,TGGAGCGACTGTAACGCAAT
NDB_1051,CCCGATCTATCAGGTCCGGGTGTTTCGTAT,ATACGAAACACCCGGACCTG,CAGGTCCGGGTGTTTCGTAT
NDB_1052,CGTTTGTAATAGAATCGCCGGTGTCCCGTG,CACGGGACACCGGCGATTCT,AGAATCGCCGGTGTCCCGTG
NDB_1053,CCGCATTGTCTCGGATCGCTTTGGTGAAAC,,TCGGATCGCTTTGGTGAAAC
NDB_1054,CACCAATGTCGCGTAACGGTTAGTCATAAG,,GCGTAACGGTTAGTCATAAG
NDB_1055,CCCATTTGTTGTCGTGACAAGGGCCAAGCT,,GTCGTGACAAGGGCCAAGCT
NDB_1056,ATAGACTTGAAGCGTGTCCCACTCGGTAAG,,AGCGTGTCCCACTCGGTAAG
NDB_1057,AGTCACAGTTACCGGTCGTGCCATACGTTT,,ACCGGTCGTGCCATACGTTT
NDB_1058,AGCCAAGAGCGGGTACTAGCTCCAGATTGA,,GGGTACTAGCTCCAGATTGA
NDB_1059,CCGTAAAGTTTACGTAGTACTTCGTTCTCC,,TACGTAGTACTTCGTTCTCC
NDB_1060,TACCATTAAACGAGAATTGCGAGCTGTCCA,,CGAGAATTGCGAGCTGTCCA
NDB_1061,ATGTTGGTCTAACCGGCCCAGACCTAGTTA,,AACCGGCCCAGACCTAGTTA
NDB_1062,CGCTAAGCGGTATTTAATCGGGTCAACCGT,,TATTTAATCGGGTCAACCGT
NDB_1063,GACCTGGAGTATTGTACGCTCTAGCATCGA,,ATTGTACGCTCTAGCATCGA
NDB_1064,GCCAACGGGTTATCGTGGGTAGAACCTTCA,,TATCGTGGGTAGAACCTTCA
NDB_1065,GAGTATATGTGCAACCTACACGTGACCGGA,,GCAACCTACACGTGACCGGA
NDB_1066,TAGCTTACCATTCGTGTCCAAACGTCAGTT,,TTCGTGTCCAAACGTCAGTT
NDB_1067,CCGTATAGTGCTTGAGACGGTCATCCGAGT,,CTTGAGACGGTCATCCGAGT
NDB_1068,CCAGAATGACTGTCTAGCCCGGGATGTAAG,,TGTCTAGCCCGGGATGTAAG
NDB_1069,CCGTAAGCTACTGATAGGGACGGTGATCGC,,CTGATAGGGACGGTGATCGC
NDB_1070,CACGTGGCCGATAATAAGAGTTTCGTCACT,,ATAATAAGAGTTTCGTCACT
NDB_1071,GTGGATTCTAGACCTACCGGGTGCAGAACC,,GACCTACCGGGTGCAGAACC
NDB_1072,TGGTTCTAGATTACTCCGGGTCACCAAGTG,,TTACTCCGGGTCACCAAGTG
NDB_1073,TTGTATGAATATCCTCGCTTTGACGGCCCA,,ATCCTCGCTTTGACGGCCCA
NDB_1074,GCCGAGGTACGGTGCCATTTCGTTGCTTAG,,GGTGCCATTTCGTTGCTTAG
NDB_1075,ACACAGTTCGCGTGCTATGTAGTCGCATAT,,CGTGCTATGTAGTCGCATAT
NDB_1076,ACAGTTTAGTCTCGGTGCGTTCCCGAATTA,,CTCGGTGCGTTCCCGAATTA
NDB_1077,CGACTGAGATCGGCGAGAACTTGGTACGTC,,CGGCGAGAACTTGGTACGTC
NDB_1078,AGGGTATTTCTCGTAACACATTCCGATGAC,,TCGTAACACATTCCGATGAC
NDB_1079,TGCAAGATTGGTCGTTCTCGCTAGGCCCAT,,GTCGTTCTCGCTAGGCCCAT
NDB_1080,CCAAAGGCAATCGGTCGATCTGTAGTGGTC,,TCGGTCGATCTGTAGTGGTC
NDB_1081,TGATTGGAGCATAGACCCTCAACCGATGGT,,ATAGACCCTCAACCGATGGT
NDB_1082,CGGCTCGGTAGCATTTCGTTACGTGGAACG,,GCATTTCGTTACGTGGAACG
NDB_1083,TAGGTAAAGACTACCCGCATAATGTCGTGC,,CTACCCGCATAATGTCGTGC
NDB_1084,GACCAAATAGACGCGGGAGCTAGCTGTCGA,,ACGCGGGAGCTAGCTGTCGA
NDB_1085,TTTAATCAGCGAGGACCAACCATCATGTTC,,GAGGACCAACCATCATGTTC
NDB_1086,AACCTATATCAGTGCGGCTCGTGTTCGAGT,,AGTGCGGCTCGTGTTCGAGT
NDB_1087,CTACATAGGATATGTCGTCAGTAACGCATC,,TATGTCGTCAGTAACGCATC
NDB_1088,CTTCAGACGTTTGTGGGTGAGTCGACCACA,,TTGTGGGTGAGTCGACCACA
NDB_1089,ATACTGCATCCGAGATGTCGTCAACTACAA,,CGAGATGTCGTCAACTACAA
NDB_1090,AAACTTCGTCAGTTGGTTCTCCGGCACTAG,,AGTTGGTTCTCCGGCACTAG
NDB_1091,TGCATATCGATCTGGACCCGTGTCGTTCTG,,TCTGGACCCGTGTCGTTCTG
NDB_1092,GTCGACGAAGGTACAGCAAATCCGCTGTCG,,GTACAGCAAATCCGCTGTCG
NDB_1093,ATATAGACCCGTTAGCTCGTAAAGCGCTCA,,GTTAGCTCGTAAAGCGCTCA
NDB_1094,AGCCTATTTAGGTTACTCCCGTGTTAACGA,,GGTTACTCCCGTGTTAACGA
NDB_1095,TAGATACTCGTCTTGGTAATTCGTACGTCC,,TCTTGGTAATTCGTACGTCC
NDB_1096,TAACAGTCGATTTACATGACGTCCTGCCGT,,TTTACATGACGTCCTGCCGT
NDB_1097,AAGGAATCGAACCTAACACTAGCATGTAGC,,ACCTAACACTAGCATGTAGC
NDB_1098,CCGGACGTTGTGACTTACGACAGAAGCTGC,,TGACTTACGACAGAAGCTGC
NDB_1099,CGCATATATAGCAGCGAATATGGCGTTCGC,,GCAGCGAATATGGCGTTCGC
NDB_1100,AGCATCATAGTAGAGCGCTGGCAGTGTCCG,,TAGAGCGCTGGCAGTGTCCG
NDB_1101,ATTCTTAGTCATGACCTCGGTGTTAACGCG,,ATGACCTCGGTGTTAACGCG
NDB_1102,GGAATGCATGAGCGCGTCACCTACTTGAGT,,AGCGCGTCACCTACTTGAGT
NDB_1103,GCTGATCTAGTAACACGTCTCAGCCTGGAA,,TAACACGTCTCAGCCTGGAA
NDB_1104,CGTAAGTGTAACCGATCCTGATGCTTACCA,,ACCGATCCTGATGCTTACCA
NDB_1105,CGCGATTATAAGCTAGGTGCGTCAGGCTCT,,AGCTAGGTGCGTCAGGCTCT
NDB_1106,TGCCTAGCTATGACTAGACCCGTTTACATA,,TGACTAGACCCGTTTACATA
NDB_1107,CAGATATCGACGGGTGGCGTCCAGTTACTA,,CGGGTGGCGTCCAGTTACTA
NDB_1108,TGTGTCCGAGCGATAGAGCACGTTCAATCC,,CGATAGAGCACGTTCAATCC
NDB_1109,GTCCTACTTTACGTATGAGGCTTATCCGCG,,ACGTATGAGGCTTATCCGCG
NDB_1110,CCGTTAGTTAGCGATCTTGGCAATACATGC,,GCGATCTTGGCAATACATGC
NDB_1111,ACTGTAGGATGCGAAATTCCGCCAATTTGC,,GCGAAATTCCGCCAATTTGC
NDB_1112,TGTGAACAAGCCAATCCACGAGGTCAATCA,,CCAATCCACGAGGTCAATCA
NDB_1113,CGCTATTAATGCTGCGAACTGCGTAGACGA,,GCTGCGAACTGCGTAGACGA
NDB_1114,GTTCAAGCTATTGCGTGCCGACTGATATCG,,TTGCGTGCCGACTGATATCG
NDB_1115,TCCGAGTACACAATGTGTCGCTTTAGTTCA,,CAATGTGTCGCTTTAGTTCA
NDB_1116,ACCGATAACGGTCATTATGCGCATGTGTAC,,GTCATTATGCGCATGTGTAC
NDB_1117,CTCTATATATTGCGTGGTTGTGCCGCGACA,,TGCGTGGTTGTGCCGCGACA
NDB_1118,CAGCATAGCGGATCGTTGGTTCAGACATAC,,GATCGTTGGTTCAGACATAC
NDB_1119,CCGTATGCGGGCGGTGACAATCATGTTAAC,,GCGGTGACAATCATGTTAAC
NDB_1120,TGAAATCCGTAGTCTCGACTTGTCATTCCT,,AGTCTCGACTTGTCATTCCT
NDB_1121,CTCCAATTCGTTACGTTAGTTGGCTACGCA,,TTACGTTAGTTGGCTACGCA
NDB_1122,TGCGATGGCCTACATGCGAATGGAGTCTAC,,TACATGCGAATGGAGTCTAC
NDB_1123,TCACACGGTTTCATATTTCCGCTTGTGAGG,,TCATATTTCCGCTTGTGAGG
NDB_1124,CACCATTACTCGGGAACGTCCGTTGTGAAA,,CGGGAACGTCCGTTGTGAAA
NDB_1125,GACCATCGAGCTGTAAGAGACGGCTAGAGC,,CTGTAAGAGACGGCTAGAGC
NDB_1126,CCAAATATGAGGACGAATCTCCCGCTTATA,TATAAGCGGGAGATTCGTCC,TCGGGCGTGGTGCTCGCATA
NDB_1127,CTCGTGTTTATCGGGCGTGGTGCTCGCATA,TATGCGAGCACCACGCCCGA,CTGCGCATAGTTGGCTCTAT
NDB_1128,CCTATGGTAACTGCGCATAGTTGGCTCTAT,ATAGAGCCAACTATGCGCAG,TAAGTTTAGCGTAGCCGGTT
NDB_1129,CGCCTGGTTCTAAGTTTAGCGTAGCCGGTT,AACCGGCTACGCTAAACTTA,CATGCGCCTTACTCCTTGTG
NDB_1130,ATGATGGGTACATGCGCCTTACTCCTTGTG,CACAAGGAGTAAGGCGCATG,AATTTACGACCGATGCTGCG
NDB_1131,ACAATTGCTTAATTTACGACCGATGCTGCG,CGCAGCATCGGTCGTAAATT,AGATTTCTCCGTGAGTCTTT
NDB_1132,GACGATCCATAGATTTCTCCGTGAGTCTTT,AAAGACTCACGGAGAAATCT,CATCCGAGCAGATTTGACTC
NDB_1133,GGTAAGGTCCCATCCGAGCAGATTTGACTC,GAGTCAAATCTGCTCGGATG,CATATACGCTCGTCGGGACT
NDB_1134,GCCGTGGATACATATACGCTCGTCGGGACT,AGTCCCGACGAGCGTATATG,TTGCGCTTGTTCGGCATAGC
NDB_1135,GTACTGCAATTTGCGCTTGTTCGGCATAGC,GCTATGCCGAACAAGCGCAA,GAATATCCACCACCGTATGG
NDB_1136,TGCTTGAGTCGAATATCCACCACCGTATGG,CCATACGGTGGTGGATATTC,GAGTTACCCGATGGATTCGA
NDB_1137,AACCAGCATAGAGTTACCCGATGGATTCGA,TCGAATCCATCGGGTAACTC,TCGTGACCCAACTCATCAGG
NDB_1138,CGGATATTATTCGTGACCCAACTCATCAGG,CCTGATGAGTTGGGTCACGA,CTGGTTAGCGCCTACAAGAG
NDB_1139,GGATTCGAGCCTGGTTAGCGCCTACAAGAG,CTCTTGTAGGCGCTAACCAG,TAAGATATGTAGTCCACGTC
NDB_1140,CCTTACGTAGTAAGATATGTAGTCCACGTC,GACGTGGACTACATATCTTA,TAAAGACGCGAGGACTACCT
NDB_1141,CATTATGCTCTAAAGACGCGAGGACTACCT,AGGTAGTCCTCGCGTCTTTA,TCCAAAGGTTCTTCGTAACG
NDB_1142,GACTACGCTGTCCAAAGGTTCTTCGTAACG,CGTTACGAAGAACCTTTGGA,TGGAGCCGTTCACACATGAA
NDB_1143,AGCAATCGTTTGGAGCCGTTCACACATGAA,TTCATGTGTGAACGGCTCCA,CAACTTGCGCCCAGCGTTAT
NDB_1144,AGGGACTGATCAACTTGCGCCCAGCGTTAT,ATAACGCTGGGCGCAAGTTG,GTCGTGAGGTGAACTCTTCC
NDB_1145,ACTCTGGGTAGTCGTGAGGTGAACTCTTCC,GGAAGAGTTCACCTCACGAC,GAACATCCCGGCATTTCATG
NDB_1146,AGCATGCGAAGAACATCCCGGCATTTCATG,CATGAAATGCCGGGATGTTC,CTTAGCACGCCGGAGTGGAG
NDB_1147,TACTAGTAACCTTAGCACGCCGGAGTGGAG,CTCCACTCCGGCGTGCTAAG,TATTCCGCTCATTGCACAGG
NDB_1148,TGCGTATACTTATTCCGCTCATTGCACAGG,CCTGTGCAATGAGCGGAATA,ACGATATACAGGACCCGGTG
NDB_1149,TTCCATTTGGACGATATACAGGACCCGGTG,CACCGGGTCCTGTATATCGT,GTCCTGCTCGCATCGACGAA
NDB_1150,TGGTAAACAAGTCCTGCTCGCATCGACGAA,TTCGTCGATGCGAGCAGGAC,CTGTCGCAAACCGATGCCAT
NDB_1151,TCTGATTATTCTGTCGCAAACCGATGCCAT,ATGGCATCGGTTTGCGACAG,GCGGGTACTACAACCACAAT
NDB_1152,GATCATCTGGGCGGGTACTACAACCACAAT,ATTGTGGTTGTAGTACCCGC,CCGATAAGTTGAGTACCCTG
NDB_1153,CCGGTTTGGGCCGATAAGTTGAGTACCCTG,CAGGGTACTCAACTTATCGG,ACACAAGTACGGCTACGCAG
NDB_1154,TTGTTGCATAACACAAGTACGGCTACGCAG,CTGCGTAGCCGTACTTGTGT,TTACACCGTTAAATAACCTG
NDB_1155,TCGTAGCCGATTACACCGTTAAATAACCTG,CAGGTTATTTAACGGTGTAA,ACTGGCGGAGTTGCACTGAT
NDB_1156,CTTCTCATAAACTGGCGGAGTTGCACTGAT,ATCAGTGCAACTCCGCCAGT,TGCGATCCCAGGTTTGACTT
NDB_1157,CTCGAATGTATGCGATCCCAGGTTTGACTT,AAGTCAAACCTGGGATCGCA,CCTCGGCGTCAAGCTTTCAC
NDB_1158,AAATTGATATCCTCGGCGTCAAGCTTTCAC,GTGAAAGCTTGACGCCGAGG,TGACTATGTTCGGTTACTAC
NDB_1159,GGCCATGGCGTGACTATGTTCGGTTACTAC,GTAGTAACCGAACATAGTCA,TCGACACGTCGCATTGCGGT
NDB_1160,GACGATAAACTCGACACGTCGCATTGCGGT,ACCGCAATGCGACGTGTCGA,CGTGCTCCTATATCCAATCC
NDB_1161,TGGTTTGAGACGTGCTCCTATATCCAATCC,GGATTGGATATAGGAGCACG,CCGTGTGCCGGTCTATATTG
NDB_1162,GCCAAAGAAGCCGTGTGCCGGTCTATATTG,CAATATAGACCGGCACACGG,TGCACTTACGACACAATTCC
NDB_1163,AGGAAGTGCTTGCACTTACGACACAATTCC,GGAATTGTGTCGTAAGTGCA,GGCAACTATTCGAGTTTATA
NDB_1164,CTCTTCGACGGGCAACTATTCGAGTTTATA,TATAAACTCGAATAGTTGCC,ACTTCGTTAGGTTTCTGGAC
NDB_1165,CTCGAAGAGCACTTCGTTAGGTTTCTGGAC,GTCCAGAAACCTAACGAAGT,GTAGACTTACCCAACGTTAG
NDB_1166,ACCGAATTTGGTAGACTTACCCAACGTTAG,CTAACGTTGGGTAAGTCTAC,ACGCCTACTGGTAGGACCAT
NDB_1167,CGGTTTAGGCACGCCTACTGGTAGGACCAT,ATGGTCCTACCAGTAGGCGT,GAGATACTAGGCGCGACTCT
NDB_1168,AACTTGCGAGGAGATACTAGGCGCGACTCT,AGAGTCGCGCCTAGTATCTC,GCGCAGCACATTTAGGTACG
NDB_1169,TTAATGTCACGCGCAGCACATTTAGGTACG,CGTACCTAAATGTGCTGCGC,CACGACGCATAAGTAATCTT
NDB_1170,TTTCTAGGCCCACGACGCATAAGTAATCTT,AAGATTACTTATGCGTCGTG,CGGTTATGCACGCGACTTAG
NDB_1171,CCTAAATTGACGGTTATGCACGCGACTTAG,CTAAGTCGCGTGCATAACCG,TGACGAGCCGGGCGATTAAG
NDB_1172,GCACTTATGCTGACGAGCCGGGCGATTAAG,CTTAATCGCCCGGCTCGTCA,TTGATGTCGCCGAGACTGTT
NDB_1173,GACTACTTACTTGATGTCGCCGAGACTGTT,AACAGTCTCGGCGACATCAA,AGCACGTGATTTGTTGCTAA
NDB_1174,CACAACTCGAAGCACGTGATTTGTTGCTAA,TTAGCAACAAATCACGTGCT,GTCGATAATTCTCAGTACGT
NDB_1175,GTCCTCGTAAGTCGATAATTCTCAGTACGT,ACGTACTGAGAATTATCGAC,GAGTATGCTAGTCTAGATAC
NDB_1176,CACTAATCCGGAGTATGCTAGTCTAGATAC,GTATCTAGACTAGCATACTC,CCATGGTTCCGTGTCGTTAG
NDB_1177,TCTTACCGAACCATGGTTCCGTGTCGTTAG,CTAACGACACGGAACCATGG,ATGCCGTGCGGGTTTCTTCA
NDB_1178,CGATATACCAATGCCGTGCGGGTTTCTTCA,TGAAGAAACCCGCACGGCAT,ACGTAGTGGCCGCCATTAAG
NDB_1179,CCGAAAGATGACGTAGTGGCCGCCATTAAG,CTTAATGGCGGCCACTACGT,CCCGTTATAATGTTGCTATG
NDB_1180,GGCCAACAGACCCGTTATAATGTTGCTATG,CATAGCAACATTATAACGGG,CGGAACTGGTCAGACCAAAT
NDB_1181,TTGCACGTCACGGAACTGGTCAGACCAAAT,ATTTGGTCTGACCAGTTCCG,ACCTTGGGCCGCGATAATTT
NDB_1182,AAAGACGACTACCTTGGGCCGCGATAATTT,AAATTATCGCGGCCCAAGGT,ATTCACCAACGCAGACGCAT
NDB_1183,GAGGTTATCGATTCACCAACGCAGACGCAT,ATGCGTCTGCGTTGGTGAAT,GATATATCGTTCCCTAGCGG
NDB_1184,TGGCACTACTGATATATCGTTCCCTAGCGG,CCGCTAGGGAACGATATATC,GTTGCTTATCCCGTTCCAAA
NDB_1185,CGTTATATGGGTTGCTTATCCCGTTCCAAA,TTTGGAACGGGATAAGCAAC,GAAGCCGTCCGCTTAGAGTC
NDB_1186,GGATACACGAGAAGCCGTCCGCTTAGAGTC,GACTCTAAGCGGACGGCTTC,GTCGCCGCTCGAACGTAGTA
NDB_1187,GCATATATTAGTCGCCGCTCGAACGTAGTA,TACTACGTTCGAGCGGCGAC,GTTGATCCAATCTGGTCATA
NDB_1188,TGAGAAACCCGTTGATCCAATCTGGTCATA,TATGACCAGATTGGATCAAC,ATGTTCCGTTCGGGCTACGT
NDB_1189,GCGCAATGTAATGTTCCGTTCGGGCTACGT,ACGTAGCCCGAACGGAACAT,AACGTTCGTTGCATCCAACT
NDB_1190,CAGATCGGAGAACGTTCGTTGCATCCAACT,AGTTGGATGCAACGAACGTT,CATGAGTTGCACACGGAGAA
NDB_1191,CACAACGGGTCATGAGTTGCACACGGAGAA,TTCTCCGTGTGCAACTCATG,TGTACAGCCGCGTAGTGAAT
NDB_1192,TCCTATCAGTTGTACAGCCGCGTAGTGAAT,ATTCACTACGCGGCTGTACA,GCGTGGTCGTAGAGCTAAGA
NDB_1193,CGTCTTCAGCGCGTGGTCGTAGAGCTAAGA,TCTTAGCTCTACGACCACGC,ACTAGTACGGCATCCTAAGA
NDB_1194,CGTTTGGCGTACTAGTACGGCATCCTAAGA,TCTTAGGATGCCGTACTAGT,GACGAGACTGACTGGCCGAA
NDB_1195,GGACAGACTTGACGAGACTGACTGGCCGAA,TTCGGCCAGTCAGTCTCGTC,TGCTCCGCCTAATTAAATTG
NDB_1196,CGCGTATTGTTGCTCCGCCTAATTAAATTG,CAATTTAATTAGGCGGAGCA,GAGGCATCTGATTCGCTGTC
NDB_1197,CCTTACGGTTGAGGCATCTGATTCGCTGTC,GACAGCGAATCAGATGCCTC,TATTTGCCGGACTAGGAAAG
NDB_1198,CATCTTTCGCTATTTGCCGGACTAGGAAAG,CTTTCCTAGTCCGGCAAATA,CTGTGTGCGACATTGCCCGA
NDB_1199,CGTCTATGAACTGTGTGCGACATTGCCCGA,TCGGGCAATGTCGCACACAG,GTACGATTTGTATAGCGCCT
NDB_1200,GTCCACAGGAGTACGATTTGTATAGCGCCT,AGGCGCTATACAAATCGTAC,TACAGGACGATATGCACCGT
NDB_1201,TCAGTTGTACTACAGGACGATATGCACCGT,ACGGTGCATATCGTCCTGTA,GGCGTCCTGGGTATTAATTC
NDB_1202,CGGCAAATCGGGCGTCCTGGGTATTAATTC,GAATTAATACCCAGGACGCC,ATAACCGCTAAAGCCGCGTC
NDB_1203,TGGATGATCTATAACCGCTAAAGCCGCGTC,GACGCGGCTTTAGCGGTTAT,AACTTACGAGTGCCCTGATA
NDB_1204,CAGAACGAGGAACTTACGAGTGCCCTGATA,TATCAGGGCACTCGTAAGTT,ACGCTGCGAAAGATAGGAAG
NDB_1205,GCCCTATGACACGCTGCGAAAGATAGGAAG,CTTCCTATCTTTCGCAGCGT,TAGGCGATAAGCATATCCTC
NDB_1206,GAAATTCAGCTAGGCGATAAGCATATCCTC,GAGGATATGCTTATCGCCTA,CCGAATGCGCGACTTATCAG
NDB_1207,CTGCTTGTATCCGAATGCGCGACTTATCAG,CTGATAAGTCGCGCATTCGG,TATAGTTCCGCCTATCTAGA
NDB_1208,GGGTTCATCCTATAGTTCCGCCTATCTAGA,TCTAGATAGGCGGAACTATA,TAGCGCCCGTTAAAGACTTG
NDB_1209,CGCTTGTGCGTAGCGCCCGTTAAAGACTTG,CAAGTCTTTAACGGGCGCTA,CCGGTCCATTCCTAATGGTA
NDB_1210,TAGCTCAGTGCCGGTCCATTCCTAATGGTA,TACCATTAGGAATGGACCGG,ACTTGGGCTTGAGCGGCATG
NDB_1211,CTCGACTTGTACTTGGGCTTGAGCGGCATG,CATGCCGCTCAAGCCCAAGT,ACGTGGGCCAATACATTAGG
NDB_1212,ACCATGCTAGACGTGGGCCAATACATTAGG,CCTAATGTATTGGCCCACGT,CGTGAGATGCGCATCCCACA
NDB_1213,GGTGTTTGATCGTGAGATGCGCATCCCACA,TGTGGGATGCGCATCTCACG,TCCGGTCCTTAGCACGAATC
NDB_1214,GCGATGAATTTCCGGTCCTTAGCACGAATC,GATTCGTGCTAAGGACCGGA,GGGCCGTTTCGGTGGGTACA
NDB_1215,CCTCAATTAAGGGCCGTTTCGGTGGGTACA,TGTACCCACCGAAACGGCCC,TCACGGCATTGACCAACGTT
NDB_1217,GTACATAGACTAATCGCAGCCAGGAACATC,GATGTTCCTGGCTGCGATTA,TAATCGCAGCCAGGAACATC
NDB_1218,ACCTAATTGCGTTGGTTCCTGTATGCACCG,CGGTGCATACAGGAACCAAC,GTTGGTTCCTGTATGCACCG
NDB_1219,TCGGTCCATACCTTTGAACGTACTTCAAGA,TCTTGAAGTACGTTCAAAGG,CCTTTGAACGTACTTCAAGA
NDB_1220,CTGAAGTCTGACGAATAGGCGGTCTTTCCG,CGGAAAGACCGCCTATTCGT,ACGAATAGGCGGTCTTTCCG
NDB_1221,TGCAAAGTCGTGGCTTCGTATATACTCAAC,GTTGAGTATATACGAAGCCA,TGGCTTCGTATATACTCAAC
NDB_1222,TCCATGCTGGCGTGATGACACGAGATTAAC,GTTAATCTCGTGTCATCACG,CGTGATGACACGAGATTAAC
NDB_1223,CTCTTTGTTAACGAGAAGTCGTCGCCGACG,CGTCGGCGACGACTTCTCGT,ACGAGAAGTCGTCGCCGACG
NDB_1224,CAGGTGGCGTTTACAATATCGACTCTTCAA,TTGAAGAGTCGATATTGTAA,TTACAATATCGACTCTTCAA
NDB_1225,CCAGAGGGTAATCCGCAATACGATCTCTTG,CAAGAGATCGTATTGCGGAT,ATCCGCAATACGATCTCTTG
NDB_1226,CTTGTATAGTTCGATGGCTCAGTACACATC,GATGTGTACTGAGCCATCGA,TCGATGGCTCAGTACACATC
NDB_1227,GCCAAGCAGCACGGTTTAACTGTCCATTAT,ATAATGGACAGTTAAACCGT,ACGGTTTAACTGTCCATTAT
NDB_1228,AGCATTTAATCGTTTCTTCCGGGCACTGGA,TCCAGTGCCCGGAAGAAACG,CGTTTCTTCCGGGCACTGGA
NDB_1229,GTCGATTTAGGTATATGCCTCACGCCGTTA,TAACGGCGTGAGGCATATAC,GTATATGCCTCACGCCGTTA
NDB_1230,GACCTTGTTACATCGACGTTCTCCAATGTA,TACATTGGAGAACGTCGATG,CATCGACGTTCTCCAATGTA
NDB_1231,TACTTAGTCGGTCAGAGTAGGACCTACCCA,TGGGTAGGTCCTACTCTGAC,GTCAGAGTAGGACCTACCCA
NDB_1232,GGCTACGTGTTGACGGTTTGATCGCCTTCA,TGAAGGCGATCAAACCGTCA,TGACGGTTTGATCGCCTTCA
NDB_1233,CATGATAAAGATCACTCGTCAGGGTTGCCT,AGGCAACCCTGACGAGTGAT,ATCACTCGTCAGGGTTGCCT
NDB_1234,GCTCATTACCCAGCGTACTGCGATTGAGGG,CCCTCAATCGCAGTACGCTG,CAGCGTACTGCGATTGAGGG
NDB_1235,ACCATTCCTACGGGTAATTGTGTCGCGATG,CATCGCGACACAATTACCCG,CGGGTAATTGTGTCGCGATG
NDB_1236,GCTCTTGGAACATACGTTGGCTGTCAACAC,GTGTTGACAGCCAACGTATG,CATACGTTGGCTGTCAACAC
NDB_1237,GCCATTCCTGAATAGGTTGCACGCGAGCTA,TAGCTCGCGTGCAACCTATT,AATAGGTTGCACGCGAGCTA
NDB_1238,GCCTTAACATCGTGTTGTGGAGACGCGCAT,ATGCGCGTCTCCACAACACG,CGTGTTGTGGAGACGCGCAT
NDB_1239,CTCAATGGCACGGGTACCCTAATTGGATCA,TGATCCAATTAGGGTACCCG,CGGGTACCCTAATTGGATCA
NDB_1240,ACCTATAACGACGGTCAGTGGGTAACCTTA,TAAGGTTACCCACTGACCGT,ACGGTCAGTGGGTAACCTTA
NDB_1241,GAACTCAATTACGGTAGGCTCCGCAGAGAT,ATCTCTGCGGAGCCTACCGT,ACGGTAGGCTCCGCAGAGAT
NDB_1242,CAGATCTGCAACAATCGGACACTGAGATAC,GTATCTCAGTGTCCGATTGT,ACAATCGGACACTGAGATAC
NDB_1243,CACCTGTAAGTAGCCCACGATATCGTTTAT,ATAAACGATATCGTGGGCTA,TAGCCCACGATATCGTTTAT
NDB_1244,ACCCTGATGGATGTGGGCGCCCGAATAAAG,CTTTATTCGGGCGCCCACAT,ATGTGGGCGCCCGAATAAAG
NDB_1245,GACCTTGTGAAGTCCCGCGCAAACATTATT,AATAATGTTTGCGCGGGACT,AGTCCCGCGCAAACATTATT
NDB_1246,CTACTAATAATAGCGGTGCGTCGGATTCGC,GCGAATCCGACGCACCGCTA,TAGCGGTGCGTCGGATTCGC
NDB_1247,CCAGATGTGAACATACCGCCGAGGATTGGG,CCCAATCCTCGGCGGTATGT,ACATACCGCCGAGGATTGGG
NDB_1248,TCCGTATAATTGGTTAGCCGAACAGGGTCC,GGACCCTGTTCGGCTAACCA,TGGTTAGCCGAACAGGGTCC
NDB_1249,ACCAAATAGCCTCGTCCTAGGAAAGTGTAT,ATACACTTTCCTAGGACGAG,CTCGTCCTAGGAAAGTGTAT
NDB_1250,GTTCTATATTGCCTGCCCGGGTGTCGATAG,CTATCGACACCCGGGCAGGC,GCCTGCCCGGGTGTCGATAG
NDB_1251,CTGATAATGATCCCAAGTGCGTCATCATTG,CAATGATGACGCACTTGGGA,TCCCAAGTGCGTCATCATTG
NDB_1252,ACTGAAGTTGTGCGTCAGCCCTATAAGCTC,GAGCTTATAGGGCTGACGCA,TGCGTCAGCCCTATAAGCTC
NDB_1253,AGCATACGAAGATGTACCAAGGACTCGTCC,GGACGAGTCCTTGGTACATC,GATGTACCAAGGACTCGTCC
NDB_1254,ACATTCTGGTTAGAGCACGTAACCATCTCT,AGAGATGGTTACGTGCTCTA,TAGAGCACGTAACCATCTCT
NDB_1255,CGGGACGTTATTCTCTTAGACCGAGTCCAT,ATGGACTCGGTCTAAGAGAA,TTCTCTTAGACCGAGTCCAT
NDB_1256,AGAATACGTATCGACACATCTAGACCGTCA,TGACGGTCTAGATGTGTCGA,TCGACACATCTAGACCGTCA
NDB_1257,CGACACGCTTATTTAGCTTCGAATAGGTAC,GTACCTATTCGAAGCTAAAT,ATTTAGCTTCGAATAGGTAC
NDB_1258,CGCGATTGTTACGTTTGGTCCCAAGACAGG,CCTGTCTTGGGACCAAACGT,ACGTTTGGTCCCAAGACAGG
NDB_1259,AACTTCGATGACAGACCGTGCCTCAGAAGT,ACTTCTGAGGCACGGTCTGT,ACAGACCGTGCCTCAGAAGT
NDB_1260,TCAGTAAGACGCTGCCTGCATAACGAACAA,TTGTTCGTTATGCAGGCAGC,GCTGCCTGCATAACGAACAA
NDB_1261,CCTGACGAAACTTGAGGAGGCGGCTAACAT,ATGTTAGCCGCCTCCTCAAG,CTTGAGGAGGCGGCTAACAT
NDB_1262,GTACAGTTCGCACCTGCGTGATAAGTCGTG,CACGACTTATCACGCAGGTG,CACCTGCGTGATAAGTCGTG
NDB_1263,GGCGATTACTGTACATGCGTTATTCCTCCA,TGGAGGAATAACGCATGTAC,GTACATGCGTTATTCCTCCA
NDB_1264,CATGTGGTTTCGTCTGCCAATTCGATCTTG,CAAGATCGAATTGGCAGACG,CGTCTGCCAATTCGATCTTG
NDB_1265,TTCTTGTTCCGGTAAATGACCCTGGTCTAA,TTAGACCAGGGTCATTTACC,GGTAAATGACCCTGGTCTAA
NDB_1266,TTGGTTAACAATCGTCCTTTCCAGCGTGTT,AACACGCTGGAAAGGACGAT,ATCGTCCTTTCCAGCGTGTT
NDB_1267,CGCATGAGCGAATTGTAGTGTCGTATCCAC,GTGGATACGACACTACAATT,AATTGTAGTGTCGTATCCAC
NDB_1268,GTCCTTTCAACATGATGCGCGTCGACTTTA,TAAAGTCGACGCGCATCATG,CATGATGCGCGTCGACTTTA
NDB_1269,ACGCACGATTAGGCGTTTAGTCATTGCCTC,GAGGCAATGACTAAACGCCT,AGGCGTTTAGTCATTGCCTC
NDB_1270,TCGTAGGCGGTCGGTACTTAAAGCTAACAC,GTGTTAGCTTTAAGTACCGA,TCGGTACTTAAAGCTAACAC
NDB_1271,CTCCTGAGCGTTTGGTGACCGCCATAGGTA,TACCTATGGCGGTCACCAAA,TTTGGTGACCGCCATAGGTA
NDB_1272,ACGATGCATCTGGTTCGGCTGATTGGCTCT,AGAGCCAATCAGCCGAACCA,TGGTTCGGCTGATTGGCTCT
NDB_1273,AACGTGGGATACAACTTCGCTTTACCAGTT,AACTGGTAAAGCGAAGTTGT,ACAACTTCGCTTTACCAGTT
NDB_1274,CCTATCCGATGGATAGCTCGGAACTTGAAG,CTTCAAGTTCCGAGCTATCC,GGATAGCTCGGAACTTGAAG
NDB_1275,CGCATAGACGCAATACTGGTGATGTCCAGA,TCTGGACATCACCAGTATTG,CAATACTGGTGATGTCCAGA
NDB_1276,GACTAACATGTACGGATTCCTCAAGCGTAC,GTACGCTTGAGGAATCCGTA,TACGGATTCCTCAAGCGTAC
NDB_1277,CAACATAGAATGGGCCTTCCCGATACAAAT,ATTTGTATCGGGAAGGCCCA,TGGGCCTTCCCGATACAAAT
NDB_1278,AGCTATATAGCGAGACCGGCAGGGTACACT,AGTGTACCCTGCCGGTCTCG,CGAGACCGGCAGGGTACACT
NDB_1279,ACGTTAATCTTGCTGACGGCTTGTCTCGCT,AGCGAGACAAGCCGTCAGCA,TGCTGACGGCTTGTCTCGCT
NDB_1280,AGCAACTATTGGGTGTCCTCCCGGCGTTTA,TAAACGCCGGGAGGACACCC,GGGTGTCCTCCCGGCGTTTA
NDB_1281,TATCTAGATAGATGTCGGCCCAGCTTTGCC,GGCAAAGCTGGGCCGACATC,GATGTCGGCCCAGCTTTGCC
NDB_1282,CGAGTATGACACGACAATTTGTACGACCGA,TCGGTCGTACAAATTGTCGT,ACGACAATTTGTACGACCGA
NDB_1283,TCTGTGTGATGCTCGGCCTAACACTTTCAA,TTGAAAGTGTTAGGCCGAGC,GCTCGGCCTAACACTTTCAA
NDB_1284,TAAGACCGAACACAGATAGCGTTCTTTGCA,TGCAAAGAACGCTATCTGTG,CACAGATAGCGTTCTTTGCA
NDB_1285,GCGGATGGTTCTACAAGGCTCGGATACCTT,AAGGTATCCGAGCCTTGTAG,CTACAAGGCTCGGATACCTT
NDB_1286,AGCCTTCTTACGTTCACGCACTAGTGTGTT,AACACACTAGTGCGTGAACG,CGTTCACGCACTAGTGTGTT
NDB_1287,GCGAATGGGCACAAAGCGTCAGTCTTAACT,AGTTAAGACTGACGCTTTGT,ACAAAGCGTCAGTCTTAACT
NDB_1288,TCGTTGCAGATCGTGAGTTATTTCGCACCC,GGGTGCGAAATAACTCACGA,TCGTGAGTTATTTCGCACCC
NDB_1289,TCCATGCGTTCTTGTAACGGCTGACAAGGT,ACCTTGTCAGCCGTTACAAG,CTTGTAACGGCTGACAAGGT
NDB_1290,CGATACGGTCGGTATTATGTTTCCTGCGCC,GGCGCAGGAAACATAATACC,GGTATTATGTTTCCTGCGCC
NDB_1291,GACGTTCTCGGGACTGATCGAGCTTCTTCA,TGAAGAAGCTCGATCAGTCC,GGACTGATCGAGCTTCTTCA
NDB_1292,AGGTTTGTATGCTACCGGTGCCAGTCCATG,CATGGACTGGCACCGGTAGC,GCTACCGGTGCCAGTCCATG
NDB_1293,ACCATACGTACCGACTTATACCTATTGGTG,CACCAATAGGTATAAGTCGG,CCGACTTATACCTATTGGTG
NDB_1294,CGCGATAGGCCAGTAACGTGTTAGACAGCG,CGCTGTCTAACACGTTACTG,CAGTAACGTGTTAGACAGCG
NDB_1295,CCAGTTTATGCCATGTCGTCATTACAGCTA,TAGCTGTAATGACGACATGG,CCATGTCGTCATTACAGCTA
NDB_1296,GCTGTTACCGGTGTCCGAGAAATTTGGCAC,GTGCCAAATTTCTCGGACAC,GTGTCCGAGAAATTTGGCAC
NDB_1297,TCGCTGAACTCGGAGTACACGTCTTATATA,TATATAAGACGTGTACTCCG,CGGAGTACACGTCTTATATA
NDB_1298,CTCTTGTCCGGGTGGCTCGTGTTATAGTAC,GTACTATAACACGAGCCACC,GGTGGCTCGTGTTATAGTAC
NDB_1299,CACTAATTACGAGGGAGTCGGTTGCGTTCC,GGAACGCAACCGACTCCCTC,GAGGGAGTCGGTTGCGTTCC
NDB_1300,GTCGTCCAGGCTATGTCGTGAGTTGCATCC,GGATGCAACTCACGACATAG,CTATGTCGTGAGTTGCATCC
NDB_1301,CACTACTTTGGCTAGATGATCGGTAGCACG,CGTGCTACCGATCATCTAGC,GCTAGATGATCGGTAGCACG
NDB_1302,GGAGTCGTTGTGAGCCTTCGCCATTACTGA,TCAGTAATGGCGAAGGCTCA,TGAGCCTTCGCCATTACTGA
NDB_1303,AACAAGCCCATTGACACACGTGAGTAATCG,CGATTACTCACGTGTGTCAA,TTGACACACGTGAGTAATCG
NDB_1304,TCACACTTGGTCAGGCGAGAAGCACTTATA,TATAAGTGCTTCTCGCCTGA,TCAGGCGAGAAGCACTTATA
NDB_1305,CTAGAGGTGTAATACCATAACGCCGCGTCA,TGACGCGGCGTTATGGTATT,AATACCATAACGCCGCGTCA
NDB_1306,GTGGTATCAGGCTTTGCGGCATTCTATGCC,GGCATAGAATGCCGCAAAGC,GCTTTGCGGCATTCTATGCC
NDB_1307,ATTTATGCCCGTGATCGGAATCTCCTTTCG,CGAAAGGAGATTCCGATCAC,GTGATCGGAATCTCCTTTCG
NDB_1308,AACTTATATCTTCCGTGGTAGGGCGACCGA,TCGGTCGCCCTACCACGGAA,TTCCGTGGTAGGGCGACCGA
NDB_1309,AGTTTAATACTACTATCGCACCGGGTACGT,ACGTACCCGGTGCGATAGTA,TACTATCGCACCGGGTACGT
NDB_1310,TAATTCGCAATACATGGGATCGTGACCCTC,GAGGGTCACGATCCCATGTA,TACATGGGATCGTGACCCTC
NDB_1311,CTCGAAGATATCAACGTAGGGTCACCTCGT,ACGAGGTGACCCTACGTTGA,TCAACGTAGGGTCACCTCGT
NDB_1312,TCCGAGGTCACTGGATAGCGATCGGCACTT,AAGTGCCGATCGCTATCCAG,CTGGATAGCGATCGGCACTT
NDB_1313,ATCTATTCGACTGTCCGCTGCGTTACTTGG,CCAAGTAACGCAGCGGACAG,CTGTCCGCTGCGTTACTTGG
NDB_1314,AACCTAGAGAATATGTCGCTCCCGTTATGT,ACATAACGGGAGCGACATAT,ATATGTCGCTCCCGTTATGT
NDB_1315,CAATAGATAGACCCGCGTCGAGCCAGTTAG,CTAACTGGCTCGACGCGGGT,ACCCGCGTCGAGCCAGTTAG
NDB_1316,GGCTATACGAATCGATATAAGGGTCCTCCC,GGGAGGACCCTTATATCGAT,ATCGATATAAGGGTCCTCCC
NDB_1317,AGTTAGCAAGCGTCTTAGGCACTCTGATCT,AGATCAGAGTGCCTAAGACG,CGTCTTAGGCACTCTGATCT
NDB_1318,GCGCTTGCGGATCAATCCATTCGGTTTACA,TGTAAACCGAATGGATTGAT,ATCAATCCATTCGGTTTACA
NDB_1319,CGCATACAGTTACGGGTTGATTGTGTACCC,GGGTACACAATCAACCCGTA,TACGGGTTGATTGTGTACCC
NDB_1320,TTACATCGTACAGAGCCCGCACTTGATTAT,ATAATCAAGTGCGGGCTCTG,CAGAGCCCGCACTTGATTAT
NDB_1321,GCAATAACAGTAAGCGTTTCCGGCCTGATG,CATCAGGCCGGAAACGCTTA,TAAGCGTTTCCGGCCTGATG
NDB_1322,TGCAATAGTAAAGCGTAATGACCTGCTCCA,TGGAGCAGGTCATTACGCTT,AAGCGTAATGACCTGCTCCA
NDB_1323,CCAATATACGTTATGGTACCTTCGACCTGT,ACAGGTCGAAGGTACCATAA,TTATGGTACCTTCGACCTGT
NDB_1324,TAGTAGTACTGAACCCGACATCAGGGCGAG,CTCGCCCTGATGTCGGGTTC,GAACCCGACATCAGGGCGAG
