,r1,r2,r3,r4,r5,r6,r7,r8,r9,r10,r11,r12,r13,r14,r15,r16,r17,r18,r19,r20,r21
intID1,1,1,1,1,1,0,0,0,0,0,0,0,0,0,0,0,0,0,0,0,1
intID2,1,1,1,1,0,0,1,0,1,0,0,0,0,0,0,0,0,0,0,0,0
intID3,1,1,1,1,0,0,0,0,0,1,0,0,0,0,0,0,0,0,1,0,0
intID4,1,1,1,1,0,0,0,0,0,0,1,0,0,0,0,0,1,0,0,0,0
intID5,1,1,1,1,0,0,0,0,0,0,0,1,0,1,0,0,0,0,0,0,0
intID6,1,1,1,1,0,0,0,0,0,0,0,0,1,0,1,0,0,0,0,0,0
intID7,1,1,1,1,0,0,0,0,0,0,0,0,0,0,0,1,0,1,0,0,0
intID8,1,1,1,0,1,0,0,0,0,0,0,1,0,0,0,0,0,0,1,0,0
intID9,1,1,1,0,1,0,0,0,0,0,0,0,1,0,0,0,0,1,0,0,0
intID10,1,1,1,0,1,0,0,0,0,0,0,0,0,0,1,0,1,0,0,0,0
intID11,1,1,1,0,0,1,0,0,1,0,0,0,0,0,0,0,0,0,0,0,1
intID12,1,1,1,0,0,1,0,0,0,1,1,0,0,0,0,0,0,0,0,0,0
intID13,1,1,1,0,0,1,0,0,0,0,0,1,1,0,0,0,0,0,0,0,0
intID14,1,1,1,0,0,1,0,0,0,0,0,0,0,1,1,0,0,0,0,0,0
intID15,1,1,1,0,0,1,0,0,0,0,0,0,0,0,0,1,1,0,0,0,0
intID16,1,1,1,0,0,1,0,0,0,0,0,0,0,0,0,0,0,1,1,0,0
intID17,1,1,1,0,0,0,1,0,0,1,0,0,0,0,0,0,1,0,0,0,0
intID18,1,1,1,0,0,0,1,0,0,0,1,0,0,0,1,0,0,0,0,0,0
intID19,1,1,1,0,0,0,1,0,0,0,0,0,0,1,0,0,0,1,0,0,0
intID20,1,1,1,0,0,0,1,0,0,0,0,0,0,0,0,1,0,0,1,0,0
intID21,1,1,1,0,0,0,0,1,0,1,0,1,0,0,0,0,0,0,0,0,0
intID22,1,1,1,0,0,0,0,1,0,0,0,0,1,1,0,0,0,0,0,0,0
intID23,1,1,1,0,0,0,0,1,0,0,0,0,0,0,1,1,0,0,0,0,0
intID24,1,1,1,0,0,0,0,1,0,0,0,0,0,0,0,0,1,1,0,0,0
intID25,1,1,1,0,0,0,0,1,0,0,0,0,0,0,0,0,0,0,0,1,1
intID26,1,1,1,0,0,0,0,0,1,0,1,0,0,0,0,1,0,0,0,0,0
intID27,1,1,1,0,0,0,0,0,1,0,0,1,0,0,1,0,0,0,0,0,0
intID28,1,1,1,0,0,0,0,0,1,0,0,0,1,0,0,0,1,0,0,0,0
intID29,1,1,1,0,0,0,0,0,1,0,0,0,0,1,0,0,0,0,1,0,0
intID30,1,1,1,0,0,0,0,0,0,1,0,0,0,1,0,0,0,0,0,1,0
intID31,1,1,1,0,0,0,0,0,0,0,1,1,0,0,0,0,0,0,0,1,0
intID32,1,1,1,0,0,0,0,0,0,0,1,0,0,1,0,0,0,0,0,0,1
intID33,1,1,1,0,0,0,0,0,0,0,0,0,1,0,0,1,0,0,0,0,1
intID34,1,1,1,0,0,0,0,0,0,0,0,0,0,0,0,0,1,0,1,0,1
intID35,1,1,0,1,1,0,0,0,0,1,1,0,0,0,0,0,0,0,0,0,0
intID36,1,1,0,1,1,0,0,0,0,0,0,1,1,0,0,0,0,0,0,0,0
intID37,1,1,0,1,1,0,0,0,0,0,0,0,0,1,1,0,0,0,0,0,0
intID38,1,1,0,1,1,0,0,0,0,0,0,0,0,0,0,1,1,0,0,0,0
intID39,1,1,0,1,0,1,1,0,0,0,0,0,0,0,0,0,0,0,0,0,1
intID40,1,1,0,1,0,1,0,1,0,0,0,0,0,0,0,0,0,0,0,1,0
intID41,1,1,0,1,0,1,0,0,0,0,1,0,0,0,1,0,0,0,0,0,0
intID42,1,1,0,1,0,1,0,0,0,0,0,1,0,0,0,1,0,0,0,0,0
intID43,1,1,0,1,0,1,0,0,0,0,0,0,1,0,0,0,0,0,1,0,0
intID44,1,1,0,1,0,1,0,0,0,0,0,0,0,1,0,0,0,1,0,0,0
intID45,1,1,0,1,0,0,1,0,0,0,1,1,0,0,0,0,0,0,0,0,0
intID46,1,1,0,1,0,0,1,0,0,0,0,0,1,0,0,1,0,0,0,0,0
intID47,1,1,0,1,0,0,1,0,0,0,0,0,0,0,1,0,0,1,0,0,0
intID48,1,1,0,1,0,0,1,0,0,0,0,0,0,0,0,0,1,0,1,0,0
intID49,1,1,0,1,0,0,0,1,0,1,0,0,1,0,0,0,0,0,0,0,0
intID50,1,1,0,1,0,0,0,1,0,0,1,0,0,0,0,0,0,1,0,0,0
intID51,1,1,0,1,0,0,0,1,0,0,0,1,0,0,0,0,0,0,1,0,0
intID52,1,1,0,1,0,0,0,1,0,0,0,0,0,1,0,1,0,0,0,0,0
intID53,1,1,0,1,0,0,0,1,0,0,0,0,0,0,1,0,1,0,0,0,0
intID54,1,1,0,1,0,0,0,0,1,1,0,1,0,0,0,0,0,0,0,0,0
intID55,1,1,0,1,0,0,0,0,1,0,1,0,0,0,0,0,0,0,1,0,0
intID56,1,1,0,1,0,0,0,0,1,0,0,0,1,1,0,0,0,0,0,0,0
intID57,1,1,0,1,0,0,0,0,1,0,0,0,0,0,1,1,0,0,0,0,0
intID58,1,1,0,1,0,0,0,0,1,0,0,0,0,0,0,0,1,1,0,0,0
intID59,1,1,0,1,0,0,0,0,1,0,0,0,0,0,0,0,0,0,0,1,1
intID60,1,1,0,1,0,0,0,0,0,1,0,0,0,0,1,0,0,0,0,0,1
intID61,1,1,0,1,0,0,0,0,0,1,0,0,0,0,0,0,0,1,0,1,0
intID62,1,1,0,1,0,0,0,0,0,0,0,1,0,0,1,0,0,0,0,1,0
intID63,1,1,0,1,0,0,0,0,0,0,0,0,1,0,0,0,1,0,0,0,1
intID64,1,1,0,1,0,0,0,0,0,0,0,0,0,1,0,0,0,0,1,0,1
intID65,1,1,0,1,0,0,0,0,0,0,0,0,0,0,0,1,0,0,1,1,0
intID66,1,1,0,0,1,1,0,0,0,0,0,1,0,0,0,0,0,1,0,0,0
intID67,1,1,0,0,1,1,0,0,0,0,0,0,1,0,1,0,0,0,0,0,0
intID68,1,1,0,0,1,1,0,0,0,0,0,0,0,1,0,0,1,0,0,0,0
intID69,1,1,0,0,1,1,0,0,0,0,0,0,0,0,0,1,0,0,1,0,0
intID70,1,1,0,0,1,1,0,0,0,0,0,0,0,0,0,0,0,0,0,1,1
intID71,1,1,0,0,1,0,1,0,1,0,0,0,0,0,0,0,0,0,0,0,1
intID72,1,1,0,0,1,0,1,0,0,1,0,0,0,0,0,0,0,1,0,0,0
intID73,1,1,0,0,1,0,1,0,0,0,1,0,0,0,0,1,0,0,0,0,0
intID74,1,1,0,0,1,0,1,0,0,0,0,1,0,0,1,0,0,0,0,0,0
intID75,1,1,0,0,1,0,1,0,0,0,0,0,1,0,0,0,1,0,0,0,0
intID76,1,1,0,0,1,0,1,0,0,0,0,0,0,1,0,0,0,0,1,0,0
intID77,1,1,0,0,1,0,0,1,1,0,0,0,0,0,0,0,0,0,0,1,0
intID78,1,1,0,0,1,0,0,1,0,1,0,0,0,1,0,0,0,0,0,0,0
intID79,1,1,0,0,1,0,0,1,0,0,1,1,0,0,0,0,0,0,0,0,0
intID80,1,1,0,0,1,0,0,1,0,0,0,0,1,0,0,1,0,0,0,0,0
intID81,1,1,0,0,1,0,0,1,0,0,0,0,0,0,1,0,0,1,0,0,0
intID82,1,1,0,0,1,0,0,1,0,0,0,0,0,0,0,0,1,0,1,0,0
intID83,1,1,0,0,1,0,0,0,1,1,0,0,0,0,0,0,1,0,0,0,0
intID84,1,1,0,0,1,0,0,0,1,0,1,0,0,0,1,0,0,0,0,0,0
intID85,1,1,0,0,1,0,0,0,1,0,0,1,0,0,0,1,0,0,0,0,0
intID86,1,1,0,0,1,0,0,0,1,0,0,0,1,0,0,0,0,0,1,0,0
intID87,1,1,0,0,1,0,0,0,1,0,0,0,0,1,0,0,0,1,0,0,0
intID88,1,1,0,0,1,0,0,0,0,1,0,1,0,0,0,0,0,0,0,0,1
intID89,1,1,0,0,1,0,0,0,0,0,1,0,0,0,0,0,0,0,1,0,1
intID90,1,1,0,0,1,0,0,0,0,0,0,0,1,1,0,0,0,0,0,0,1
intID91,1,1,0,0,1,0,0,0,0,0,0,0,0,0,1,1,0,0,0,0,1
intID92,1,1,0,0,1,0,0,0,0,0,0,0,0,0,0,0,1,1,0,1,0
intID93,1,1,0,0,0,1,1,0,0,1,0,1,0,0,0,0,0,0,0,0,0
intID94,1,1,0,0,0,1,1,0,0,0,1,0,0,0,0,0,0,0,1,0,0
intID95,1,1,0,0,0,1,1,0,0,0,0,0,1,1,0,0,0,0,0,0,0
intID96,1,1,0,0,0,1,1,0,0,0,0,0,0,0,1,1,0,0,0,0,0
intID97,1,1,0,0,0,1,1,0,0,0,0,0,0,0,0,0,1,1,0,0,0
intID98,1,1,0,0,0,1,0,1,0,1,0,0,0,0,0,0,0,1,0,0,0
intID99,1,1,0,0,0,1,0,1,0,0,1,0,0,0,0,1,0,0,0,0,0
intID100,1,1,0,0,0,1,0,1,0,0,0,1,0,0,1,0,0,0,0,0,0
intID101,1,1,0,0,0,1,0,1,0,0,0,0,1,0,0,0,1,0,0,0,0
intID102,1,1,0,0,0,1,0,1,0,0,0,0,0,1,0,0,0,0,1,0,0
intID103,1,1,0,0,0,1,0,0,1,1,0,0,0,1,0,0,0,0,0,0,0
intID104,1,1,0,0,0,1,0,0,1,0,1,1,0,0,0,0,0,0,0,0,0
intID105,1,1,0,0,0,1,0,0,1,0,0,0,1,0,0,1,0,0,0,0,0
intID106,1,1,0,0,0,1,0,0,1,0,0,0,0,0,1,0,0,1,0,0,0
intID107,1,1,0,0,0,1,0,0,1,0,0,0,0,0,0,0,1,0,1,0,0
intID108,1,1,0,0,0,1,0,0,0,1,0,0,1,0,0,0,0,0,0,0,1
intID109,1,1,0,0,0,1,0,0,0,1,0,0,0,0,0,1,0,0,0,1,0
intID110,1,1,0,0,0,1,0,0,0,0,1,0,0,1,0,0,0,0,0,1,0
intID111,1,1,0,0,0,1,0,0,0,0,1,0,0,0,0,0,0,1,0,0,1
intID112,1,1,0,0,0,1,0,0,0,0,0,0,0,0,1,0,0,0,1,1,0
intID113,1,1,0,0,0,0,1,1,0,1,1,0,0,0,0,0,0,0,0,0,0
intID114,1,1,0,0,0,0,1,1,0,0,0,1,1,0,0,0,0,0,0,0,0
intID115,1,1,0,0,0,0,1,1,0,0,0,0,0,1,1,0,0,0,0,0,0
intID116,1,1,0,0,0,0,1,1,0,0,0,0,0,0,0,1,1,0,0,0,0
intID117,1,1,0,0,0,0,1,1,0,0,0,0,0,0,0,0,0,1,1,0,0
intID118,1,1,0,0,0,0,1,0,1,0,0,1,0,0,0,0,0,0,1,0,0
intID119,1,1,0,0,0,0,1,0,1,0,0,0,1,0,0,0,0,1,0,0,0
intID120,1,1,0,0,0,0,1,0,1,0,0,0,0,1,0,1,0,0,0,0,0
intID121,1,1,0,0,0,0,1,0,0,1,0,0,0,0,0,0,0,0,1,1,0
intID122,1,1,0,0,0,0,1,0,0,0,1,0,0,0,0,0,1,0,0,0,1
intID123,1,1,0,0,0,0,1,0,0,0,0,1,0,1,0,0,0,0,0,0,1
intID124,1,1,0,0,0,0,1,0,0,0,0,0,1,0,1,0,0,0,0,0,1
intID125,1,1,0,0,0,0,1,0,0,0,0,0,0,0,0,1,0,1,0,0,1
intID126,1,1,0,0,0,0,0,1,1,0,1,0,1,0,0,0,0,0,0,0,0
intID127,1,1,0,0,0,0,0,1,1,0,0,1,0,0,0,0,0,1,0,0,0
intID128,1,1,0,0,0,0,0,1,1,0,0,0,0,1,0,0,1,0,0,0,0
intID129,1,1,0,0,0,0,0,1,1,0,0,0,0,0,0,1,0,0,1,0,0
intID130,1,1,0,0,0,0,0,1,0,1,0,0,0,0,0,0,1,0,0,0,1
intID131,1,1,0,0,0,0,0,1,0,0,1,0,0,0,1,0,0,0,0,0,1
intID132,1,1,0,0,0,0,0,1,0,0,0,1,0,0,0,1,0,0,0,0,1
intID133,1,1,0,0,0,0,0,1,0,0,0,0,1,0,0,0,0,0,1,0,1
intID134,1,1,0,0,0,0,0,1,0,0,0,0,0,1,0,0,0,1,0,0,1
intID135,1,1,0,0,0,0,0,0,1,1,1,0,0,0,0,0,0,0,0,0,1
intID136,1,1,0,0,0,0,0,0,1,0,0,0,0,1,1,0,0,0,0,0,1
intID137,1,1,0,0,0,0,0,0,1,0,0,0,0,0,0,1,1,0,0,0,1
intID138,1,1,0,0,0,0,0,0,1,0,0,0,0,0,0,0,0,1,1,0,1
intID139,1,1,0,0,0,0,0,0,0,1,1,1,1,0,0,0,0,0,0,0,0
intID140,1,1,0,0,0,0,0,0,0,1,1,0,0,1,0,1,0,0,0,0,0
intID141,1,1,0,0,0,0,0,0,0,1,1,0,0,0,1,0,0,0,1,0,0
intID142,1,1,0,0,0,0,0,0,0,1,1,0,0,0,0,0,1,1,0,0,0
intID143,1,1,0,0,0,0,0,0,0,1,0,1,0,1,0,0,0,1,0,0,0
intID144,1,1,0,0,0,0,0,0,0,1,0,1,0,0,1,1,0,0,0,0,0
intID145,1,1,0,0,0,0,0,0,0,1,0,1,0,0,0,0,1,0,1,0,0
intID146,1,1,0,0,0,0,0,0,0,1,0,0,1,1,0,0,0,0,1,0,0
intID147,1,1,0,0,0,0,0,0,0,1,0,0,1,0,1,0,0,1,0,0,0
intID148,1,1,0,0,0,0,0,0,0,1,0,0,0,1,1,0,1,0,0,0,0
intID149,1,1,0,0,0,0,0,0,0,1,0,0,0,0,0,1,0,0,1,0,1
intID150,1,1,0,0,0,0,0,0,0,0,1,1,0,1,0,0,1,0,0,0,0
intID151,1,1,0,0,0,0,0,0,0,0,1,1,0,0,1,0,0,1,0,0,0
intID152,1,1,0,0,0,0,0,0,0,0,1,0,1,1,1,0,0,0,0,0,0
intID153,1,1,0,0,0,0,0,0,0,0,1,0,1,0,0,1,0,1,0,0,0
intID154,1,1,0,0,0,0,0,0,0,0,1,0,1,0,0,0,1,0,1,0,0
intID155,1,1,0,0,0,0,0,0,0,0,1,0,1,0,0,0,0,0,0,1,1
intID156,1,1,0,0,0,0,0,0,0,0,1,0,0,0,1,1,1,0,0,0,0
intID157,1,1,0,0,0,0,0,0,0,0,0,1,1,1,0,1,0,0,0,0,0
intID158,1,1,0,0,0,0,0,0,0,0,0,1,1,0,0,0,0,1,1,0,0
intID159,1,1,0,0,0,0,0,0,0,0,0,1,0,1,0,0,0,0,1,1,0
intID160,1,1,0,0,0,0,0,0,0,0,0,1,0,0,1,0,1,0,0,0,1
intID161,1,1,0,0,0,0,0,0,0,0,0,1,0,0,0,1,1,1,0,0,0
intID162,1,1,0,0,0,0,0,0,0,0,0,1,0,0,0,0,0,1,0,1,1
intID163,1,1,0,0,0,0,0,0,0,0,0,0,1,0,1,1,0,0,1,0,0
intID164,1,1,0,0,0,0,0,0,0,0,0,0,0,1,0,1,0,0,0,1,1
intID165,1,1,0,0,0,0,0,0,0,0,0,0,0,0,1,0,1,1,1,0,0
intID166,1,0,1,1,1,0,0,0,0,1,0,0,0,1,0,0,0,0,0,0,0
intID167,1,0,1,1,1,0,0,0,0,0,1,1,0,0,0,0,0,0,0,0,0
intID168,1,0,1,1,1,0,0,0,0,0,0,0,1,0,0,1,0,0,0,0,0
intID169,1,0,1,1,1,0,0,0,0,0,0,0,0,0,1,0,0,1,0,0,0
intID170,1,0,1,1,1,0,0,0,0,0,0,0,0,0,0,0,1,0,1,0,0
intID171,1,0,1,1,0,1,0,1,0,0,0,0,0,0,0,0,0,0,0,0,1
intID172,1,0,1,1,0,1,0,0,0,1,0,1,0,0,0,0,0,0,0,0,0
intID173,1,0,1,1,0,1,0,0,0,0,1,0,0,0,0,0,0,0,1,0,0
intID174,1,0,1,1,0,1,0,0,0,0,0,0,1,1,0,0,0,0,0,0,0
intID175,1,0,1,1,0,1,0,0,0,0,0,0,0,0,1,1,0,0,0,0,0
intID176,1,0,1,1,0,1,0,0,0,0,0,0,0,0,0,0,1,1,0,0,0
intID177,1,0,1,1,0,0,1,0,0,1,0,0,1,0,0,0,0,0,0,0,0
intID178,1,0,1,1,0,0,1,0,0,0,1,0,0,0,0,0,0,1,0,0,0
intID179,1,0,1,1,0,0,1,0,0,0,0,1,0,0,0,0,0,0,1,0,0
intID180,1,0,1,1,0,0,1,0,0,0,0,0,0,1,0,1,0,0,0,0,0
intID181,1,0,1,1,0,0,1,0,0,0,0,0,0,0,0,0,0,0,0,1,1
intID182,1,0,1,1,0,0,0,1,1,0,0,0,0,0,0,0,0,0,0,1,0
intID183,1,0,1,1,0,0,0,1,0,1,0,0,0,0,0,0,0,1,0,0,0
intID184,1,0,1,1,0,0,0,1,0,0,1,0,0,0,0,1,0,0,0,0,0
intID185,1,0,1,1,0,0,0,1,0,0,0,0,1,0,0,0,1,0,0,0,0
intID186,1,0,1,1,0,0,0,1,0,0,0,0,0,1,0,0,0,0,1,0,0
intID187,1,0,1,1,0,0,0,0,1,1,0,0,0,0,0,1,0,0,0,0,0
intID188,1,0,1,1,0,0,0,0,1,0,1,0,0,1,0,0,0,0,0,0,0
intID189,1,0,1,1,0,0,0,0,1,0,0,1,0,0,0,0,1,0,0,0,0
intID190,1,0,1,1,0,0,0,0,1,0,0,0,1,0,0,0,0,1,0,0,0
intID191,1,0,1,1,0,0,0,0,1,0,0,0,0,0,1,0,0,0,1,0,0
intID192,1,0,1,1,0,0,0,0,0,1,1,0,0,0,0,0,0,0,0,1,0
intID193,1,0,1,1,0,0,0,0,0,1,0,0,0,0,0,0,1,0,0,0,1
intID194,1,0,1,1,0,0,0,0,0,0,0,1,0,0,0,1,0,0,0,0,1
intID195,1,0,1,1,0,0,0,0,0,0,0,0,0,1,1,0,0,0,0,1,0
intID196,1,0,1,1,0,0,0,0,0,0,0,0,0,0,0,0,0,1,1,1,0
intID197,1,0,1,0,1,1,1,0,0,0,0,0,0,0,0,0,0,0,0,0,1
intID198,1,0,1,0,1,1,0,0,0,1,0,0,0,0,0,0,0,1,0,0,0
intID199,1,0,1,0,1,1,0,0,0,0,1,0,0,0,0,1,0,0,0,0,0
intID200,1,0,1,0,1,1,0,0,0,0,0,0,1,0,0,0,1,0,0,0,0
intID201,1,0,1,0,1,1,0,0,0,0,0,0,0,1,0,0,0,0,1,0,0
intID202,1,0,1,0,1,0,1,0,1,0,0,0,0,0,0,0,0,0,0,1,0
intID203,1,0,1,0,1,0,1,0,0,1,1,0,0,0,0,0,0,0,0,0,0
intID204,1,0,1,0,1,0,1,0,0,0,0,1,1,0,0,0,0,0,0,0,0
intID205,1,0,1,0,1,0,1,0,0,0,0,0,0,1,1,0,0,0,0,0,0
intID206,1,0,1,0,1,0,0,1,0,1,0,0,0,0,0,0,1,0,0,0,0
intID207,1,0,1,0,1,0,0,1,0,0,1,0,0,0,1,0,0,0,0,0,0
intID208,1,0,1,0,1,0,0,1,0,0,0,1,0,0,0,1,0,0,0,0,0
intID209,1,0,1,0,1,0,0,1,0,0,0,0,1,0,0,0,0,0,1,0,0
intID210,1,0,1,0,1,0,0,1,0,0,0,0,0,1,0,0,0,1,0,0,0
intID211,1,0,1,0,1,0,0,0,1,1,0,1,0,0,0,0,0,0,0,0,0
intID212,1,0,1,0,1,0,0,0,1,0,0,0,1,1,0,0,0,0,0,0,0
intID213,1,0,1,0,1,0,0,0,1,0,0,0,0,0,1,1,0,0,0,0,0
intID214,1,0,1,0,1,0,0,0,1,0,0,0,0,0,0,0,1,1,0,0,0
intID215,1,0,1,0,1,0,0,0,0,0,1,0,1,0,0,0,0,0,0,1,0
intID216,1,0,1,0,1,0,0,0,0,0,0,0,0,0,1,0,0,0,1,0,1
intID217,1,0,1,0,1,0,0,0,0,0,0,0,0,0,0,1,0,0,1,1,0
intID218,1,0,1,0,1,0,0,0,0,0,0,0,0,0,0,0,0,1,0,1,1
intID219,1,0,1,0,0,1,1,0,0,1,0,0,0,0,0,1,0,0,0,0,0
intID220,1,0,1,0,0,1,1,0,0,0,1,0,0,1,0,0,0,0,0,0,0
intID221,1,0,1,0,0,1,1,0,0,0,0,1,0,0,0,0,1,0,0,0,0
intID222,1,0,1,0,0,1,1,0,0,0,0,0,0,0,1,0,0,0,1,0,0
intID223,1,0,1,0,0,1,0,1,0,0,1,1,0,0,0,0,0,0,0,0,0
intID224,1,0,1,0,0,1,0,1,0,0,0,0,1,0,0,1,0,0,0,0,0
intID225,1,0,1,0,0,1,0,1,0,0,0,0,0,0,1,0,0,1,0,0,0
intID226,1,0,1,0,0,1,0,1,0,0,0,0,0,0,0,0,1,0,1,0,0
intID227,1,0,1,0,0,1,0,0,1,0,1,0,0,0,0,0,0,1,0,0,0
intID228,1,0,1,0,0,1,0,0,1,0,0,0,1,0,0,0,0,0,1,0,0
intID229,1,0,1,0,0,1,0,0,1,0,0,0,0,1,0,1,0,0,0,0,0
intID230,1,0,1,0,0,1,0,0,1,0,0,0,0,0,1,0,1,0,0,0,0
intID231,1,0,1,0,0,1,0,0,0,1,0,0,0,0,1,0,0,0,0,1,0
intID232,1,0,1,0,0,1,0,0,0,1,0,0,0,0,0,0,0,0,1,0,1
intID233,1,0,1,0,0,1,0,0,0,0,1,0,0,0,0,0,1,0,0,0,1
intID234,1,0,1,0,0,1,0,0,0,0,0,1,0,1,0,0,0,0,0,0,1
intID235,1,0,1,0,0,1,0,0,0,0,0,1,0,0,0,0,0,1,0,1,0
intID236,1,0,1,0,0,1,0,0,0,0,0,0,1,0,1,0,0,0,0,0,1
intID237,1,0,1,0,0,1,0,0,0,0,0,0,0,1,0,0,1,0,0,1,0
intID238,1,0,1,0,0,1,0,0,0,0,0,0,0,0,0,1,0,1,0,0,1
intID239,1,0,1,0,0,0,1,1,0,0,1,0,0,0,0,0,1,0,0,0,0
intID240,1,0,1,0,0,0,1,1,0,0,0,1,0,1,0,0,0,0,0,0,0
intID241,1,0,1,0,0,0,1,1,0,0,0,0,1,0,1,0,0,0,0,0,0
intID242,1,0,1,0,0,0,1,1,0,0,0,0,0,0,0,1,0,1,0,0,0
intID243,1,0,1,0,0,0,1,0,1,1,0,0,0,1,0,0,0,0,0,0,0
intID244,1,0,1,0,0,0,1,0,1,0,0,0,1,0,0,1,0,0,0,0,0
intID245,1,0,1,0,0,0,1,0,1,0,0,0,0,0,1,0,0,1,0,0,0
intID246,1,0,1,0,0,0,1,0,1,0,0,0,0,0,0,0,1,0,1,0,0
intID247,1,0,1,0,0,0,1,0,0,1,0,0,0,0,0,0,0,1,0,1,0
intID248,1,0,1,0,0,0,1,0,0,0,0,1,0,0,1,0,0,0,0,0,1
intID249,1,0,1,0,0,0,1,0,0,0,0,0,1,1,0,0,0,0,0,1,0
intID250,1,0,1,0,0,0,1,0,0,0,0,0,0,1,0,0,0,0,1,0,1
intID251,1,0,1,0,0,0,1,0,0,0,0,0,0,0,1,1,0,0,0,1,0
intID252,1,0,1,0,0,0,1,0,0,0,0,0,0,0,0,0,1,1,0,0,1
intID253,1,0,1,0,0,0,0,1,1,1,1,0,0,0,0,0,0,0,0,0,0
intID254,1,0,1,0,0,0,0,1,1,0,0,1,1,0,0,0,0,0,0,0,0
intID255,1,0,1,0,0,0,0,1,1,0,0,0,0,0,0,0,0,1,1,0,0
intID256,1,0,1,0,0,0,0,1,0,1,0,0,0,0,0,1,0,0,0,1,0
intID257,1,0,1,0,0,0,0,1,0,0,1,0,0,1,0,0,0,0,0,1,0
intID258,1,0,1,0,0,0,0,1,0,0,1,0,0,0,0,0,0,1,0,0,1
intID259,1,0,1,0,0,0,0,1,0,0,0,1,0,0,0,0,0,0,1,0,1
intID260,1,0,1,0,0,0,0,1,0,0,0,0,1,0,0,0,0,1,0,1,0
intID261,1,0,1,0,0,0,0,1,0,0,0,0,0,1,0,1,0,0,0,0,1
intID262,1,0,1,0,0,0,0,1,0,0,0,0,0,0,1,0,1,0,0,0,1
intID263,1,0,1,0,0,0,0,1,0,0,0,0,0,0,1,0,0,0,1,1,0
intID264,1,0,1,0,0,0,0,0,1,1,0,0,0,0,1,0,0,0,0,0,1
intID265,1,0,1,0,0,0,0,0,1,1,0,0,0,0,0,0,0,0,1,1,0
intID266,1,0,1,0,0,0,0,0,1,0,1,0,1,0,0,0,0,0,0,0,1
intID267,1,0,1,0,0,0,0,0,1,0,1,0,0,0,0,0,1,0,0,1,0
intID268,1,0,1,0,0,0,0,0,1,0,0,1,0,0,0,0,0,1,0,0,1
intID269,1,0,1,0,0,0,0,0,1,0,0,0,1,0,1,0,0,0,0,1,0
intID270,1,0,1,0,0,0,0,0,1,0,0,0,0,1,0,0,1,0,0,0,1
intID271,1,0,1,0,0,0,0,0,1,0,0,0,0,0,0,1,0,1,0,1,0
intID272,1,0,1,0,0,0,0,0,0,1,1,0,1,0,0,0,0,0,1,0,0
intID273,1,0,1,0,0,0,0,0,0,1,1,0,0,0,0,1,0,1,0,0,0
intID274,1,0,1,0,0,0,0,0,0,1,0,1,1,0,0,0,0,1,0,0,0
intID275,1,0,1,0,0,0,0,0,0,1,0,1,0,0,0,1,1,0,0,0,0
intID276,1,0,1,0,0,0,0,0,0,1,0,0,1,0,1,1,0,0,0,0,0
intID277,1,0,1,0,0,0,0,0,0,1,0,0,1,0,0,0,1,0,0,1,0
intID278,1,0,1,0,0,0,0,0,0,1,0,0,0,0,0,0,1,1,1,0,0
intID279,1,0,1,0,0,0,0,0,0,0,1,1,0,0,1,1,0,0,0,0,0
intID280,1,0,1,0,0,0,0,0,0,0,1,1,0,0,0,0,0,1,1,0,0
intID281,1,0,1,0,0,0,0,0,0,0,1,0,0,1,0,0,1,1,0,0,0
intID282,1,0,1,0,0,0,0,0,0,0,1,0,0,0,1,0,0,0,0,1,1
intID283,1,0,1,0,0,0,0,0,0,0,1,0,0,0,0,1,1,0,1,0,0
intID284,1,0,1,0,0,0,0,0,0,0,0,1,1,1,1,0,0,0,0,0,0
intID285,1,0,1,0,0,0,0,0,0,0,0,1,0,1,0,1,0,0,0,1,0
intID286,1,0,1,0,0,0,0,0,0,0,0,1,0,1,0,0,1,0,1,0,0
intID287,1,0,1,0,0,0,0,0,0,0,0,1,0,0,1,0,1,0,0,1,0
intID288,1,0,1,0,0,0,0,0,0,0,0,0,1,0,1,0,1,0,1,0,0
intID289,1,0,1,0,0,0,0,0,0,0,0,0,1,0,0,1,1,1,0,0,0
intID290,1,0,1,0,0,0,0,0,0,0,0,0,0,1,1,1,1,0,0,0,0
intID291,1,0,1,0,0,0,0,0,0,0,0,0,0,0,1,1,0,1,1,0,0
intID292,1,0,0,1,1,1,0,0,1,0,0,0,0,0,0,0,0,0,0,0,1
intID293,1,0,0,1,1,1,0,0,0,1,0,0,0,0,0,0,0,0,0,1,0
intID294,1,0,0,1,1,1,0,0,0,0,0,1,0,0,0,0,0,0,1,0,0
intID295,1,0,0,1,1,1,0,0,0,0,0,0,1,0,0,0,0,1,0,0,0
intID296,1,0,0,1,1,1,0,0,0,0,0,0,0,1,0,1,0,0,0,0,0
intID297,1,0,0,1,1,1,0,0,0,0,0,0,0,0,1,0,1,0,0,0,0
intID298,1,0,0,1,1,0,1,1,0,0,0,0,0,0,0,0,0,0,0,0,1
intID299,1,0,0,1,1,0,1,0,0,1,0,0,0,0,0,0,1,0,0,0,0
intID300,1,0,0,1,1,0,1,0,0,0,1,0,0,0,1,0,0,0,0,0,0
intID301,1,0,0,1,1,0,1,0,0,0,0,1,0,0,0,1,0,0,0,0,0
intID302,1,0,0,1,1,0,1,0,0,0,0,0,1,0,0,0,0,0,1,0,0
intID303,1,0,0,1,1,0,1,0,0,0,0,0,0,1,0,0,0,1,0,0,0
intID304,1,0,0,1,1,0,0,0,1,0,0,1,0,0,1,0,0,0,0,0,0
intID305,1,0,0,1,1,0,0,0,1,0,0,0,0,1,0,0,0,0,1,0,0
intID306,1,0,0,1,1,0,0,0,0,1,0,0,0,0,0,0,0,1,0,0,1
intID307,1,0,0,1,1,0,0,0,0,0,1,0,0,0,0,1,0,0,0,1,0
intID308,1,0,0,1,1,0,0,0,0,0,1,0,0,0,0,0,1,0,0,0,1
intID309,1,0,0,1,1,0,0,0,0,0,0,0,1,0,0,0,1,0,0,1,0
intID310,1,0,0,1,0,1,1,0,1,0,0,0,0,0,0,0,0,0,0,1,0
intID311,1,0,0,1,0,1,1,0,0,1,0,0,0,0,0,0,0,1,0,0,0
intID312,1,0,0,1,0,1,1,0,0,0,1,0,0,0,0,1,0,0,0,0,0
intID313,1,0,0,1,0,1,1,0,0,0,0,1,0,0,1,0,0,0,0,0,0
intID314,1,0,0,1,0,1,1,0,0,0,0,0,1,0,0,0,1,0,0,0,0
intID315,1,0,0,1,0,1,0,1,0,1,1,0,0,0,0,0,0,0,0,0,0
intID316,1,0,0,1,0,1,0,1,0,0,0,1,1,0,0,0,0,0,0,0,0
intID317,1,0,0,1,0,1,0,1,0,0,0,0,0,1,1,0,0,0,0,0,0
intID318,1,0,0,1,0,1,0,1,0,0,0,0,0,0,0,0,0,1,1,0,0
intID319,1,0,0,1,0,1,0,0,1,1,0,0,0,0,0,0,0,0,1,0,0
intID320,1,0,0,1,0,1,0,0,1,0,1,0,0,0,0,0,1,0,0,0,0
intID321,1,0,0,1,0,1,0,0,1,0,0,1,0,1,0,0,0,0,0,0,0
intID322,1,0,0,1,0,1,0,0,1,0,0,0,1,0,1,0,0,0,0,0,0
intID323,1,0,0,1,0,1,0,0,0,0,1,1,0,0,0,0,0,0,0,0,1
intID324,1,0,0,1,0,1,0,0,0,0,0,0,1,0,0,1,0,0,0,0,1
intID325,1,0,0,1,0,1,0,0,0,0,0,0,0,1,0,0,0,0,0,1,1
intID326,1,0,0,1,0,1,0,0,0,0,0,0,0,0,1,0,0,1,0,0,1
intID327,1,0,0,1,0,1,0,0,0,0,0,0,0,0,0,0,1,0,1,0,1
intID328,1,0,0,1,0,0,1,1,0,1,0,0,0,0,1,0,0,0,0,0,0
intID329,1,0,0,1,0,0,1,1,0,0,1,0,1,0,0,0,0,0,0,0,0
intID330,1,0,0,1,0,0,1,1,0,0,0,0,0,1,0,0,1,0,0,0,0
intID331,1,0,0,1,0,0,1,1,0,0,0,0,0,0,0,1,0,0,1,0,0
intID332,1,0,0,1,0,0,1,0,1,1,1,0,0,0,0,0,0,0,0,0,0
intID333,1,0,0,1,0,0,1,0,1,0,0,0,0,1,1,0,0,0,0,0,0
intID334,1,0,0,1,0,0,1,0,1,0,0,0,0,0,0,1,1,0,0,0,0
intID335,1,0,0,1,0,0,1,0,1,0,0,0,0,0,0,0,0,1,1,0,0
intID336,1,0,0,1,0,0,1,0,0,1,0,0,0,0,0,1,0,0,0,1,0
intID337,1,0,0,1,0,0,1,0,0,0,1,0,0,1,0,0,0,0,0,0,1
intID338,1,0,0,1,0,0,1,0,0,0,0,1,0,1,0,0,0,0,0,1,0
intID339,1,0,0,1,0,0,1,0,0,0,0,0,1,0,0,0,0,1,0,0,1
intID340,1,0,0,1,0,0,1,0,0,0,0,0,0,0,1,0,0,0,1,0,1
intID341,1,0,0,1,0,0,0,1,1,1,0,0,0,0,0,0,1,0,0,0,0
intID342,1,0,0,1,0,0,0,1,1,0,0,1,0,0,0,1,0,0,0,0,0
intID343,1,0,0,1,0,0,0,1,1,0,0,0,1,0,0,0,0,0,1,0,0
intID344,1,0,0,1,0,0,0,1,1,0,0,0,0,0,1,0,0,1,0,0,0
intID345,1,0,0,1,0,0,0,1,0,1,0,0,0,0,0,1,0,0,0,0,1
intID346,1,0,0,1,0,0,0,1,0,0,1,0,0,0,0,0,0,0,1,0,1
intID347,1,0,0,1,0,0,0,1,0,0,0,0,1,1,0,0,0,0,0,0,1
intID348,1,0,0,1,0,0,0,1,0,0,0,0,0,0,1,1,0,0,0,1,0
intID349,1,0,0,1,0,0,0,1,0,0,0,0,0,0,0,0,1,1,0,0,1
intID350,1,0,0,1,0,0,0,0,1,1,0,0,1,0,0,0,0,0,0,0,1
intID351,1,0,0,1,0,0,0,0,1,0,1,0,0,0,0,0,0,1,0,0,1
intID352,1,0,0,1,0,0,0,0,1,0,0,1,0,0,0,0,0,1,0,1,0
intID353,1,0,0,1,0,0,0,0,1,0,0,1,0,0,0,0,0,0,1,0,1
intID354,1,0,0,1,0,0,0,0,1,0,0,0,0,1,0,1,0,0,0,0,1
intID355,1,0,0,1,0,0,0,0,1,0,0,0,0,0,1,0,1,0,0,0,1
intID356,1,0,0,1,0,0,0,0,0,1,1,1,0,0,0,1,0,0,0,0,0
intID357,1,0,0,1,0,0,0,0,0,1,1,0,0,1,0,0,1,0,0,0,0
intID358,1,0,0,1,0,0,0,0,0,1,0,1,1,1,0,0,0,0,0,0,0
intID359,1,0,0,1,0,0,0,0,0,1,0,1,0,0,1,0,1,0,0,0,0
intID360,1,0,0,1,0,0,0,0,0,1,0,0,1,0,1,0,0,0,0,1,0
intID361,1,0,0,1,0,0,0,0,0,1,0,0,1,0,0,0,1,0,1,0,0
intID362,1,0,0,1,0,0,0,0,0,1,0,0,0,0,0,1,1,1,0,0,0
intID363,1,0,0,1,0,0,0,0,0,1,0,0,0,0,0,0,0,0,1,1,1
intID364,1,0,0,1,0,0,0,0,0,0,1,0,1,0,0,1,1,0,0,0,0
intID365,1,0,0,1,0,0,0,0,0,0,1,0,0,1,0,0,0,0,1,1,0
intID366,1,0,0,1,0,0,0,0,0,0,1,0,0,0,1,0,1,1,0,0,0
intID367,1,0,0,1,0,0,0,0,0,0,1,0,0,0,0,1,0,1,1,0,0
intID368,1,0,0,1,0,0,0,0,0,0,0,1,1,0,0,0,1,1,0,0,0
intID369,1,0,0,1,0,0,0,0,0,0,0,1,1,0,0,0,0,0,0,1,1
intID370,1,0,0,1,0,0,0,0,0,0,0,1,0,1,1,0,0,0,0,0,1
intID371,1,0,0,1,0,0,0,0,0,0,0,1,0,0,1,1,0,1,0,0,0
intID372,1,0,0,1,0,0,0,0,0,0,0,1,0,0,0,1,1,0,0,1,0
intID373,1,0,0,1,0,0,0,0,0,0,0,0,1,1,1,0,1,0,0,0,0
intID374,1,0,0,1,0,0,0,0,0,0,0,0,1,1,0,1,0,1,0,0,0
intID375,1,0,0,1,0,0,0,0,0,0,0,0,1,0,1,0,0,1,1,0,0
intID376,1,0,0,1,0,0,0,0,0,0,0,0,0,1,0,0,1,1,1,0,0
intID377,1,0,0,1,0,0,0,0,0,0,0,0,0,0,1,1,1,0,1,0,0
intID378,1,0,0,1,0,0,0,0,0,0,0,0,0,0,0,1,0,1,0,1,1
intID379,1,0,0,0,1,1,1,0,0,1,0,0,0,1,0,0,0,0,0,0,0
intID380,1,0,0,0,1,1,1,0,0,0,1,1,0,0,0,0,0,0,0,0,0
intID381,1,0,0,0,1,1,1,0,0,0,0,0,1,0,0,1,0,0,0,0,0
intID382,1,0,0,0,1,1,1,0,0,0,0,0,0,0,1,0,0,1,0,0,0
intID383,1,0,0,0,1,1,1,0,0,0,0,0,0,0,0,0,1,0,1,0,0
intID384,1,0,0,0,1,1,0,1,0,1,0,1,0,0,0,0,0,0,0,0,0
intID385,1,0,0,0,1,1,0,1,0,0,1,0,0,0,0,0,0,0,1,0,0
intID386,1,0,0,0,1,1,0,1,0,0,0,0,1,1,0,0,0,0,0,0,0
intID387,1,0,0,0,1,1,0,0,1,1,1,0,0,0,0,0,0,0,0,0,0
intID388,1,0,0,0,1,1,0,0,1,0,0,1,1,0,0,0,0,0,0,0,0
intID389,1,0,0,0,1,1,0,0,1,0,0,0,0,1,1,0,0,0,0,0,0
intID390,1,0,0,0,1,1,0,0,1,0,0,0,0,0,0,1,1,0,0,0,0
intID391,1,0,0,0,1,1,0,0,1,0,0,0,0,0,0,0,0,1,1,0,0
intID392,1,0,0,0,1,1,0,0,0,1,0,0,0,0,0,0,1,0,0,0,1
intID393,1,0,0,0,1,1,0,0,0,0,1,0,0,0,1,0,0,0,0,0,1
intID394,1,0,0,0,1,1,0,0,0,0,0,1,0,0,0,1,0,0,0,0,1
intID395,1,0,0,0,1,1,0,0,0,0,0,0,1,0,0,0,0,0,1,0,1
intID396,1,0,0,0,1,1,0,0,0,0,0,0,0,1,0,0,0,1,0,0,1
intID397,1,0,0,0,1,0,1,1,0,1,0,0,0,0,0,1,0,0,0,0,0
intID398,1,0,0,0,1,0,1,1,0,0,0,1,0,0,0,0,1,0,0,0,0
intID399,1,0,0,0,1,0,1,1,0,0,0,0,1,0,0,0,0,1,0,0,0
intID400,1,0,0,0,1,0,1,1,0,0,0,0,0,0,1,0,0,0,1,0,0
intID401,1,0,0,0,1,0,1,0,1,1,0,0,0,0,0,0,0,0,1,0,0
intID402,1,0,0,0,1,0,1,0,1,0,1,0,0,0,0,0,1,0,0,0,0
intID403,1,0,0,0,1,0,1,0,1,0,0,1,0,1,0,0,0,0,0,0,0
intID404,1,0,0,0,1,0,1,0,1,0,0,0,1,0,1,0,0,0,0,0,0
intID405,1,0,0,0,1,0,1,0,1,0,0,0,0,0,0,1,0,1,0,0,0
intID406,1,0,0,0,1,0,1,0,0,0,1,0,0,0,0,0,0,1,0,1,0
intID407,1,0,0,0,1,0,1,0,0,0,0,1,0,0,0,0,0,1,0,0,1
intID408,1,0,0,0,1,0,1,0,0,0,0,0,0,1,0,1,0,0,0,1,0
intID409,1,0,0,0,1,0,1,0,0,0,0,0,0,1,0,0,1,0,0,0,1
intID410,1,0,0,0,1,0,1,0,0,0,0,0,0,0,1,0,0,0,0,1,1
intID411,1,0,0,0,1,0,1,0,0,0,0,0,0,0,0,1,0,0,1,0,1
intID412,1,0,0,0,1,0,0,1,1,1,0,0,1,0,0,0,0,0,0,0,0
intID413,1,0,0,0,1,0,0,1,1,0,0,0,0,1,0,1,0,0,0,0,0
intID414,1,0,0,0,1,0,0,1,1,0,0,0,0,0,1,0,1,0,0,0,0
intID415,1,0,0,0,1,0,0,1,0,1,0,0,0,0,0,0,0,1,0,1,0
intID416,1,0,0,0,1,0,0,1,0,0,1,0,0,0,0,0,0,0,0,1,1
intID417,1,0,0,0,1,0,0,1,0,0,0,1,1,0,0,0,0,0,0,1,0
intID418,1,0,0,0,1,0,0,1,0,0,0,1,0,0,1,0,0,0,0,0,1
intID419,1,0,0,0,1,0,0,1,0,0,0,0,1,0,0,0,1,0,0,0,1
intID420,1,0,0,0,1,0,0,1,0,0,0,0,0,1,1,0,0,0,0,1,0
intID421,1,0,0,0,1,0,0,1,0,0,0,0,0,0,0,0,0,1,1,0,1
intID422,1,0,0,0,1,0,0,0,1,0,1,1,0,0,0,0,0,0,0,0,1
intID423,1,0,0,0,1,0,0,0,1,0,1,0,0,1,0,0,0,0,0,1,0
intID424,1,0,0,0,1,0,0,0,1,0,0,0,0,0,1,0,0,1,0,0,1
intID425,1,0,0,0,1,0,0,0,1,0,0,0,0,0,1,0,0,0,1,1,0
intID426,1,0,0,0,1,0,0,0,1,0,0,0,0,0,0,0,1,0,0,1,1
intID427,1,0,0,0,1,0,0,0,0,1,1,1,0,0,0,0,0,1,0,0,0
intID428,1,0,0,0,1,0,0,0,0,1,1,0,1,1,0,0,0,0,0,0,0
intID429,1,0,0,0,1,0,0,0,0,1,1,0,0,0,1,1,0,0,0,0,0
intID430,1,0,0,0,1,0,0,0,0,1,1,0,0,0,0,0,1,0,1,0,0
intID431,1,0,0,0,1,0,0,0,0,1,0,1,0,1,0,0,1,0,0,0,0
intID432,1,0,0,0,1,0,0,0,0,1,0,1,0,0,0,1,0,0,1,0,0
intID433,1,0,0,0,1,0,0,0,0,1,0,0,0,1,1,0,0,0,1,0,0
intID434,1,0,0,0,1,0,0,0,0,1,0,0,0,0,1,0,1,1,0,0,0
intID435,1,0,0,0,1,0,0,0,0,0,1,1,1,0,0,0,1,0,0,0,0
intID436,1,0,0,0,1,0,0,0,0,0,1,1,0,1,0,1,0,0,0,0,0
intID437,1,0,0,0,1,0,0,0,0,0,1,1,0,0,1,0,0,0,1,0,0
intID438,1,0,0,0,1,0,0,0,0,0,1,0,1,0,1,0,0,1,0,0,0
intID439,1,0,0,0,1,0,0,0,0,0,1,0,1,0,0,1,0,0,1,0,0
intID440,1,0,0,0,1,0,0,0,0,0,1,0,0,1,0,0,0,1,1,0,0
intID441,1,0,0,0,1,0,0,0,0,0,0,1,0,0,1,1,1,0,0,0,0
intID442,1,0,0,0,1,0,0,0,0,0,0,1,0,0,0,0,1,1,1,0,0
intID443,1,0,0,0,1,0,0,0,0,0,0,0,1,0,0,1,0,1,0,1,0
intID444,1,0,0,0,1,0,0,0,0,0,0,0,0,1,0,0,1,0,1,1,0
intID445,1,0,0,0,0,1,1,1,1,0,0,0,0,0,0,0,0,0,0,0,1
intID446,1,0,0,0,0,1,1,1,0,1,0,0,0,0,0,0,1,0,0,0,0
intID447,1,0,0,0,0,1,1,1,0,0,0,0,1,0,0,0,0,0,1,0,0
intID448,1,0,0,0,0,1,1,1,0,0,0,0,0,1,0,0,0,1,0,0,0
intID449,1,0,0,0,0,1,1,0,1,1,0,0,0,0,1,0,0,0,0,0,0
intID450,1,0,0,0,0,1,1,0,1,0,1,0,1,0,0,0,0,0,0,0,0
intID451,1,0,0,0,0,1,1,0,1,0,0,1,0,0,0,0,0,1,0,0,0
intID452,1,0,0,0,0,1,1,0,1,0,0,0,0,1,0,0,1,0,0,0,0
intID453,1,0,0,0,0,1,1,0,0,1,0,0,0,0,0,0,0,0,0,1,1
intID454,1,0,0,0,0,1,1,0,0,0,0,1,1,0,0,0,0,0,0,0,1
intID455,1,0,0,0,0,1,1,0,0,0,0,0,0,0,0,1,1,0,0,0,1
intID456,1,0,0,0,0,1,1,0,0,0,0,0,0,0,0,0,0,1,1,0,1
intID457,1,0,0,0,0,1,0,1,1,1,0,0,0,0,0,1,0,0,0,0,0
intID458,1,0,0,0,0,1,0,1,1,0,1,0,0,1,0,0,0,0,0,0,0
intID459,1,0,0,0,0,1,0,1,1,0,0,1,0,0,0,0,1,0,0,0,0
intID460,1,0,0,0,0,1,0,1,1,0,0,0,0,0,1,0,0,0,1,0,0
intID461,1,0,0,0,0,1,0,1,0,1,0,0,0,0,1,0,0,0,0,0,1
intID462,1,0,0,0,0,1,0,1,0,1,0,0,0,0,0,0,0,0,1,1,0
intID463,1,0,0,0,0,1,0,1,0,0,1,0,1,0,0,0,0,0,0,0,1
intID464,1,0,0,0,0,1,0,1,0,0,1,0,0,0,0,0,1,0,0,1,0
intID465,1,0,0,0,0,1,0,1,0,0,0,1,0,0,0,0,0,1,0,0,1
intID466,1,0,0,0,0,1,0,1,0,0,0,0,1,0,1,0,0,0,0,1,0
intID467,1,0,0,0,0,1,0,1,0,0,0,0,0,1,0,0,1,0,0,0,1
intID468,1,0,0,0,0,1,0,1,0,0,0,0,0,0,0,1,0,1,0,1,0
intID469,1,0,0,0,0,1,0,0,1,1,0,0,0,0,0,0,0,1,0,1,0
intID470,1,0,0,0,0,1,0,0,1,0,1,0,0,0,0,1,0,0,0,0,1
intID471,1,0,0,0,0,1,0,0,1,0,1,0,0,0,0,0,0,0,1,1,0
intID472,1,0,0,0,0,1,0,0,1,0,0,1,0,0,0,0,0,0,0,1,1
intID473,1,0,0,0,0,1,0,0,1,0,0,0,1,1,0,0,0,0,0,1,0
intID474,1,0,0,0,0,1,0,0,1,0,0,0,0,1,0,0,0,0,1,0,1
intID475,1,0,0,0,0,1,0,0,1,0,0,0,0,0,1,1,0,0,0,1,0
intID476,1,0,0,0,0,1,0,0,1,0,0,0,0,0,0,0,1,1,0,0,1
intID477,1,0,0,0,0,1,0,0,0,1,1,1,0,1,0,0,0,0,0,0,0
intID478,1,0,0,0,0,1,0,0,0,1,1,0,0,0,0,1,0,0,1,0,0
intID479,1,0,0,0,0,1,0,0,0,1,0,1,1,0,0,1,0,0,0,0,0
intID480,1,0,0,0,0,1,0,0,0,1,0,1,0,0,1,0,0,0,1,0,0
intID481,1,0,0,0,0,1,0,0,0,1,0,1,0,0,0,0,1,0,0,1,0
intID482,1,0,0,0,0,1,0,0,0,1,0,0,1,0,0,0,0,1,1,0,0
intID483,1,0,0,0,0,1,0,0,0,1,0,0,0,1,0,1,0,1,0,0,0
intID484,1,0,0,0,0,1,0,0,0,0,1,1,0,0,1,0,1,0,0,0,0
intID485,1,0,0,0,0,1,0,0,0,0,1,1,0,0,0,1,0,1,0,0,0
intID486,1,0,0,0,0,1,0,0,0,0,1,0,1,1,0,0,0,1,0,0,0
intID487,1,0,0,0,0,1,0,0,0,0,1,0,1,0,1,1,0,0,0,0,0
intID488,1,0,0,0,0,1,0,0,0,0,1,0,0,1,1,0,0,0,1,0,0
intID489,1,0,0,0,0,1,0,0,0,0,1,0,0,1,0,1,1,0,0,0,0
intID490,1,0,0,0,0,1,0,0,0,0,0,1,1,0,1,0,0,1,0,0,0
intID491,1,0,0,0,0,1,0,0,0,0,0,1,0,1,1,1,0,0,0,0,0
intID492,1,0,0,0,0,1,0,0,0,0,0,1,0,1,0,0,0,1,1,0,0
intID493,1,0,0,0,0,1,0,0,0,0,0,1,0,0,0,1,1,0,1,0,0
intID494,1,0,0,0,0,1,0,0,0,0,0,0,1,1,0,1,0,0,1,0,0
intID495,1,0,0,0,0,1,0,0,0,0,0,0,1,0,0,0,1,1,0,1,0
intID496,1,0,0,0,0,1,0,0,0,0,0,0,0,1,1,0,1,1,0,0,0
intID497,1,0,0,0,0,1,0,0,0,0,0,0,0,0,1,0,1,0,0,1,1
intID498,1,0,0,0,0,1,0,0,0,0,0,0,0,0,0,1,0,0,1,1,1
intID499,1,0,0,0,0,0,1,1,1,1,0,1,0,0,0,0,0,0,0,0,0
intID500,1,0,0,0,0,0,1,1,1,0,1,0,0,0,0,0,0,0,1,0,0
intID501,1,0,0,0,0,0,1,1,1,0,0,0,1,1,0,0,0,0,0,0,0
intID502,1,0,0,0,0,0,1,1,1,0,0,0,0,0,1,1,0,0,0,0,0
intID503,1,0,0,0,0,0,1,1,1,0,0,0,0,0,0,0,1,1,0,0,0
intID504,1,0,0,0,0,0,1,1,0,1,0,0,0,1,0,0,0,0,0,0,1
intID505,1,0,0,0,0,0,1,1,0,0,1,1,0,0,0,0,0,0,0,0,1
intID506,1,0,0,0,0,0,1,1,0,0,0,1,0,0,0,0,0,1,0,1,0
intID507,1,0,0,0,0,0,1,1,0,0,0,0,1,0,0,1,0,0,0,0,1
intID508,1,0,0,0,0,0,1,1,0,0,0,0,0,0,1,0,1,0,0,1,0
intID509,1,0,0,0,0,0,1,1,0,0,0,0,0,0,1,0,0,1,0,0,1
intID510,1,0,0,0,0,0,1,1,0,0,0,0,0,0,0,0,0,0,1,1,1
intID511,1,0,0,0,0,0,1,0,1,1,0,0,0,0,0,0,1,0,0,0,1
intID512,1,0,0,0,0,0,1,0,1,0,1,0,0,0,1,0,0,0,0,0,1
intID513,1,0,0,0,0,0,1,0,1,0,0,1,0,0,0,1,0,0,0,0,1
intID514,1,0,0,0,0,0,1,0,1,0,0,0,0,1,0,0,0,0,1,1,0
intID515,1,0,0,0,0,0,1,0,1,0,0,0,0,0,0,0,0,1,0,1,1
intID516,1,0,0,0,0,0,1,0,0,1,1,1,0,0,0,0,1,0,0,0,0
intID517,1,0,0,0,0,0,1,0,0,1,1,0,1,0,0,1,0,0,0,0,0
intID518,1,0,0,0,0,0,1,0,0,1,1,0,0,1,1,0,0,0,0,0,0
intID519,1,0,0,0,0,0,1,0,0,1,1,0,0,0,0,0,0,1,1,0,0
intID520,1,0,0,0,0,0,1,0,0,1,0,1,0,1,0,0,0,0,1,0,0
intID521,1,0,0,0,0,0,1,0,0,1,0,1,0,0,1,0,0,0,0,1,0
intID522,1,0,0,0,0,0,1,0,0,1,0,0,1,1,0,0,0,1,0,0,0
intID523,1,0,0,0,0,0,1,0,0,1,0,0,1,0,1,0,1,0,0,0,0
intID524,1,0,0,0,0,0,1,0,0,1,0,0,1,0,0,0,0,0,1,0,1
intID525,1,0,0,0,0,0,1,0,0,1,0,0,0,1,0,1,1,0,0,0,0
intID526,1,0,0,0,0,0,1,0,0,1,0,0,0,0,1,1,0,0,1,0,0
intID527,1,0,0,0,0,0,1,0,0,0,1,1,1,1,0,0,0,0,0,0,0
intID528,1,0,0,0,0,0,1,0,0,0,1,0,1,0,0,0,1,1,0,0,0
intID529,1,0,0,0,0,0,1,0,0,0,1,0,1,0,0,0,0,0,1,1,0
intID530,1,0,0,0,0,0,1,0,0,0,1,0,0,1,0,1,0,0,1,0,0
intID531,1,0,0,0,0,0,1,0,0,0,1,0,0,0,1,0,1,0,1,0,0
intID532,1,0,0,0,0,0,1,0,0,0,1,0,0,0,0,1,0,0,0,1,1
intID533,1,0,0,0,0,0,1,0,0,0,0,1,1,0,1,0,0,0,1,0,0
intID534,1,0,0,0,0,0,1,0,0,0,0,1,1,0,0,1,1,0,0,0,0
intID535,1,0,0,0,0,0,1,0,0,0,0,1,0,1,1,0,1,0,0,0,0
intID536,1,0,0,0,0,0,1,0,0,0,0,0,1,1,0,0,1,0,1,0,0
intID537,1,0,0,0,0,0,1,0,0,0,0,0,1,0,1,0,0,1,0,1,0
intID538,1,0,0,0,0,0,1,0,0,0,0,0,1,0,0,0,1,0,0,1,1
intID539,1,0,0,0,0,0,1,0,0,0,0,0,0,1,1,0,0,1,1,0,0
intID540,1,0,0,0,0,0,1,0,0,0,0,0,0,1,0,0,1,1,0,1,0
intID541,1,0,0,0,0,0,1,0,0,0,0,0,0,0,0,1,1,0,1,1,0
intID542,1,0,0,0,0,0,0,1,1,1,0,0,0,0,0,0,0,0,1,0,1
intID543,1,0,0,0,0,0,0,1,1,0,1,0,0,0,0,0,0,1,0,1,0
intID544,1,0,0,0,0,0,0,1,1,0,0,1,0,0,1,0,0,0,0,1,0
intID545,1,0,0,0,0,0,0,1,1,0,0,0,1,0,1,0,0,0,0,0,1
intID546,1,0,0,0,0,0,0,1,1,0,0,0,1,0,0,1,0,0,0,1,0
intID547,1,0,0,0,0,0,0,1,1,0,0,0,0,1,0,0,0,0,0,1,1
intID548,1,0,0,0,0,0,0,1,1,0,0,0,0,0,0,1,0,1,0,0,1
intID549,1,0,0,0,0,0,0,1,0,1,1,0,1,0,0,0,0,0,0,1,0
intID550,1,0,0,0,0,0,0,1,0,1,1,0,0,1,0,0,0,0,1,0,0
intID551,1,0,0,0,0,0,0,1,0,1,1,0,0,0,1,0,1,0,0,0,0
intID552,1,0,0,0,0,0,0,1,0,1,0,1,1,0,0,0,1,0,0,0,0
intID553,1,0,0,0,0,0,0,1,0,1,0,1,0,1,1,0,0,0,0,0,0
intID554,1,0,0,0,0,0,0,1,0,1,0,1,0,0,0,0,0,1,1,0,0
intID555,1,0,0,0,0,0,0,1,0,1,0,1,0,0,0,0,0,0,0,1,1
intID556,1,0,0,0,0,0,0,1,0,1,0,0,1,1,0,1,0,0,0,0,0
intID557,1,0,0,0,0,0,0,1,0,1,0,0,1,0,1,0,0,0,1,0,0
intID558,1,0,0,0,0,0,0,1,0,1,0,0,0,1,0,0,1,1,0,0,0
intID559,1,0,0,0,0,0,0,1,0,1,0,0,0,0,1,1,0,1,0,0,0
intID560,1,0,0,0,0,0,0,1,0,1,0,0,0,0,0,1,1,0,1,0,0
intID561,1,0,0,0,0,0,0,1,0,0,1,1,1,0,1,0,0,0,0,0,0
intID562,1,0,0,0,0,0,0,1,0,0,1,1,0,1,0,0,0,1,0,0,0
intID563,1,0,0,0,0,0,0,1,0,0,1,1,0,0,0,0,1,0,1,0,0
intID564,1,0,0,0,0,0,0,1,0,0,1,0,1,1,0,0,1,0,0,0,0
intID565,1,0,0,0,0,0,0,1,0,0,1,0,0,1,1,1,0,0,0,0,0
intID566,1,0,0,0,0,0,0,1,0,0,1,0,0,0,1,0,0,1,1,0,0
intID567,1,0,0,0,0,0,0,1,0,0,1,0,0,0,0,1,1,1,0,0,0
intID568,1,0,0,0,0,0,0,1,0,0,0,1,1,1,0,0,0,0,1,0,0
intID569,1,0,0,0,0,0,0,1,0,0,0,1,1,0,0,1,0,1,0,0,0
intID570,1,0,0,0,0,0,0,1,0,0,0,1,0,1,0,1,1,0,0,0,0
intID571,1,0,0,0,0,0,0,1,0,0,0,1,0,0,1,1,0,0,1,0,0
intID572,1,0,0,0,0,0,0,1,0,0,0,0,1,1,1,0,0,1,0,0,0
intID573,1,0,0,0,0,0,0,1,0,0,0,0,1,0,1,1,1,0,0,0,0
intID574,1,0,0,0,0,0,0,1,0,0,0,0,0,1,0,1,0,1,1,0,0
intID575,1,0,0,0,0,0,0,1,0,0,0,0,0,0,0,1,1,0,0,1,1
intID576,1,0,0,0,0,0,0,1,0,0,0,0,0,0,0,0,1,1,1,1,0
intID577,1,0,0,0,0,0,0,0,1,1,1,1,0,0,1,0,0,0,0,0,0
intID578,1,0,0,0,0,0,0,0,1,1,1,0,0,1,0,0,0,1,0,0,0
intID579,1,0,0,0,0,0,0,0,1,1,0,1,1,0,0,0,0,0,1,0,0
intID580,1,0,0,0,0,0,0,0,1,1,0,1,0,1,0,0,0,0,0,1,0
intID581,1,0,0,0,0,0,0,0,1,1,0,1,0,0,0,0,1,1,0,0,0
intID582,1,0,0,0,0,0,0,0,1,1,0,0,1,0,0,1,0,1,0,0,0
intID583,1,0,0,0,0,0,0,0,1,1,0,0,0,1,0,0,1,0,1,0,0
intID584,1,0,0,0,0,0,0,0,1,1,0,0,0,0,1,0,0,1,1,0,0
intID585,1,0,0,0,0,0,0,0,1,1,0,0,0,0,0,1,0,0,0,1,1
intID586,1,0,0,0,0,0,0,0,1,0,1,1,1,0,0,0,0,1,0,0,0
intID587,1,0,0,0,0,0,0,0,1,0,1,1,0,1,0,0,0,0,1,0,0
intID588,1,0,0,0,0,0,0,0,1,0,1,1,0,0,0,1,1,0,0,0,0
intID589,1,0,0,0,0,0,0,0,1,0,1,0,1,0,1,0,0,0,1,0,0
intID590,1,0,0,0,0,0,0,0,1,0,1,0,0,0,1,1,0,1,0,0,0
intID591,1,0,0,0,0,0,0,0,1,0,0,1,1,0,1,1,0,0,0,0,0
intID592,1,0,0,0,0,0,0,0,1,0,0,1,0,1,1,0,0,1,0,0,0
intID593,1,0,0,0,0,0,0,0,1,0,0,1,0,0,1,0,1,0,1,0,0
intID594,1,0,0,0,0,0,0,0,1,0,0,1,0,0,0,1,0,1,1,0,0
intID595,1,0,0,0,0,0,0,0,1,0,0,0,1,0,1,0,1,1,0,0,0
intID596,1,0,0,0,0,0,0,0,1,0,0,0,1,0,0,1,1,0,1,0,0
intID597,1,0,0,0,0,0,0,0,1,0,0,0,0,1,1,1,0,0,1,0,0
intID598,1,0,0,0,0,0,0,0,1,0,0,0,0,1,0,1,1,1,0,0,0
intID599,1,0,0,0,0,0,0,0,0,1,1,1,0,0,0,0,0,0,1,0,1
intID600,1,0,0,0,0,0,0,0,0,1,1,0,0,0,1,0,0,1,0,1,0
intID601,1,0,0,0,0,0,0,0,0,1,1,0,0,0,0,1,1,0,0,0,1
intID602,1,0,0,0,0,0,0,0,0,1,0,1,0,0,0,1,0,1,0,0,1
intID603,1,0,0,0,0,0,0,0,0,1,0,0,1,1,0,0,0,0,0,1,1
intID604,1,0,0,0,0,0,0,0,0,1,0,0,1,0,0,1,0,0,1,1,0
intID605,1,0,0,0,0,0,0,0,0,1,0,0,0,1,1,1,0,0,0,0,1
intID606,1,0,0,0,0,0,0,0,0,1,0,0,0,1,0,0,0,1,1,0,1
intID607,1,0,0,0,0,0,0,0,0,1,0,0,0,0,0,0,1,1,0,1,1
intID608,1,0,0,0,0,0,0,0,0,0,1,1,1,0,0,1,0,0,0,0,1
intID609,1,0,0,0,0,0,0,0,0,0,1,1,0,1,1,0,0,0,0,1,0
intID610,1,0,0,0,0,0,0,0,0,0,1,1,0,0,0,0,1,1,0,0,1
intID611,1,0,0,0,0,0,0,0,0,0,1,0,1,0,1,0,1,0,0,0,1
intID612,1,0,0,0,0,0,0,0,0,0,1,0,0,1,0,1,0,1,0,0,1
intID613,1,0,0,0,0,0,0,0,0,0,1,0,0,0,1,1,0,0,1,0,1
intID614,1,0,0,0,0,0,0,0,0,0,1,0,0,0,0,0,1,0,1,1,1
intID615,1,0,0,0,0,0,0,0,0,0,0,1,1,1,0,0,0,1,0,0,1
intID616,1,0,0,0,0,0,0,0,0,0,0,1,1,0,0,0,1,0,1,0,1
intID617,1,0,0,0,0,0,0,0,0,0,0,1,0,1,0,1,0,0,1,0,1
intID618,1,0,0,0,0,0,0,0,0,0,0,1,0,1,0,0,1,0,0,1,1
intID619,1,0,0,0,0,0,0,0,0,0,0,1,0,0,1,1,0,0,0,1,1
intID620,1,0,0,0,0,0,0,0,0,0,0,1,0,0,1,0,0,1,1,0,1
intID621,1,0,0,0,0,0,0,0,0,0,0,0,1,1,0,1,1,0,0,0,1
intID622,1,0,0,0,0,0,0,0,0,0,0,0,1,0,1,1,0,1,0,0,1
intID623,1,0,0,0,0,0,0,0,0,0,0,0,1,0,0,0,0,1,1,1,1
intID624,1,0,0,0,0,0,0,0,0,0,0,0,0,1,1,0,0,1,0,1,1
intID625,1,0,0,0,0,0,0,0,0,0,0,0,0,0,1,1,1,1,0,1,0
intID626,0,1,1,1,1,1,0,0,1,0,0,0,0,0,0,0,0,0,0,0,0
intID627,0,1,1,1,1,0,1,0,0,0,0,0,0,0,0,0,0,0,0,1,0
intID628,0,1,1,1,1,0,0,0,0,1,0,0,0,0,1,0,0,0,0,0,0
intID629,0,1,1,1,1,0,0,0,0,0,1,0,1,0,0,0,0,0,0,0,0
intID630,0,1,1,1,1,0,0,0,0,0,0,1,0,0,0,0,0,1,0,0,0
intID631,0,1,1,1,1,0,0,0,0,0,0,0,0,0,0,1,0,0,1,0,0
intID632,0,1,1,1,0,1,0,0,0,1,0,0,0,1,0,0,0,0,0,0,0
intID633,0,1,1,1,0,1,0,0,0,0,1,1,0,0,0,0,0,0,0,0,0
intID634,0,1,1,1,0,1,0,0,0,0,0,0,1,0,0,1,0,0,0,0,0
intID635,0,1,1,1,0,1,0,0,0,0,0,0,0,0,1,0,0,1,0,0,0
intID636,0,1,1,1,0,1,0,0,0,0,0,0,0,0,0,0,1,0,1,0,0
intID637,0,1,1,1,0,0,1,0,0,1,0,0,0,0,0,0,0,1,0,0,0
intID638,0,1,1,1,0,0,1,0,0,0,1,0,0,0,0,0,0,0,1,0,0
intID639,0,1,1,1,0,0,1,0,0,0,0,0,1,0,0,0,1,0,0,0,0
intID640,0,1,1,1,0,0,0,1,0,0,0,1,1,0,0,0,0,0,0,0,0
intID641,0,1,1,1,0,0,0,1,0,0,0,0,0,1,1,0,0,0,0,0,0
intID642,0,1,1,1,0,0,0,1,0,0,0,0,0,0,0,1,1,0,0,0,0
intID643,0,1,1,1,0,0,0,1,0,0,0,0,0,0,0,0,0,1,1,0,0
intID644,0,1,1,1,0,0,0,0,1,0,1,0,0,0,0,0,0,1,0,0,0
intID645,0,1,1,1,0,0,0,0,1,0,0,0,1,0,0,0,0,0,1,0,0
intID646,0,1,1,1,0,0,0,0,1,0,0,0,0,1,0,1,0,0,0,0,0
intID647,0,1,1,1,0,0,0,0,1,0,0,0,0,0,1,0,1,0,0,0,0
intID648,0,1,1,1,0,0,0,0,0,1,1,0,0,0,0,0,0,0,0,0,1
intID649,0,1,1,1,0,0,0,0,0,1,0,0,0,0,0,1,0,0,0,1,0
intID650,0,1,1,1,0,0,0,0,0,0,1,0,0,1,0,0,0,0,0,1,0
intID651,0,1,1,1,0,0,0,0,0,0,0,1,0,0,0,0,1,0,0,0,1
intID652,0,1,1,1,0,0,0,0,0,0,0,0,1,0,0,0,0,1,0,0,1
intID653,0,1,1,1,0,0,0,0,0,0,0,0,0,0,1,0,0,0,1,0,1
intID654,0,1,1,0,1,1,0,1,0,0,0,0,0,0,0,0,0,0,0,1,0
intID655,0,1,1,0,1,1,0,0,0,1,0,1,0,0,0,0,0,0,0,0,0
intID656,0,1,1,0,1,1,0,0,0,0,1,0,0,0,0,0,0,0,1,0,0
intID657,0,1,1,0,1,1,0,0,0,0,0,0,1,1,0,0,0,0,0,0,0
intID658,0,1,1,0,1,1,0,0,0,0,0,0,0,0,1,1,0,0,0,0,0
intID659,0,1,1,0,1,0,1,0,0,1,0,0,0,1,0,0,0,0,0,0,0
intID660,0,1,1,0,1,0,1,0,0,0,1,1,0,0,0,0,0,0,0,0,0
intID661,0,1,1,0,1,0,1,0,0,0,0,0,1,0,0,1,0,0,0,0,0
intID662,0,1,1,0,1,0,1,0,0,0,0,0,0,0,1,0,0,1,0,0,0
intID663,0,1,1,0,1,0,1,0,0,0,0,0,0,0,0,0,1,0,1,0,0
intID664,0,1,1,0,1,0,0,1,0,1,0,0,0,0,0,0,0,1,0,0,0
intID665,0,1,1,0,1,0,0,1,0,0,1,0,0,0,0,1,0,0,0,0,0
intID666,0,1,1,0,1,0,0,1,0,0,0,1,0,0,1,0,0,0,0,0,0
intID667,0,1,1,0,1,0,0,1,0,0,0,0,1,0,0,0,1,0,0,0,0
intID668,0,1,1,0,1,0,0,1,0,0,0,0,0,1,0,0,0,0,1,0,0
intID669,0,1,1,0,1,0,0,0,1,1,0,0,0,0,0,0,0,0,1,0,0
intID670,0,1,1,0,1,0,0,0,1,0,1,0,0,0,0,0,1,0,0,0,0
intID671,0,1,1,0,1,0,0,0,1,0,0,1,0,1,0,0,0,0,0,0,0
intID672,0,1,1,0,1,0,0,0,1,0,0,0,1,0,1,0,0,0,0,0,0
intID673,0,1,1,0,1,0,0,0,1,0,0,0,0,0,0,1,0,1,0,0,0
intID674,0,1,1,0,1,0,0,0,1,0,0,0,0,0,0,0,0,0,0,1,1
intID675,0,1,1,0,1,0,0,0,0,1,0,0,0,0,0,0,1,0,0,1,0
intID676,0,1,1,0,1,0,0,0,0,0,0,0,0,1,0,0,0,1,0,1,0
intID677,0,1,1,0,1,0,0,0,0,0,0,0,0,0,0,1,1,0,0,0,1
intID678,0,1,1,0,0,1,1,1,1,0,0,0,0,0,0,0,0,0,0,0,0
intID679,0,1,1,0,0,1,1,0,0,1,0,0,0,0,0,0,0,0,1,0,0
intID680,0,1,1,0,0,1,1,0,0,0,0,1,0,1,0,0,0,0,0,0,0
intID681,0,1,1,0,0,1,1,0,0,0,0,0,0,0,0,1,0,1,0,0,0
intID682,0,1,1,0,0,1,1,0,0,0,0,0,0,0,0,0,0,0,0,1,1
intID683,0,1,1,0,0,1,0,1,0,0,1,0,0,0,0,0,0,1,0,0,0
intID684,0,1,1,0,0,1,0,1,0,0,0,0,1,0,0,0,0,0,1,0,0
intID685,0,1,1,0,0,1,0,1,0,0,0,0,0,1,0,1,0,0,0,0,0
intID686,0,1,1,0,0,1,0,1,0,0,0,0,0,0,1,0,1,0,0,0,0
intID687,0,1,1,0,0,1,0,0,1,0,0,0,1,0,0,0,0,1,0,0,0
intID688,0,1,1,0,0,1,0,0,1,0,0,0,0,1,0,0,1,0,0,0,0
intID689,0,1,1,0,0,1,0,0,1,0,0,0,0,0,1,0,0,0,1,0,0
intID690,0,1,1,0,0,1,0,0,0,1,0,0,0,0,0,0,0,1,0,0,1
intID691,0,1,1,0,0,1,0,0,0,0,1,0,0,0,0,1,0,0,0,0,1
intID692,0,1,1,0,0,1,0,0,0,0,0,1,0,0,1,0,0,0,0,0,1
intID693,0,1,1,0,0,1,0,0,0,0,0,0,1,0,0,0,1,0,0,0,1
intID694,0,1,1,0,0,1,0,0,0,0,0,0,0,1,0,0,0,0,1,0,1
intID695,0,1,1,0,0,0,1,1,0,1,0,0,0,0,0,1,0,0,0,0,0
intID696,0,1,1,0,0,0,1,1,0,0,1,0,0,1,0,0,0,0,0,0,0
intID697,0,1,1,0,0,0,1,1,0,0,0,1,0,0,0,0,1,0,0,0,0
intID698,0,1,1,0,0,0,1,1,0,0,0,0,0,0,1,0,0,0,1,0,0
intID699,0,1,1,0,0,0,1,0,1,1,1,0,0,0,0,0,0,0,0,0,0
intID700,0,1,1,0,0,0,1,0,1,0,0,1,1,0,0,0,0,0,0,0,0
intID701,0,1,1,0,0,0,1,0,1,0,0,0,0,0,0,1,1,0,0,0,0
intID702,0,1,1,0,0,0,1,0,1,0,0,0,0,0,0,0,0,1,1,0,0
intID703,0,1,1,0,0,0,1,0,0,1,0,0,1,0,0,0,0,0,0,0,1
intID704,0,1,1,0,0,0,1,0,0,0,1,0,0,0,0,0,0,1,0,0,1
intID705,0,1,1,0,0,0,1,0,0,0,0,1,0,0,0,1,0,0,0,0,1
intID706,0,1,1,0,0,0,1,0,0,0,0,1,0,0,0,0,0,0,1,1,0
intID707,0,1,1,0,0,0,1,0,0,0,0,0,0,1,0,1,0,0,0,1,0
intID708,0,1,1,0,0,0,1,0,0,0,0,0,0,0,1,0,1,0,0,0,1
intID709,0,1,1,0,0,0,0,1,1,1,0,0,0,1,0,0,0,0,0,0,0
intID710,0,1,1,0,0,0,0,1,1,0,1,1,0,0,0,0,0,0,0,0,0
intID711,0,1,1,0,0,0,0,1,1,0,0,0,1,0,0,1,0,0,0,0,0
intID712,0,1,1,0,0,0,0,1,1,0,0,0,0,0,1,0,0,1,0,0,0
intID713,0,1,1,0,0,0,0,1,1,0,0,0,0,0,0,0,1,0,1,0,0
intID714,0,1,1,0,0,0,0,1,0,1,0,0,0,0,1,0,0,0,0,0,1
intID715,0,1,1,0,0,0,0,1,0,0,1,0,1,0,0,0,0,0,0,0,1
intID716,0,1,1,0,0,0,0,1,0,0,0,1,0,0,0,0,0,1,0,0,1
intID717,0,1,1,0,0,0,0,1,0,0,0,0,0,1,0,0,1,0,0,1,0
intID718,0,1,1,0,0,0,0,1,0,0,0,0,0,0,0,1,0,0,1,0,1
intID719,0,1,1,0,0,0,0,0,1,1,0,1,0,0,0,0,0,0,0,0,1
intID720,0,1,1,0,0,0,0,0,1,1,0,0,1,0,0,0,0,0,0,1,0
intID721,0,1,1,0,0,0,0,0,1,0,1,0,0,0,0,0,0,0,1,0,1
intID722,0,1,1,0,0,0,0,0,1,0,0,0,1,1,0,0,0,0,0,0,1
intID723,0,1,1,0,0,0,0,0,1,0,0,0,0,0,1,1,0,0,0,0,1
intID724,0,1,1,0,0,0,0,0,1,0,0,0,0,0,0,0,1,1,0,0,1
intID725,0,1,1,0,0,0,0,0,0,1,1,1,0,0,0,0,0,0,1,0,0
intID726,0,1,1,0,0,0,0,0,0,1,1,0,0,0,0,1,1,0,0,0,0
intID727,0,1,1,0,0,0,0,0,0,1,0,1,0,0,0,1,0,1,0,0,0
intID728,0,1,1,0,0,0,0,0,0,1,0,0,1,0,0,1,0,0,1,0,0
intID729,0,1,1,0,0,0,0,0,0,1,0,0,1,0,0,0,1,1,0,0,0
intID730,0,1,1,0,0,0,0,0,0,1,0,0,0,1,1,1,0,0,0,0,0
intID731,0,1,1,0,0,0,0,0,0,1,0,0,0,1,0,0,0,1,1,0,0
intID732,0,1,1,0,0,0,0,0,0,1,0,0,0,0,1,0,1,0,1,0,0
intID733,0,1,1,0,0,0,0,0,0,0,1,1,1,0,0,1,0,0,0,0,0
intID734,0,1,1,0,0,0,0,0,0,0,1,1,0,1,1,0,0,0,0,0,0
intID735,0,1,1,0,0,0,0,0,0,0,1,1,0,0,0,0,1,1,0,0,0
intID736,0,1,1,0,0,0,0,0,0,0,1,0,1,0,1,0,1,0,0,0,0
intID737,0,1,1,0,0,0,0,0,0,0,1,0,1,0,0,0,0,1,1,0,0
intID738,0,1,1,0,0,0,0,0,0,0,1,0,0,1,0,1,0,1,0,0,0
intID739,0,1,1,0,0,0,0,0,0,0,1,0,0,1,0,0,1,0,1,0,0
intID740,0,1,1,0,0,0,0,0,0,0,1,0,0,0,1,1,0,0,1,0,0
intID741,0,1,1,0,0,0,0,0,0,0,0,1,1,1,0,0,0,1,0,0,0
intID742,0,1,1,0,0,0,0,0,0,0,0,1,1,0,0,0,1,0,1,0,0
intID743,0,1,1,0,0,0,0,0,0,0,0,1,0,1,0,1,0,0,1,0,0
intID744,0,1,1,0,0,0,0,0,0,0,0,1,0,1,0,0,0,0,0,1,1
intID745,0,1,1,0,0,0,0,0,0,0,0,1,0,0,1,0,0,1,1,0,0
intID746,0,1,1,0,0,0,0,0,0,0,0,0,1,1,1,0,0,0,1,0,0
intID747,0,1,1,0,0,0,0,0,0,0,0,0,1,0,1,1,0,1,0,0,0
intID748,0,1,1,0,0,0,0,0,0,0,0,0,0,0,0,1,1,1,1,0,0
intID749,0,1,1,0,0,0,0,0,0,0,0,0,0,0,0,0,0,1,1,1,1
intID750,0,1,0,1,1,1,0,0,0,1,0,0,0,0,0,0,0,1,0,0,0
intID751,0,1,0,1,1,1,0,0,0,0,1,0,0,0,0,1,0,0,0,0,0
intID752,0,1,0,1,1,1,0,0,0,0,0,1,0,0,1,0,0,0,0,0,0
intID753,0,1,0,1,1,1,0,0,0,0,0,0,1,0,0,0,1,0,0,0,0
intID754,0,1,0,1,1,0,0,1,0,1,0,0,0,0,0,0,1,0,0,0,0
intID755,0,1,0,1,1,0,0,1,0,0,1,0,0,0,1,0,0,0,0,0,0
intID756,0,1,0,1,1,0,0,1,0,0,0,1,0,0,0,1,0,0,0,0,0
intID757,0,1,0,1,1,0,0,1,0,0,0,0,1,0,0,0,0,0,1,0,0
intID758,0,1,0,1,1,0,0,1,0,0,0,0,0,1,0,0,0,1,0,0,0
intID759,0,1,0,1,1,0,0,0,1,1,0,0,0,0,0,1,0,0,0,0,0
intID760,0,1,0,1,1,0,0,0,1,0,1,0,0,1,0,0,0,0,0,0,0
intID761,0,1,0,1,1,0,0,0,1,0,0,1,0,0,0,0,1,0,0,0,0
intID762,0,1,0,1,1,0,0,0,1,0,0,0,0,0,1,0,0,0,1,0,0
intID763,0,1,0,1,1,0,0,0,0,1,0,0,1,0,0,0,0,0,0,0,1
intID764,0,1,0,1,1,0,0,0,0,0,1,1,0,0,0,0,0,0,0,1,0
intID765,0,1,0,1,1,0,0,0,0,0,1,0,0,0,0,0,0,1,0,0,1
intID766,0,1,0,1,1,0,0,0,0,0,0,1,0,0,0,0,0,0,1,0,1
intID767,0,1,0,1,1,0,0,0,0,0,0,0,0,1,0,1,0,0,0,0,1
intID768,0,1,0,1,1,0,0,0,0,0,0,0,0,0,1,0,1,0,0,0,1
intID769,0,1,0,1,1,0,0,0,0,0,0,0,0,0,0,0,0,1,1,1,0
intID770,0,1,0,1,0,1,1,0,0,1,0,0,1,0,0,0,0,0,0,0,0
intID771,0,1,0,1,0,1,1,0,0,0,1,0,0,0,0,0,0,1,0,0,0
intID772,0,1,0,1,0,1,1,0,0,0,0,1,0,0,0,0,0,0,1,0,0
intID773,0,1,0,1,0,1,1,0,0,0,0,0,0,1,0,1,0,0,0,0,0
intID774,0,1,0,1,0,1,1,0,0,0,0,0,0,0,1,0,1,0,0,0,0
intID775,0,1,0,1,0,1,0,1,0,1,0,0,0,0,1,0,0,0,0,0,0
intID776,0,1,0,1,0,1,0,1,0,0,1,0,1,0,0,0,0,0,0,0,0
intID777,0,1,0,1,0,1,0,1,0,0,0,1,0,0,0,0,0,1,0,0,0
intID778,0,1,0,1,0,1,0,1,0,0,0,0,0,0,0,1,0,0,1,0,0
intID779,0,1,0,1,0,1,0,0,1,0,0,1,1,0,0,0,0,0,0,0,0
intID780,0,1,0,1,0,1,0,0,1,0,0,0,0,1,1,0,0,0,0,0,0
intID781,0,1,0,1,0,1,0,0,1,0,0,0,0,0,0,1,1,0,0,0,0
intID782,0,1,0,1,0,1,0,0,1,0,0,0,0,0,0,0,0,1,1,0,0
intID783,0,1,0,1,0,1,0,0,0,1,0,1,0,0,0,0,0,0,0,0,1
intID784,0,1,0,1,0,1,0,0,0,0,1,0,0,1,0,0,0,0,0,0,1
intID785,0,1,0,1,0,1,0,0,0,0,1,0,0,0,0,0,0,0,1,1,0
intID786,0,1,0,1,0,1,0,0,0,0,0,0,1,1,0,0,0,0,0,1,0
intID787,0,1,0,1,0,1,0,0,0,0,0,0,0,0,1,1,0,0,0,0,1
intID788,0,1,0,1,0,1,0,0,0,0,0,0,0,0,0,0,1,1,0,0,1
intID789,0,1,0,1,0,0,1,1,1,0,0,0,0,0,0,0,0,0,0,0,1
intID790,0,1,0,1,0,0,1,1,0,1,0,0,0,0,0,0,0,0,1,0,0
intID791,0,1,0,1,0,0,1,1,0,0,1,0,0,0,0,0,1,0,0,0,0
intID792,0,1,0,1,0,0,1,1,0,0,0,1,0,1,0,0,0,0,0,0,0
intID793,0,1,0,1,0,0,1,1,0,0,0,0,1,0,1,0,0,0,0,0,0
intID794,0,1,0,1,0,0,1,1,0,0,0,0,0,0,0,1,0,1,0,0,0
intID795,0,1,0,1,0,0,1,0,1,1,0,0,0,0,1,0,0,0,0,0,0
intID796,0,1,0,1,0,0,1,0,1,0,0,1,0,0,0,0,0,1,0,0,0
intID797,0,1,0,1,0,0,1,0,1,0,0,0,0,1,0,0,1,0,0,0,0
intID798,0,1,0,1,0,0,1,0,1,0,0,0,0,0,0,1,0,0,1,0,0
intID799,0,1,0,1,0,0,1,0,0,1,0,0,0,0,0,0,1,0,0,1,0
intID800,0,1,0,1,0,0,1,0,0,0,0,1,1,0,0,0,0,0,0,0,1
intID801,0,1,0,1,0,0,1,0,0,0,0,1,0,0,0,1,0,0,0,1,0
intID802,0,1,0,1,0,0,1,0,0,0,0,0,1,0,0,0,0,0,1,1,0
intID803,0,1,0,1,0,0,1,0,0,0,0,0,0,1,1,0,0,0,0,1,0
intID804,0,1,0,1,0,0,1,0,0,0,0,0,0,0,0,1,1,0,0,0,1
intID805,0,1,0,1,0,0,1,0,0,0,0,0,0,0,0,0,0,1,0,1,1
intID806,0,1,0,1,0,0,0,1,1,1,0,0,0,0,0,0,0,1,0,0,0
intID807,0,1,0,1,0,0,0,1,1,0,1,0,0,0,0,1,0,0,0,0,0
intID808,0,1,0,1,0,0,0,1,1,0,0,1,0,0,1,0,0,0,0,0,0
intID809,0,1,0,1,0,0,0,1,0,1,0,0,0,1,0,0,0,0,0,0,1
intID810,0,1,0,1,0,0,0,1,0,0,1,1,0,0,0,0,0,0,0,0,1
intID811,0,1,0,1,0,0,0,1,0,0,0,0,1,0,0,0,1,0,0,1,0
intID812,0,1,0,1,0,0,0,1,0,0,0,0,0,1,0,0,0,0,1,1,0
intID813,0,1,0,1,0,0,0,1,0,0,0,0,0,0,0,0,1,0,1,0,1
intID814,0,1,0,1,0,0,0,0,1,1,0,0,0,0,0,0,0,0,1,1,0
intID815,0,1,0,1,0,0,0,0,1,0,1,0,0,0,0,0,1,0,0,0,1
intID816,0,1,0,1,0,0,0,0,1,0,0,0,1,0,1,0,0,0,0,0,1
intID817,0,1,0,1,0,0,0,0,1,0,0,0,0,0,0,1,0,1,0,0,1
intID818,0,1,0,1,0,0,0,0,0,1,1,1,0,0,0,0,1,0,0,0,0
intID819,0,1,0,1,0,0,0,0,0,1,1,0,1,0,0,1,0,0,0,0,0
intID820,0,1,0,1,0,0,0,0,0,1,1,0,0,1,1,0,0,0,0,0,0
intID821,0,1,0,1,0,0,0,0,0,1,1,0,0,0,0,0,0,1,1,0,0
intID822,0,1,0,1,0,0,0,0,0,1,0,1,0,1,0,0,0,0,1,0,0
intID823,0,1,0,1,0,0,0,0,0,1,0,1,0,0,1,0,0,1,0,0,0
intID824,0,1,0,1,0,0,0,0,0,1,0,0,1,1,0,0,0,1,0,0,0
intID825,0,1,0,1,0,0,0,0,0,1,0,0,1,0,1,0,1,0,0,0,0
intID826,0,1,0,1,0,0,0,0,0,1,0,0,0,1,0,1,1,0,0,0,0
intID827,0,1,0,1,0,0,0,0,0,1,0,0,0,0,1,1,0,0,1,0,0
intID828,0,1,0,1,0,0,0,0,0,0,1,1,1,1,0,0,0,0,0,0,0
intID829,0,1,0,1,0,0,0,0,0,0,1,0,1,0,0,0,1,1,0,0,0
intID830,0,1,0,1,0,0,0,0,0,0,1,0,0,1,0,1,0,0,1,0,0
intID831,0,1,0,1,0,0,0,0,0,0,1,0,0,0,1,0,1,0,1,0,0
intID832,0,1,0,1,0,0,0,0,0,0,1,0,0,0,1,0,0,0,0,1,1
intID833,0,1,0,1,0,0,0,0,0,0,0,1,1,0,1,0,0,0,1,0,0
intID834,0,1,0,1,0,0,0,0,0,0,0,1,1,0,0,1,1,0,0,0,0
intID835,0,1,0,1,0,0,0,0,0,0,0,1,1,0,0,0,0,1,0,1,0
intID836,0,1,0,1,0,0,0,0,0,0,0,1,0,1,0,0,1,1,0,0,0
intID837,0,1,0,1,0,0,0,0,0,0,0,0,1,0,0,1,0,0,0,1,1
intID838,0,1,0,1,0,0,0,0,0,0,0,0,0,1,1,0,0,1,1,0,0
intID839,0,1,0,1,0,0,0,0,0,0,0,0,0,1,0,0,1,0,0,1,1
intID840,0,1,0,1,0,0,0,0,0,0,0,0,0,0,1,1,1,1,0,0,0
intID841,0,1,0,0,1,1,1,0,0,1,0,0,0,0,0,0,1,0,0,0,0
intID842,0,1,0,0,1,1,1,0,0,0,1,0,0,0,1,0,0,0,0,0,0
intID843,0,1,0,0,1,1,1,0,0,0,0,1,0,0,0,1,0,0,0,0,0
intID844,0,1,0,0,1,1,1,0,0,0,0,0,1,0,0,0,0,0,1,0,0
intID845,0,1,0,0,1,1,1,0,0,0,0,0,0,1,0,0,0,1,0,0,0
intID846,0,1,0,0,1,1,0,1,0,1,0,0,0,0,0,1,0,0,0,0,0
intID847,0,1,0,0,1,1,0,1,0,0,1,0,0,1,0,0,0,0,0,0,0
intID848,0,1,0,0,1,1,0,1,0,0,0,1,0,0,0,0,1,0,0,0,0
intID849,0,1,0,0,1,1,0,1,0,0,0,0,1,0,0,0,0,1,0,0,0
intID850,0,1,0,0,1,1,0,1,0,0,0,0,0,0,1,0,0,0,1,0,0
intID851,0,1,0,0,1,1,0,0,1,1,0,0,1,0,0,0,0,0,0,0,0
intID852,0,1,0,0,1,1,0,0,1,0,1,0,0,0,0,0,0,1,0,0,0
intID853,0,1,0,0,1,1,0,0,1,0,0,0,0,1,0,1,0,0,0,0,0
intID854,0,1,0,0,1,1,0,0,1,0,0,0,0,0,1,0,1,0,0,0,0
intID855,0,1,0,0,1,1,0,0,0,1,0,0,0,1,0,0,0,0,0,0,1
intID856,0,1,0,0,1,1,0,0,0,0,1,1,0,0,0,0,0,0,0,0,1
intID857,0,1,0,0,1,1,0,0,0,0,0,1,0,0,0,0,0,0,1,1,0
intID858,0,1,0,0,1,1,0,0,0,0,0,0,0,0,1,0,0,1,0,0,1
intID859,0,1,0,0,1,1,0,0,0,0,0,0,0,0,0,0,1,0,1,0,1
intID860,0,1,0,0,1,0,1,1,0,1,0,0,0,0,1,0,0,0,0,0,0
intID861,0,1,0,0,1,0,1,1,0,0,1,0,0,0,0,0,0,1,0,0,0
intID862,0,1,0,0,1,0,1,1,0,0,0,1,0,0,0,0,0,0,1,0,0
intID863,0,1,0,0,1,0,1,1,0,0,0,0,0,1,0,1,0,0,0,0,0
intID864,0,1,0,0,1,0,1,0,1,1,0,1,0,0,0,0,0,0,0,0,0
intID865,0,1,0,0,1,0,1,0,1,0,1,0,0,0,0,0,0,0,1,0,0
intID866,0,1,0,0,1,0,1,0,1,0,0,0,1,1,0,0,0,0,0,0,0
intID867,0,1,0,0,1,0,1,0,1,0,0,0,0,0,1,1,0,0,0,0,0
intID868,0,1,0,0,1,0,1,0,1,0,0,0,0,0,0,0,1,1,0,0,0
intID869,0,1,0,0,1,0,1,0,0,1,0,0,0,0,0,1,0,0,0,0,1
intID870,0,1,0,0,1,0,1,0,0,0,1,0,0,1,0,0,0,0,0,0,1
intID871,0,1,0,0,1,0,1,0,0,0,0,1,0,0,0,0,0,1,0,1,0
intID872,0,1,0,0,1,0,1,0,0,0,0,0,1,0,0,0,0,1,0,0,1
intID873,0,1,0,0,1,0,1,0,0,0,0,0,0,0,1,0,0,0,1,0,1
intID874,0,1,0,0,1,0,1,0,0,0,0,0,0,0,0,0,1,0,0,1,1
intID875,0,1,0,0,1,0,0,1,1,1,1,0,0,0,0,0,0,0,0,0,0
intID876,0,1,0,0,1,0,0,1,1,0,0,1,1,0,0,0,0,0,0,0,0
intID877,0,1,0,0,1,0,0,1,1,0,0,0,0,0,0,0,0,1,1,0,0
intID878,0,1,0,0,1,0,0,1,0,1,0,0,0,0,0,0,0,0,1,0,1
intID879,0,1,0,0,1,0,0,1,0,0,1,0,0,0,0,0,1,0,0,0,1
intID880,0,1,0,0,1,0,0,1,0,0,0,1,0,1,0,0,0,0,0,0,1
intID881,0,1,0,0,1,0,0,1,0,0,0,0,1,0,1,0,0,0,0,0,1
intID882,0,1,0,0,1,0,0,1,0,0,0,0,0,0,1,0,1,0,0,1,0
intID883,0,1,0,0,1,0,0,1,0,0,0,0,0,0,0,1,0,1,0,0,1
intID884,0,1,0,0,1,0,0,0,1,0,1,0,1,0,0,0,0,0,0,0,1
intID885,0,1,0,0,1,0,0,0,1,0,1,0,0,0,0,1,0,0,0,1,0
intID886,0,1,0,0,1,0,0,0,1,0,0,1,0,0,0,0,0,1,0,0,1
intID887,0,1,0,0,1,0,0,0,1,0,0,0,0,1,0,0,1,0,0,0,1
intID888,0,1,0,0,1,0,0,0,1,0,0,0,0,1,0,0,0,0,1,1,0
intID889,0,1,0,0,1,0,0,0,1,0,0,0,0,0,0,1,0,0,1,0,1
intID890,0,1,0,0,1,0,0,0,0,1,1,0,0,0,1,0,0,1,0,0,0
intID891,0,1,0,0,1,0,0,0,0,1,0,1,1,0,0,1,0,0,0,0,0
intID892,0,1,0,0,1,0,0,0,0,1,0,1,0,0,1,0,0,0,1,0,0
intID893,0,1,0,0,1,0,0,0,0,1,0,0,1,0,0,0,0,1,1,0,0
intID894,0,1,0,0,1,0,0,0,0,1,0,0,0,1,0,1,0,1,0,0,0
intID895,0,1,0,0,1,0,0,0,0,1,0,0,0,0,0,0,0,1,0,1,1
intID896,0,1,0,0,1,0,0,0,0,0,1,1,1,0,0,0,0,0,1,0,0
intID897,0,1,0,0,1,0,0,0,0,0,1,1,0,0,1,0,1,0,0,0,0
intID898,0,1,0,0,1,0,0,0,0,0,1,1,0,0,0,1,0,1,0,0,0
intID899,0,1,0,0,1,0,0,0,0,0,1,0,1,0,1,1,0,0,0,0,0
intID900,0,1,0,0,1,0,0,0,0,0,1,0,1,0,0,0,0,1,0,1,0
intID901,0,1,0,0,1,0,0,0,0,0,1,0,0,1,0,1,1,0,0,0,0
intID902,0,1,0,0,1,0,0,0,0,0,0,1,1,0,1,0,0,1,0,0,0
intID903,0,1,0,0,1,0,0,0,0,0,0,1,1,0,0,0,1,0,0,1,0
intID904,0,1,0,0,1,0,0,0,0,0,0,1,0,1,1,1,0,0,0,0,0
intID905,0,1,0,0,1,0,0,0,0,0,0,1,0,1,0,0,0,1,1,0,0
intID906,0,1,0,0,1,0,0,0,0,0,0,1,0,0,0,1,0,0,0,1,1
intID907,0,1,0,0,1,0,0,0,0,0,0,0,1,1,0,1,0,0,1,0,0
intID908,0,1,0,0,1,0,0,0,0,0,0,0,1,0,1,0,1,0,1,0,0
intID909,0,1,0,0,1,0,0,0,0,0,0,0,1,0,0,1,1,1,0,0,0
intID910,0,1,0,0,1,0,0,0,0,0,0,0,1,0,0,0,0,0,1,1,1
intID911,0,1,0,0,1,0,0,0,0,0,0,0,0,1,1,0,1,1,0,0,0
intID912,0,1,0,0,1,0,0,0,0,0,0,0,0,1,1,0,0,0,0,1,1
intID913,0,1,0,0,1,0,0,0,0,0,0,0,0,0,0,1,1,0,1,1,0
intID914,0,1,0,0,0,1,1,1,0,1,0,0,0,1,0,0,0,0,0,0,0
intID915,0,1,0,0,0,1,1,1,0,0,1,1,0,0,0,0,0,0,0,0,0
intID916,0,1,0,0,0,1,1,1,0,0,0,0,1,0,0,1,0,0,0,0,0
intID917,0,1,0,0,0,1,1,1,0,0,0,0,0,0,1,0,0,1,0,0,0
intID918,0,1,0,0,0,1,1,1,0,0,0,0,0,0,0,0,1,0,1,0,0
intID919,0,1,0,0,0,1,1,0,1,1,0,0,0,0,0,0,0,1,0,0,0
intID920,0,1,0,0,0,1,1,0,1,0,1,0,0,0,0,1,0,0,0,0,0
intID921,0,1,0,0,0,1,1,0,1,0,0,1,0,0,1,0,0,0,0,0,0
intID922,0,1,0,0,0,1,1,0,1,0,0,0,0,1,0,0,0,0,1,0,0
intID923,0,1,0,0,0,1,1,0,0,1,0,0,0,0,1,0,0,0,0,0,1
intID924,0,1,0,0,0,1,1,0,0,0,1,0,1,0,0,0,0,0,0,0,1
intID925,0,1,0,0,0,1,1,0,0,0,0,0,1,0,0,0,0,1,0,1,0
intID926,0,1,0,0,0,1,1,0,0,0,0,0,0,1,0,0,1,0,0,0,1
intID927,0,1,0,0,0,1,1,0,0,0,0,0,0,0,0,1,0,0,1,0,1
intID928,0,1,0,0,0,1,0,1,1,1,0,1,0,0,0,0,0,0,0,0,0
intID929,0,1,0,0,0,1,0,1,1,0,0,0,0,0,1,1,0,0,0,0,0
intID930,0,1,0,0,0,1,0,1,1,0,0,0,0,0,0,0,1,1,0,0,0
intID931,0,1,0,0,0,1,0,1,1,0,0,0,0,0,0,0,0,0,0,1,1
intID932,0,1,0,0,0,1,0,1,0,1,1,0,0,0,0,0,0,0,0,0,1
intID933,0,1,0,0,0,1,0,1,0,0,0,1,1,0,0,0,0,0,0,0,1
intID934,0,1,0,0,0,1,0,1,0,0,0,0,0,1,1,0,0,0,0,0,1
intID935,0,1,0,0,0,1,0,1,0,0,0,0,0,0,0,1,1,0,0,0,1
intID936,0,1,0,0,0,1,0,1,0,0,0,0,0,0,0,0,0,1,1,0,1
intID937,0,1,0,0,0,1,0,0,1,1,0,0,0,0,0,0,1,0,0,1,0
intID938,0,1,0,0,0,1,0,0,1,0,1,0,0,0,1,0,0,0,0,0,1
intID939,0,1,0,0,0,1,0,0,1,0,0,1,0,0,0,1,0,0,0,1,0
intID940,0,1,0,0,0,1,0,0,1,0,0,1,0,0,0,0,1,0,0,0,1
intID941,0,1,0,0,0,1,0,0,1,0,0,0,1,0,0,0,0,0,1,0,1
intID942,0,1,0,0,0,1,0,0,1,0,0,0,0,1,0,0,0,1,0,0,1
intID943,0,1,0,0,0,1,0,0,0,1,1,0,1,1,0,0,0,0,0,0,0
intID944,0,1,0,0,0,1,0,0,0,1,1,0,0,0,1,1,0,0,0,0,0
intID945,0,1,0,0,0,1,0,0,0,1,1,0,0,0,0,0,1,0,1,0,0
intID946,0,1,0,0,0,1,0,0,0,1,0,1,1,0,1,0,0,0,0,0,0
intID947,0,1,0,0,0,1,0,0,0,1,0,1,0,1,0,0,1,0,0,0,0
intID948,0,1,0,0,0,1,0,0,0,1,0,1,0,0,0,1,0,0,1,0,0
intID949,0,1,0,0,0,1,0,0,0,1,0,0,1,0,0,1,1,0,0,0,0
intID950,0,1,0,0,0,1,0,0,0,1,0,0,0,1,1,0,0,0,1,0,0
intID951,0,1,0,0,0,1,0,0,0,1,0,0,0,0,1,0,1,1,0,0,0
intID952,0,1,0,0,0,1,0,0,0,0,1,1,1,0,0,0,0,0,0,1,0
intID953,0,1,0,0,0,1,0,0,0,0,1,1,0,1,0,1,0,0,0,0,0
intID954,0,1,0,0,0,1,0,0,0,0,1,1,0,0,1,0,0,0,1,0,0
intID955,0,1,0,0,0,1,0,0,0,0,1,0,0,1,0,0,0,1,1,0,0
intID956,0,1,0,0,0,1,0,0,0,0,1,0,0,0,0,0,1,0,0,1,1
intID957,0,1,0,0,0,1,0,0,0,0,0,1,0,0,1,1,1,0,0,0,0
intID958,0,1,0,0,0,1,0,0,0,0,0,1,0,0,0,0,1,1,1,0,0
intID959,0,1,0,0,0,1,0,0,0,0,0,0,1,1,1,1,0,0,0,0,0
intID960,0,1,0,0,0,1,0,0,0,0,0,0,1,1,0,0,1,1,0,0,0
intID961,0,1,0,0,0,1,0,0,0,0,0,0,1,0,1,0,0,0,0,1,1
intID962,0,1,0,0,0,1,0,0,0,0,0,0,0,0,0,1,0,1,0,1,1
intID963,0,1,0,0,0,0,1,1,1,1,0,0,0,0,0,0,1,0,0,0,0
intID964,0,1,0,0,0,0,1,1,1,0,1,0,0,0,1,0,0,0,0,0,0
intID965,0,1,0,0,0,0,1,1,1,0,0,1,0,0,0,1,0,0,0,0,0
intID966,0,1,0,0,0,0,1,1,1,0,0,0,1,0,0,0,0,0,1,0,0
intID967,0,1,0,0,0,0,1,1,1,0,0,0,0,1,0,0,0,1,0,0,0
intID968,0,1,0,0,0,0,1,1,0,1,0,1,0,0,0,0,0,0,0,0,1
intID969,0,1,0,0,0,0,1,1,0,1,0,0,0,0,0,0,0,1,0,1,0
intID970,0,1,0,0,0,0,1,1,0,0,1,0,0,0,0,1,0,0,0,0,1
intID971,0,1,0,0,0,0,1,1,0,0,1,0,0,0,0,0,0,0,1,1,0
intID972,0,1,0,0,0,0,1,1,0,0,0,0,0,1,0,0,0,0,0,1,1
intID973,0,1,0,0,0,0,1,1,0,0,0,0,0,0,0,0,1,1,0,0,1
intID974,0,1,0,0,0,0,1,0,1,1,0,0,0,1,0,0,0,0,0,0,1
intID975,0,1,0,0,0,0,1,0,1,0,1,0,1,0,0,0,0,0,0,1,0
intID976,0,1,0,0,0,0,1,0,1,0,0,0,0,0,1,0,0,1,0,0,1
intID977,0,1,0,0,0,0,1,0,1,0,0,0,0,0,0,1,0,0,0,1,1
intID978,0,1,0,0,0,0,1,0,1,0,0,0,0,0,0,0,1,0,1,0,1
intID979,0,1,0,0,0,0,1,0,0,1,1,0,0,1,0,0,1,0,0,0,0
intID980,0,1,0,0,0,0,1,0,0,1,1,0,0,0,0,0,0,0,1,0,1
intID981,0,1,0,0,0,0,1,0,0,1,0,1,1,1,0,0,0,0,0,0,0
intID982,0,1,0,0,0,0,1,0,0,1,0,1,0,0,1,0,1,0,0,0,0
intID983,0,1,0,0,0,0,1,0,0,1,0,0,0,0,0,1,1,1,0,0,0
intID984,0,1,0,0,0,0,1,0,0,0,1,1,1,0,1,0,0,0,0,0,0
intID985,0,1,0,0,0,0,1,0,0,0,1,1,0,1,0,0,0,1,0,0,0
intID986,0,1,0,0,0,0,1,0,0,0,1,1,0,0,0,0,1,0,1,0,0
intID987,0,1,0,0,0,0,1,0,0,0,1,0,1,1,0,0,0,0,1,0,0
intID988,0,1,0,0,0,0,1,0,0,0,1,0,0,0,1,1,0,0,0,1,0
intID989,0,1,0,0,0,0,1,0,0,0,1,0,0,0,1,0,1,1,0,0,0
intID990,0,1,0,0,0,0,1,0,0,0,1,0,0,0,0,1,0,1,1,0,0
intID991,0,1,0,0,0,0,1,0,0,0,0,1,1,0,0,0,1,1,0,0,0
intID992,0,1,0,0,0,0,1,0,0,0,0,1,0,1,0,0,1,0,0,1,0
intID993,0,1,0,0,0,0,1,0,0,0,0,1,0,0,1,1,0,1,0,0,0
intID994,0,1,0,0,0,0,1,0,0,0,0,1,0,0,1,0,0,0,0,1,1
intID995,0,1,0,0,0,0,1,0,0,0,0,0,1,1,1,0,1,0,0,0,0
intID996,0,1,0,0,0,0,1,0,0,0,0,0,1,1,0,1,0,1,0,0,0
intID997,0,1,0,0,0,0,1,0,0,0,0,0,1,0,1,0,0,1,1,0,0
intID998,0,1,0,0,0,0,1,0,0,0,0,0,1,0,0,1,1,0,0,1,0
intID999,0,1,0,0,0,0,1,0,0,0,0,0,0,1,1,1,0,0,0,0,1
intID1000,0,1,0,0,0,0,1,0,0,0,0,0,0,1,0,0,0,1,1,1,0
intID1001,0,1,0,0,0,0,1,0,0,0,0,0,0,0,1,1,1,0,1,0,0
intID1002,0,1,0,0,0,0,0,1,1,1,0,0,1,0,0,0,0,0,0,0,1
intID1003,0,1,0,0,0,0,0,1,1,1,0,0,0,0,0,1,0,0,0,1,0
intID1004,0,1,0,0,0,0,0,1,1,0,1,0,0,1,0,0,0,0,0,1,0
intID1005,0,1,0,0,0,0,0,1,1,0,0,0,1,0,0,0,0,1,0,1,0
intID1006,0,1,0,0,0,0,0,1,1,0,0,0,0,1,0,1,0,0,0,0,1
intID1007,0,1,0,0,0,0,0,1,1,0,0,0,0,0,1,0,1,0,0,0,1
intID1008,0,1,0,0,0,0,0,1,1,0,0,0,0,0,1,0,0,0,1,1,0
intID1009,0,1,0,0,0,0,0,1,0,1,1,0,1,0,0,0,0,0,1,0,0
intID1010,0,1,0,0,0,0,0,1,0,1,1,0,0,0,0,1,0,1,0,0,0
intID1011,0,1,0,0,0,0,0,1,0,1,0,1,1,0,0,0,0,1,0,0,0
intID1012,0,1,0,0,0,0,0,1,0,1,0,1,0,0,0,1,1,0,0,0,0
intID1013,0,1,0,0,0,0,0,1,0,1,0,0,1,1,0,0,1,0,0,0,0
intID1014,0,1,0,0,0,0,0,1,0,1,0,0,1,0,1,1,0,0,0,0,0
intID1015,0,1,0,0,0,0,0,1,0,1,0,0,0,0,0,0,1,1,1,0,0
intID1016,0,1,0,0,0,0,0,1,0,0,1,1,0,0,0,0,0,1,1,0,0
intID1017,0,1,0,0,0,0,0,1,0,0,1,0,0,1,0,0,1,1,0,0,0
intID1018,0,1,0,0,0,0,0,1,0,0,1,0,0,0,0,1,1,0,1,0,0
intID1019,0,1,0,0,0,0,0,1,0,0,1,0,0,0,0,0,0,1,0,1,1
intID1020,0,1,0,0,0,0,0,1,0,0,0,1,1,1,1,0,0,0,0,0,0
intID1021,0,1,0,0,0,0,0,1,0,0,0,1,0,1,0,1,0,1,0,0,0
intID1022,0,1,0,0,0,0,0,1,0,0,0,1,0,1,0,0,1,0,1,0,0
intID1023,0,1,0,0,0,0,0,1,0,0,0,1,0,0,0,0,1,0,0,1,1
intID1024,0,1,0,0,0,0,0,1,0,0,0,0,0,1,1,1,1,0,0,0,0
intID1025,0,1,0,0,0,0,0,1,0,0,0,0,0,0,1,1,0,0,0,1,1
intID1026,0,1,0,0,0,0,0,0,1,1,1,1,0,0,0,1,0,0,0,0,0
intID1027,0,1,0,0,0,0,0,0,1,1,1,0,1,0,0,0,0,1,0,0,0
intID1028,0,1,0,0,0,0,0,0,1,1,1,0,0,1,0,0,0,0,1,0,0
intID1029,0,1,0,0,0,0,0,0,1,1,1,0,0,0,1,0,1,0,0,0,0
intID1030,0,1,0,0,0,0,0,0,1,1,0,1,1,0,0,0,1,0,0,0,0
intID1031,0,1,0,0,0,0,0,0,1,1,0,1,0,1,1,0,0,0,0,0,0
intID1032,0,1,0,0,0,0,0,0,1,1,0,1,0,0,0,0,0,1,1,0,0
intID1033,0,1,0,0,0,0,0,0,1,1,0,0,1,0,1,0,0,0,1,0,0
intID1034,0,1,0,0,0,0,0,0,1,1,0,0,0,0,1,1,0,1,0,0,0
intID1035,0,1,0,0,0,0,0,0,1,1,0,0,0,0,1,0,0,0,0,1,1
intID1036,0,1,0,0,0,0,0,0,1,1,0,0,0,0,0,1,1,0,1,0,0
intID1037,0,1,0,0,0,0,0,0,1,0,1,1,0,0,0,0,0,1,0,1,0
intID1038,0,1,0,0,0,0,0,0,1,0,1,0,1,1,0,0,1,0,0,0,0
intID1039,0,1,0,0,0,0,0,0,1,0,1,0,1,0,0,1,0,0,1,0,0
intID1040,0,1,0,0,0,0,0,0,1,0,1,0,0,1,1,1,0,0,0,0,0
intID1041,0,1,0,0,0,0,0,0,1,0,1,0,0,0,1,0,0,1,1,0,0
intID1042,0,1,0,0,0,0,0,0,1,0,0,1,1,1,0,0,0,0,1,0,0
intID1043,0,1,0,0,0,0,0,0,1,0,0,1,0,1,0,1,1,0,0,0,0
intID1044,0,1,0,0,0,0,0,0,1,0,0,1,0,0,1,1,0,0,1,0,0
intID1045,0,1,0,0,0,0,0,0,1,0,0,1,0,0,0,0,0,0,1,1,1
intID1046,0,1,0,0,0,0,0,0,1,0,0,0,1,1,1,0,0,1,0,0,0
intID1047,0,1,0,0,0,0,0,0,1,0,0,0,1,1,0,1,0,0,0,1,0
intID1048,0,1,0,0,0,0,0,0,1,0,0,0,1,0,1,1,1,0,0,0,0
intID1049,0,1,0,0,0,0,0,0,1,0,0,0,1,0,0,0,1,1,1,0,0
intID1050,0,1,0,0,0,0,0,0,1,0,0,0,1,0,0,0,1,0,0,1,1
intID1051,0,1,0,0,0,0,0,0,1,0,0,0,0,1,1,0,1,0,1,0,0
intID1052,0,1,0,0,0,0,0,0,1,0,0,0,0,1,0,1,0,1,1,0,0
intID1053,0,1,0,0,0,0,0,0,0,1,1,1,0,0,1,0,0,0,0,0,1
intID1054,0,1,0,0,0,0,0,0,0,1,1,0,1,0,0,0,1,0,0,0,1
intID1055,0,1,0,0,0,0,0,0,0,1,1,0,0,1,0,0,0,1,0,0,1
intID1056,0,1,0,0,0,0,0,0,0,1,0,1,1,0,0,0,0,0,1,0,1
intID1057,0,1,0,0,0,0,0,0,0,1,0,1,0,1,0,1,0,0,0,0,1
intID1058,0,1,0,0,0,0,0,0,0,1,0,1,0,0,0,0,1,1,0,1,0
intID1059,0,1,0,0,0,0,0,0,0,1,0,0,0,0,1,1,1,0,0,1,0
intID1060,0,1,0,0,0,0,0,0,0,1,0,0,0,0,1,0,0,1,1,0,1
intID1061,0,1,0,0,0,0,0,0,0,1,0,0,0,0,0,0,1,0,1,1,1
intID1062,0,1,0,0,0,0,0,0,0,0,1,1,1,0,0,0,0,1,0,0,1
intID1063,0,1,0,0,0,0,0,0,0,0,1,1,0,1,0,0,0,0,1,0,1
intID1064,0,1,0,0,0,0,0,0,0,0,1,1,0,0,0,1,1,0,0,0,1
intID1065,0,1,0,0,0,0,0,0,0,0,1,0,1,1,0,1,0,0,0,0,1
intID1066,0,1,0,0,0,0,0,0,0,0,1,0,1,0,1,0,0,0,1,0,1
intID1067,0,1,0,0,0,0,0,0,0,0,1,0,0,1,1,0,1,0,0,1,0
intID1068,0,1,0,0,0,0,0,0,0,0,1,0,0,0,1,1,0,1,0,0,1
intID1069,0,1,0,0,0,0,0,0,0,0,1,0,0,0,0,1,0,0,1,1,1
intID1070,0,1,0,0,0,0,0,0,0,0,1,0,0,0,0,0,1,1,1,1,0
intID1071,0,1,0,0,0,0,0,0,0,0,0,1,1,1,0,0,1,0,0,0,1
intID1072,0,1,0,0,0,0,0,0,0,0,0,1,1,0,1,1,0,0,0,0,1
intID1073,0,1,0,0,0,0,0,0,0,0,0,1,0,1,1,0,0,1,0,0,1
intID1074,0,1,0,0,0,0,0,0,0,0,0,1,0,0,0,1,0,1,1,0,1
intID1075,0,1,0,0,0,0,0,0,0,0,0,0,1,1,0,0,1,0,1,1,0
intID1076,0,1,0,0,0,0,0,0,0,0,0,0,1,1,0,0,0,1,0,1,1
intID1077,0,1,0,0,0,0,0,0,0,0,0,0,1,0,0,1,0,1,1,1,0
intID1078,0,1,0,0,0,0,0,0,0,0,0,0,0,1,1,1,0,0,1,1,0
intID1079,0,1,0,0,0,0,0,0,0,0,0,0,0,1,0,1,1,1,0,0,1
intID1080,0,1,0,0,0,0,0,0,0,0,0,0,0,0,1,0,1,1,0,1,1
intID1081,0,0,1,1,1,1,0,0,0,1,0,0,0,0,0,0,0,0,1,0,0
intID1082,0,0,1,1,1,1,0,0,0,0,1,0,0,0,0,0,1,0,0,0,0
intID1083,0,0,1,1,1,1,0,0,0,0,0,1,0,0,0,1,0,0,0,0,0
intID1084,0,0,1,1,1,1,0,0,0,0,0,0,1,0,1,0,0,0,0,0,0
intID1085,0,0,1,1,1,1,0,0,0,0,0,0,0,1,0,0,0,1,0,0,0
intID1086,0,0,1,1,1,0,1,0,1,0,0,0,0,0,0,0,0,0,0,0,1
intID1087,0,0,1,1,1,0,1,0,0,1,0,0,0,0,0,1,0,0,0,0,0
intID1088,0,0,1,1,1,0,1,0,0,0,1,0,0,1,0,0,0,0,0,0,0
intID1089,0,0,1,1,1,0,1,0,0,0,0,1,0,0,0,0,1,0,0,0,0
intID1090,0,0,1,1,1,0,1,0,0,0,0,0,1,0,0,0,0,1,0,0,0
intID1091,0,0,1,1,1,0,1,0,0,0,0,0,0,0,1,0,0,0,1,0,0
intID1092,0,0,1,1,1,0,0,1,0,1,0,0,1,0,0,0,0,0,0,0,0
intID1093,0,0,1,1,1,0,0,1,0,0,1,0,0,0,0,0,0,1,0,0,0
intID1094,0,0,1,1,1,0,0,1,0,0,0,1,0,0,0,0,0,0,1,0,0
intID1095,0,0,1,1,1,0,0,1,0,0,0,0,0,0,1,0,1,0,0,0,0
intID1096,0,0,1,1,1,0,0,1,0,0,0,0,0,0,0,0,0,0,0,1,1
intID1097,0,0,1,1,1,0,0,0,1,1,1,0,0,0,0,0,0,0,0,0,0
intID1098,0,0,1,1,1,0,0,0,1,0,0,1,1,0,0,0,0,0,0,0,0
intID1099,0,0,1,1,1,0,0,0,1,0,0,0,0,1,1,0,0,0,0,0,0
intID1100,0,0,1,1,1,0,0,0,1,0,0,0,0,0,0,1,1,0,0,0,0
intID1101,0,0,1,1,1,0,0,0,1,0,0,0,0,0,0,0,0,1,1,0,0
intID1102,0,0,1,1,1,0,0,0,0,1,0,0,0,0,0,0,0,1,0,1,0
intID1103,0,0,1,1,1,0,0,0,0,0,1,0,0,0,0,1,0,0,0,0,1
intID1104,0,0,1,1,1,0,0,0,0,0,0,1,0,0,1,0,0,0,0,0,1
intID1105,0,0,1,1,1,0,0,0,0,0,0,0,0,1,0,0,1,0,0,1,0
intID1106,0,0,1,1,1,0,0,0,0,0,0,0,0,1,0,0,0,0,1,0,1
intID1107,0,0,1,1,1,0,0,0,0,0,0,0,0,0,0,0,1,1,0,0,1
intID1108,0,0,1,1,0,1,1,0,0,1,1,0,0,0,0,0,0,0,0,0,0
intID1109,0,0,1,1,0,1,1,0,0,0,0,1,1,0,0,0,0,0,0,0,0
intID1110,0,0,1,1,0,1,1,0,0,0,0,0,0,1,1,0,0,0,0,0,0
intID1111,0,0,1,1,0,1,1,0,0,0,0,0,0,0,0,1,1,0,0,0,0
intID1112,0,0,1,1,0,1,1,0,0,0,0,0,0,0,0,0,0,1,1,0,0
intID1113,0,0,1,1,0,1,0,1,0,1,0,0,0,0,0,1,0,0,0,0,0
intID1114,0,0,1,1,0,1,0,1,0,0,1,0,0,1,0,0,0,0,0,0,0
intID1115,0,0,1,1,0,1,0,1,0,0,0,1,0,0,0,0,1,0,0,0,0
intID1116,0,0,1,1,0,1,0,0,1,1,0,0,0,0,0,0,0,1,0,0,0
intID1117,0,0,1,1,0,1,0,0,1,0,1,0,0,0,0,1,0,0,0,0,0
intID1118,0,0,1,1,0,1,0,0,1,0,0,1,0,0,1,0,0,0,0,0,0
intID1119,0,0,1,1,0,1,0,0,1,0,0,0,1,0,0,0,1,0,0,0,0
intID1120,0,0,1,1,0,1,0,0,1,0,0,0,0,1,0,0,0,0,1,0,0
intID1121,0,0,1,1,0,1,0,0,1,0,0,0,0,0,0,0,0,0,0,1,1
intID1122,0,0,1,1,0,1,0,0,0,0,1,0,0,0,0,0,0,1,0,0,1
intID1123,0,0,1,1,0,1,0,0,0,0,0,1,0,0,0,0,0,0,1,0,1
intID1124,0,0,1,1,0,1,0,0,0,0,0,0,0,1,0,1,0,0,0,0,1
intID1125,0,0,1,1,0,0,1,1,0,1,0,0,0,1,0,0,0,0,0,0,0
intID1126,0,0,1,1,0,0,1,1,0,0,0,1,0,0,0,1,0,0,0,0,0
intID1127,0,0,1,1,0,0,1,1,0,0,0,0,1,0,0,0,0,0,1,0,0
intID1128,0,0,1,1,0,0,1,1,0,0,0,0,0,0,1,0,0,1,0,0,0
intID1129,0,0,1,1,0,0,1,0,1,0,1,0,0,0,0,0,1,0,0,0,0
intID1130,0,0,1,1,0,0,1,0,1,0,0,1,0,1,0,0,0,0,0,0,0
intID1131,0,0,1,1,0,0,1,0,1,0,0,0,1,0,1,0,0,0,0,0,0
intID1132,0,0,1,1,0,0,1,0,0,1,0,0,0,0,1,0,0,0,0,0,1
intID1133,0,0,1,1,0,0,1,0,0,0,1,0,1,0,0,0,0,0,0,0,1
intID1134,0,0,1,1,0,0,1,0,0,0,0,0,0,1,0,0,1,0,0,0,1
intID1135,0,0,1,1,0,0,1,0,0,0,0,0,0,0,0,1,0,0,1,0,1
intID1136,0,0,1,1,0,0,1,0,0,0,0,0,0,0,0,0,1,1,0,1,0
intID1137,0,0,1,1,0,0,0,1,1,0,1,0,0,0,0,0,0,0,1,0,0
intID1138,0,0,1,1,0,0,0,1,1,0,0,0,1,1,0,0,0,0,0,0,0
intID1139,0,0,1,1,0,0,0,1,1,0,0,0,0,0,1,1,0,0,0,0,0
intID1140,0,0,1,1,0,0,0,1,1,0,0,0,0,0,0,0,1,1,0,0,0
intID1141,0,0,1,1,0,0,0,1,0,1,0,0,0,0,0,0,1,0,0,1,0
intID1142,0,0,1,1,0,0,0,1,0,1,0,0,0,0,0,0,0,0,1,0,1
intID1143,0,0,1,1,0,0,0,1,0,0,1,0,0,0,0,0,1,0,0,0,1
intID1144,0,0,1,1,0,0,0,1,0,0,0,1,0,1,0,0,0,0,0,1,0
intID1145,0,0,1,1,0,0,0,1,0,0,0,0,1,0,1,0,0,0,0,0,1
intID1146,0,0,1,1,0,0,0,1,0,0,0,0,0,0,0,1,0,1,0,0,1
intID1147,0,0,1,1,0,0,0,0,1,1,0,0,0,1,0,0,0,0,0,0,1
intID1148,0,0,1,1,0,0,0,0,1,0,0,0,1,0,0,1,0,0,0,0,1
intID1149,0,0,1,1,0,0,0,0,1,0,0,0,0,0,1,0,0,1,0,0,1
intID1150,0,0,1,1,0,0,0,0,1,0,0,0,0,0,0,0,1,0,1,0,1
intID1151,0,0,1,1,0,0,0,0,0,1,1,0,0,1,0,0,0,1,0,0,0
intID1152,0,0,1,1,0,0,0,0,0,1,1,0,0,0,0,1,0,0,1,0,0
intID1153,0,0,1,1,0,0,0,0,0,1,0,1,1,0,0,0,0,0,1,0,0
intID1154,0,0,1,1,0,0,0,0,0,1,0,1,0,1,0,1,0,0,0,0,0
intID1155,0,0,1,1,0,0,0,0,0,1,0,1,0,0,0,0,1,1,0,0,0
intID1156,0,0,1,1,0,0,0,0,0,1,0,1,0,0,0,0,0,0,0,1,1
intID1157,0,0,1,1,0,0,0,0,0,1,0,0,1,0,0,1,0,1,0,0,0
intID1158,0,0,1,1,0,0,0,0,0,1,0,0,0,0,1,0,0,1,1,0,0
intID1159,0,0,1,1,0,0,0,0,0,0,1,1,1,0,0,0,0,1,0,0,0
intID1160,0,0,1,1,0,0,0,0,0,0,1,1,0,1,0,0,0,0,1,0,0
intID1161,0,0,1,1,0,0,0,0,0,0,1,1,0,0,1,0,0,0,0,1,0
intID1162,0,0,1,1,0,0,0,0,0,0,1,1,0,0,0,1,1,0,0,0,0
intID1163,0,0,1,1,0,0,0,0,0,0,1,0,1,1,0,1,0,0,0,0,0
intID1164,0,0,1,1,0,0,0,0,0,0,1,0,1,0,1,0,0,0,1,0,0
intID1165,0,0,1,1,0,0,0,0,0,0,1,0,0,0,1,1,0,1,0,0,0
intID1166,0,0,1,1,0,0,0,0,0,0,1,0,0,0,0,0,0,0,1,1,1
intID1167,0,0,1,1,0,0,0,0,0,0,0,1,1,1,0,0,0,0,0,0,1
intID1168,0,0,1,1,0,0,0,0,0,0,0,1,1,0,1,1,0,0,0,0,0
intID1169,0,0,1,1,0,0,0,0,0,0,0,1,0,0,1,0,1,0,1,0,0
intID1170,0,0,1,1,0,0,0,0,0,0,0,1,0,0,0,1,0,1,0,1,0
intID1171,0,0,1,1,0,0,0,0,0,0,0,0,1,1,0,0,0,1,1,0,0
intID1172,0,0,1,1,0,0,0,0,0,0,0,0,1,0,1,0,1,1,0,0,0
intID1173,0,0,1,1,0,0,0,0,0,0,0,0,1,0,0,1,1,0,1,0,0
intID1174,0,0,1,1,0,0,0,0,0,0,0,0,1,0,0,0,1,0,0,1,1
intID1175,0,0,1,1,0,0,0,0,0,0,0,0,0,1,1,1,0,0,1,0,0
intID1176,0,0,1,1,0,0,0,0,0,0,0,0,0,1,0,1,1,1,0,0,0
intID1177,0,0,1,1,0,0,0,0,0,0,0,0,0,1,0,0,0,1,0,1,1
intID1178,0,0,1,1,0,0,0,0,0,0,0,0,0,0,1,1,0,0,0,1,1
intID1179,0,0,1,0,1,1,1,0,0,1,0,0,1,0,0,0,0,0,0,0,0
intID1180,0,0,1,0,1,1,1,0,0,0,1,0,0,0,0,0,0,1,0,0,0
intID1181,0,0,1,0,1,1,1,0,0,0,0,0,0,1,0,1,0,0,0,0,0
intID1182,0,0,1,0,1,1,1,0,0,0,0,0,0,0,1,0,1,0,0,0,0
intID1183,0,0,1,0,1,1,0,1,1,0,0,0,0,0,0,0,0,0,0,0,1
intID1184,0,0,1,0,1,1,0,1,0,1,1,0,0,0,0,0,0,0,0,0,0
intID1185,0,0,1,0,1,1,0,1,0,0,0,0,0,1,1,0,0,0,0,0,0
intID1186,0,0,1,0,1,1,0,1,0,0,0,0,0,0,0,1,1,0,0,0,0
intID1187,0,0,1,0,1,1,0,1,0,0,0,0,0,0,0,0,0,1,1,0,0
intID1188,0,0,1,0,1,1,0,0,1,0,1,1,0,0,0,0,0,0,0,0,0
intID1189,0,0,1,0,1,1,0,0,1,0,0,0,1,0,0,1,0,0,0,0,0
intID1190,0,0,1,0,1,1,0,0,1,0,0,0,0,0,0,0,1,0,1,0,0
intID1191,0,0,1,0,1,1,0,0,0,1,0,0,0,0,1,0,0,0,0,0,1
intID1192,0,0,1,0,1,1,0,0,0,0,1,0,0,1,0,0,0,0,0,1,0
intID1193,0,0,1,0,1,1,0,0,0,0,0,1,0,0,0,0,1,0,0,1,0
intID1194,0,0,1,0,1,1,0,0,0,0,0,1,0,0,0,0,0,1,0,0,1
intID1195,0,0,1,0,1,1,0,0,0,0,0,0,0,0,0,1,0,0,1,0,1
intID1196,0,0,1,0,1,0,1,1,0,1,0,1,0,0,0,0,0,0,0,0,0
intID1197,0,0,1,0,1,0,1,1,0,0,1,0,0,0,0,0,0,0,1,0,0
intID1198,0,0,1,0,1,0,1,1,0,0,0,0,1,1,0,0,0,0,0,0,0
intID1199,0,0,1,0,1,0,1,1,0,0,0,0,0,0,1,1,0,0,0,0,0
intID1200,0,0,1,0,1,0,1,1,0,0,0,0,0,0,0,0,1,1,0,0,0
intID1201,0,0,1,0,1,0,1,0,1,0,1,0,0,0,1,0,0,0,0,0,0
intID1202,0,0,1,0,1,0,1,0,1,0,0,1,0,0,0,0,0,1,0,0,0
intID1203,0,0,1,0,1,0,1,0,1,0,0,0,0,0,0,1,0,0,1,0,0
intID1204,0,0,1,0,1,0,1,0,0,1,0,0,0,0,0,0,0,1,0,0,1
intID1205,0,0,1,0,1,0,1,0,0,1,0,0,0,0,0,0,0,0,1,1,0
intID1206,0,0,1,0,1,0,1,0,0,0,1,0,0,0,0,0,0,0,0,1,1
intID1207,0,0,1,0,1,0,1,0,0,0,0,1,0,1,0,0,0,0,0,0,1
intID1208,0,0,1,0,1,0,1,0,0,0,0,0,1,0,1,0,0,0,0,0,1
intID1209,0,0,1,0,1,0,1,0,0,0,0,0,0,0,0,1,0,1,0,1,0
intID1210,0,0,1,0,1,0,0,1,1,0,1,0,0,1,0,0,0,0,0,0,0
intID1211,0,0,1,0,1,0,0,1,1,0,0,1,0,0,0,0,1,0,0,0,0
intID1212,0,0,1,0,1,0,0,1,1,0,0,0,1,0,0,0,0,1,0,0,0
intID1213,0,0,1,0,1,0,0,1,1,0,0,0,0,0,1,0,0,0,1,0,0
intID1214,0,0,1,0,1,0,0,1,0,1,0,0,0,1,0,0,0,0,0,0,1
intID1215,0,0,1,0,1,0,0,1,0,0,1,1,0,0,0,0,0,0,0,0,1
intID1216,0,0,1,0,1,0,0,1,0,0,0,0,1,0,0,1,0,0,0,0,1
intID1217,0,0,1,0,1,0,0,1,0,0,0,0,0,0,1,0,0,1,0,0,1
intID1218,0,0,1,0,1,0,0,1,0,0,0,0,0,0,0,0,1,0,1,0,1
intID1219,0,0,1,0,1,0,0,0,1,1,0,0,1,0,0,0,0,0,0,0,1
intID1220,0,0,1,0,1,0,0,0,1,1,0,0,0,0,1,0,0,0,0,1,0
intID1221,0,0,1,0,1,0,0,0,1,0,1,0,0,0,0,0,0,1,0,0,1
intID1222,0,0,1,0,1,0,0,0,1,0,0,1,0,0,0,0,0,0,1,0,1
intID1223,0,0,1,0,1,0,0,0,1,0,0,0,1,0,0,0,1,0,0,1,0
intID1224,0,0,1,0,1,0,0,0,1,0,0,0,0,1,0,1,0,0,0,1,0
intID1225,0,0,1,0,1,0,0,0,0,1,1,1,0,0,0,0,1,0,0,0,0
intID1226,0,0,1,0,1,0,0,0,0,1,1,0,1,0,0,1,0,0,0,0,0
intID1227,0,0,1,0,1,0,0,0,0,1,1,0,0,1,1,0,0,0,0,0,0
intID1228,0,0,1,0,1,0,0,0,0,1,1,0,0,0,0,0,0,1,1,0,0
intID1229,0,0,1,0,1,0,0,0,0,1,0,1,1,0,0,0,0,0,0,1,0
intID1230,0,0,1,0,1,0,0,0,0,1,0,1,0,1,0,0,0,0,1,0,0
intID1231,0,0,1,0,1,0,0,0,0,1,0,1,0,0,0,1,0,0,0,0,1
intID1232,0,0,1,0,1,0,0,0,0,1,0,0,1,1,0,0,0,1,0,0,0
intID1233,0,0,1,0,1,0,0,0,0,1,0,0,1,0,1,0,1,0,0,0,0
intID1234,0,0,1,0,1,0,0,0,0,1,0,0,0,1,0,1,1,0,0,0,0
intID1235,0,0,1,0,1,0,0,0,0,1,0,0,0,0,1,1,0,0,1,0,0
intID1236,0,0,1,0,1,0,0,0,0,0,1,1,1,1,0,0,0,0,0,0,0
intID1237,0,0,1,0,1,0,0,0,0,0,1,0,1,0,0,0,1,1,0,0,0
intID1238,0,0,1,0,1,0,0,0,0,0,1,0,1,0,0,0,0,0,1,0,1
intID1239,0,0,1,0,1,0,0,0,0,0,1,0,0,1,0,1,0,0,1,0,0
intID1240,0,0,1,0,1,0,0,0,0,0,1,0,0,0,1,0,1,0,1,0,0
intID1241,0,0,1,0,1,0,0,0,0,0,1,0,0,0,0,1,1,0,0,1,0
intID1242,0,0,1,0,1,0,0,0,0,0,0,1,1,0,1,0,0,0,1,0,0
intID1243,0,0,1,0,1,0,0,0,0,0,0,1,1,0,0,1,1,0,0,0,0
intID1244,0,0,1,0,1,0,0,0,0,0,0,1,0,1,1,0,1,0,0,0,0
intID1245,0,0,1,0,1,0,0,0,0,0,0,1,0,0,0,0,0,1,1,1,0
intID1246,0,0,1,0,1,0,0,0,0,0,0,0,1,1,0,0,1,0,1,0,0
intID1247,0,0,1,0,1,0,0,0,0,0,0,0,1,1,0,0,0,0,0,1,1
intID1248,0,0,1,0,1,0,0,0,0,0,0,0,1,0,0,1,0,1,1,0,0
intID1249,0,0,1,0,1,0,0,0,0,0,0,0,0,1,1,0,0,1,1,0,0
intID1250,0,0,1,0,1,0,0,0,0,0,0,0,0,0,1,1,1,1,0,0,0
intID1251,0,0,1,0,1,0,0,0,0,0,0,0,0,0,1,0,1,0,0,1,1
intID1252,0,0,1,0,0,1,1,1,0,1,0,0,0,0,0,0,0,1,0,0,0
intID1253,0,0,1,0,0,1,1,1,0,0,1,0,1,0,0,0,0,0,0,0,0
intID1254,0,0,1,0,0,1,1,1,0,0,0,1,0,0,1,0,0,0,0,0,0
intID1255,0,0,1,0,0,1,1,1,0,0,0,0,0,0,0,1,0,0,1,0,0
intID1256,0,0,1,0,0,1,1,0,1,1,0,1,0,0,0,0,0,0,0,0,0
intID1257,0,0,1,0,0,1,1,0,1,0,1,0,0,0,0,0,0,0,1,0,0
intID1258,0,0,1,0,0,1,1,0,1,0,0,0,1,1,0,0,0,0,0,0,0
intID1259,0,0,1,0,0,1,1,0,1,0,0,0,0,0,1,1,0,0,0,0,0
intID1260,0,0,1,0,0,1,1,0,1,0,0,0,0,0,0,0,1,1,0,0,0
intID1261,0,0,1,0,0,1,1,0,0,1,0,0,0,0,0,0,1,0,0,0,1
intID1262,0,0,1,0,0,1,1,0,0,0,1,0,0,0,1,0,0,0,0,0,1
intID1263,0,0,1,0,0,1,1,0,0,0,1,0,0,0,0,0,1,0,0,1,0
intID1264,0,0,1,0,0,1,1,0,0,0,0,0,1,0,0,0,0,0,1,1,0
intID1265,0,0,1,0,0,1,1,0,0,0,0,0,0,1,0,0,0,1,0,0,1
intID1266,0,0,1,0,0,1,1,0,0,0,0,0,0,0,1,0,0,1,0,1,0
intID1267,0,0,1,0,0,1,0,1,1,1,0,0,0,0,0,0,0,0,1,0,0
intID1268,0,0,1,0,0,1,0,1,1,0,1,0,0,0,0,0,1,0,0,0,0
intID1269,0,0,1,0,0,1,0,1,1,0,0,1,0,1,0,0,0,0,0,0,0
intID1270,0,0,1,0,0,1,0,1,1,0,0,0,1,0,1,0,0,0,0,0,0
intID1271,0,0,1,0,0,1,0,1,1,0,0,0,0,0,0,1,0,1,0,0,0
intID1272,0,0,1,0,0,1,0,1,0,1,0,1,0,0,0,0,0,0,0,1,0
intID1273,0,0,1,0,0,1,0,1,0,0,1,0,0,0,0,0,0,0,1,0,1
intID1274,0,0,1,0,0,1,0,1,0,0,0,0,1,1,0,0,0,0,0,0,1
intID1275,0,0,1,0,0,1,0,1,0,0,0,0,0,1,0,0,0,1,0,1,0
intID1276,0,0,1,0,0,1,0,1,0,0,0,0,0,0,1,1,0,0,0,1,0
intID1277,0,0,1,0,0,1,0,1,0,0,0,0,0,0,0,0,1,0,0,1,1
intID1278,0,0,1,0,0,1,0,0,1,1,1,0,0,0,0,0,0,0,0,0,1
intID1279,0,0,1,0,0,1,0,0,1,0,0,1,1,0,0,0,0,0,0,0,1
intID1280,0,0,1,0,0,1,0,0,1,0,0,0,0,0,0,1,1,0,0,0,1
intID1281,0,0,1,0,0,1,0,0,0,1,1,1,1,0,0,0,0,0,0,0,0
intID1282,0,0,1,0,0,1,0,0,0,1,1,0,0,1,0,1,0,0,0,0,0
intID1283,0,0,1,0,0,1,0,0,0,1,1,0,0,0,0,0,1,1,0,0,0
intID1284,0,0,1,0,0,1,0,0,0,1,0,1,0,1,0,0,0,1,0,0,0
intID1285,0,0,1,0,0,1,0,0,0,1,0,1,0,0,1,1,0,0,0,0,0
intID1286,0,0,1,0,0,1,0,0,0,1,0,0,1,1,0,0,0,0,1,0,0
intID1287,0,0,1,0,0,1,0,0,0,1,0,0,1,0,1,0,0,1,0,0,0
intID1288,0,0,1,0,0,1,0,0,0,1,0,0,0,1,1,0,1,0,0,0,0
intID1289,0,0,1,0,0,1,0,0,0,1,0,0,0,0,0,1,0,0,0,1,1
intID1290,0,0,1,0,0,1,0,0,0,0,1,1,0,1,0,0,1,0,0,0,0
intID1291,0,0,1,0,0,1,0,0,0,0,1,1,0,0,1,0,0,1,0,0,0
intID1292,0,0,1,0,0,1,0,0,0,0,1,1,0,0,0,1,0,0,1,0,0
intID1293,0,0,1,0,0,1,0,0,0,0,1,0,1,0,1,0,0,0,0,1,0
intID1294,0,0,1,0,0,1,0,0,0,0,1,0,1,0,0,1,0,1,0,0,0
intID1295,0,0,1,0,0,1,0,0,0,0,1,0,1,0,0,0,1,0,1,0,0
intID1296,0,0,1,0,0,1,0,0,0,0,0,1,1,1,0,1,0,0,0,0,0
intID1297,0,0,1,0,0,1,0,0,0,0,0,1,1,0,1,0,1,0,0,0,0
intID1298,0,0,1,0,0,1,0,0,0,0,0,1,1,0,0,0,0,1,1,0,0
intID1299,0,0,1,0,0,1,0,0,0,0,0,1,0,0,0,1,1,1,0,0,0
intID1300,0,0,1,0,0,1,0,0,0,0,0,0,1,0,1,1,0,0,1,0,0
intID1301,0,0,1,0,0,1,0,0,0,0,0,0,1,0,0,0,0,1,0,1,1
intID1302,0,0,1,0,0,1,0,0,0,0,0,0,0,1,1,1,0,1,0,0,0
intID1303,0,0,1,0,0,1,0,0,0,0,0,0,0,1,0,1,1,0,1,0,0
intID1304,0,0,1,0,0,1,0,0,0,0,0,0,0,0,1,0,1,1,1,0,0
intID1305,0,0,1,0,0,1,0,0,0,0,0,0,0,0,1,0,0,0,1,1,1
intID1306,0,0,1,0,0,0,1,1,1,1,0,0,1,0,0,0,0,0,0,0,0
intID1307,0,0,1,0,0,0,1,1,1,0,0,1,0,0,0,0,0,0,1,0,0
intID1308,0,0,1,0,0,0,1,1,1,0,0,0,0,1,0,1,0,0,0,0,0
intID1309,0,0,1,0,0,0,1,1,1,0,0,0,0,0,0,0,0,0,0,1,1
intID1310,0,0,1,0,0,0,1,1,0,1,1,0,0,0,0,0,0,0,0,0,1
intID1311,0,0,1,0,0,0,1,1,0,0,0,0,1,0,0,0,1,0,0,1,0
intID1312,0,0,1,0,0,0,1,1,0,0,0,0,0,1,1,0,0,0,0,1,0
intID1313,0,0,1,0,0,0,1,1,0,0,0,0,0,0,0,1,1,0,0,0,1
intID1314,0,0,1,0,0,0,1,1,0,0,0,0,0,0,0,0,0,1,1,1,0
intID1315,0,0,1,0,0,0,1,0,1,1,0,0,0,0,0,1,0,0,0,0,1
intID1316,0,0,1,0,0,0,1,0,1,0,1,1,0,0,0,0,0,0,0,1,0
intID1317,0,0,1,0,0,0,1,0,1,0,1,0,0,1,0,0,0,0,0,0,1
intID1318,0,0,1,0,0,0,1,0,1,0,0,1,0,0,0,0,1,0,0,0,1
intID1319,0,0,1,0,0,0,1,0,1,0,0,0,1,0,0,0,0,1,0,0,1
intID1320,0,0,1,0,0,0,1,0,1,0,0,0,0,1,0,0,1,0,0,1,0
intID1321,0,0,1,0,0,0,1,0,1,0,0,0,0,0,1,0,0,0,1,0,1
intID1322,0,0,1,0,0,0,1,0,0,1,1,0,0,0,0,1,0,0,0,1,0
intID1323,0,0,1,0,0,0,1,0,0,1,0,1,0,0,1,0,0,0,1,0,0
intID1324,0,0,1,0,0,0,1,0,0,1,0,1,0,0,0,0,1,0,0,1,0
intID1325,0,0,1,0,0,0,1,0,0,1,0,0,1,1,1,0,0,0,0,0,0
intID1326,0,0,1,0,0,0,1,0,0,1,0,0,1,0,0,0,0,1,1,0,0
intID1327,0,0,1,0,0,0,1,0,0,1,0,0,0,1,0,0,1,0,1,0,0
intID1328,0,0,1,0,0,0,1,0,0,1,0,0,0,1,0,0,0,0,0,1,1
intID1329,0,0,1,0,0,0,1,0,0,1,0,0,0,0,1,1,1,0,0,0,0
intID1330,0,0,1,0,0,0,1,0,0,0,1,1,1,0,0,0,0,0,1,0,0
intID1331,0,0,1,0,0,0,1,0,0,0,1,1,0,0,0,1,0,1,0,0,0
intID1332,0,0,1,0,0,0,1,0,0,0,1,0,1,0,1,1,0,0,0,0,0
intID1333,0,0,1,0,0,0,1,0,0,0,1,0,0,1,1,0,0,0,1,0,0
intID1334,0,0,1,0,0,0,1,0,0,0,1,0,0,1,0,1,1,0,0,0,0
intID1335,0,0,1,0,0,0,1,0,0,0,1,0,0,1,0,0,0,1,0,1,0
intID1336,0,0,1,0,0,0,1,0,0,0,1,0,0,0,0,0,1,1,1,0,0
intID1337,0,0,1,0,0,0,1,0,0,0,0,1,1,1,0,0,1,0,0,0,0
intID1338,0,0,1,0,0,0,1,0,0,0,0,1,1,0,1,0,0,0,0,1,0
intID1339,0,0,1,0,0,0,1,0,0,0,0,1,0,1,1,1,0,0,0,0,0
intID1340,0,0,1,0,0,0,1,0,0,0,0,1,0,1,0,0,0,1,1,0,0
intID1341,0,0,1,0,0,0,1,0,0,0,0,1,0,0,0,1,1,0,1,0,0
intID1342,0,0,1,0,0,0,1,0,0,0,0,1,0,0,0,0,0,1,0,1,1
intID1343,0,0,1,0,0,0,1,0,0,0,0,0,1,1,0,1,0,0,1,0,0
intID1344,0,0,1,0,0,0,1,0,0,0,0,0,1,0,0,1,0,0,0,1,1
intID1345,0,0,1,0,0,0,1,0,0,0,0,0,0,1,1,0,1,1,0,0,0
intID1346,0,0,1,0,0,0,1,0,0,0,0,0,0,0,0,0,1,0,1,1,1
intID1347,0,0,1,0,0,0,0,1,1,1,0,0,0,0,0,0,0,1,0,1,0
intID1348,0,0,1,0,0,0,0,1,1,0,1,0,0,0,0,1,0,0,0,0,1
intID1349,0,0,1,0,0,0,0,1,1,0,0,0,1,0,0,0,1,0,0,0,1
intID1350,0,0,1,0,0,0,0,1,1,0,0,0,0,1,0,0,0,1,0,0,1
intID1351,0,0,1,0,0,0,0,1,1,0,0,0,0,0,1,0,1,0,0,1,0
intID1352,0,0,1,0,0,0,0,1,0,1,1,1,0,0,0,1,0,0,0,0,0
intID1353,0,0,1,0,0,0,0,1,0,1,1,0,0,1,0,0,1,0,0,0,0
intID1354,0,0,1,0,0,0,0,1,0,1,1,0,0,0,1,0,0,0,1,0,0
intID1355,0,0,1,0,0,0,0,1,0,1,0,1,1,1,0,0,0,0,0,0,0
intID1356,0,0,1,0,0,0,0,1,0,1,0,1,0,0,1,0,1,0,0,0,0
intID1357,0,0,1,0,0,0,0,1,0,1,0,0,1,0,0,0,1,0,1,0,0
intID1358,0,0,1,0,0,0,0,1,0,1,0,0,1,0,0,0,0,0,0,1,1
intID1359,0,0,1,0,0,0,0,1,0,1,0,0,0,1,1,0,0,1,0,0,0
intID1360,0,0,1,0,0,0,0,1,0,1,0,0,0,1,0,1,0,0,1,0,0
intID1361,0,0,1,0,0,0,0,1,0,1,0,0,0,0,0,1,1,1,0,0,0
intID1362,0,0,1,0,0,0,0,1,0,0,1,1,1,0,0,0,0,0,0,1,0
intID1363,0,0,1,0,0,0,0,1,0,0,1,0,1,0,0,1,1,0,0,0,0
intID1364,0,0,1,0,0,0,0,1,0,0,1,0,0,1,1,0,0,0,0,0,1
intID1365,0,0,1,0,0,0,0,1,0,0,1,0,0,0,1,0,1,1,0,0,0
intID1366,0,0,1,0,0,0,0,1,0,0,1,0,0,0,0,1,0,1,1,0,0
intID1367,0,0,1,0,0,0,0,1,0,0,0,1,1,0,0,1,0,0,1,0,0
intID1368,0,0,1,0,0,0,0,1,0,0,0,1,1,0,0,0,1,1,0,0,0
intID1369,0,0,1,0,0,0,0,1,0,0,0,1,0,1,1,0,0,0,1,0,0
intID1370,0,0,1,0,0,0,0,1,0,0,0,1,0,1,0,0,1,0,0,0,1
intID1371,0,0,1,0,0,0,0,1,0,0,0,1,0,0,1,1,0,1,0,0,0
intID1372,0,0,1,0,0,0,0,1,0,0,0,1,0,0,1,0,0,0,0,1,1
intID1373,0,0,1,0,0,0,0,1,0,0,0,0,1,1,1,0,1,0,0,0,0
intID1374,0,0,1,0,0,0,0,1,0,0,0,0,1,1,0,1,0,1,0,0,0
intID1375,0,0,1,0,0,0,0,1,0,0,0,0,1,0,1,0,0,1,1,0,0
intID1376,0,0,1,0,0,0,0,1,0,0,0,0,0,1,0,0,1,1,1,0,0
intID1377,0,0,1,0,0,0,0,1,0,0,0,0,0,1,0,0,0,0,1,1,1
intID1378,0,0,1,0,0,0,0,0,1,1,1,1,0,0,0,0,0,1,0,0,0
intID1379,0,0,1,0,0,0,0,0,1,1,1,0,1,1,0,0,0,0,0,0,0
intID1380,0,0,1,0,0,0,0,0,1,1,1,0,0,0,1,1,0,0,0,0,0
intID1381,0,0,1,0,0,0,0,0,1,1,1,0,0,0,0,0,1,0,1,0,0
intID1382,0,0,1,0,0,0,0,0,1,1,0,1,0,1,0,0,1,0,0,0,0
intID1383,0,0,1,0,0,0,0,0,1,1,0,1,0,0,0,1,0,0,1,0,0
intID1384,0,0,1,0,0,0,0,0,1,1,0,0,0,1,1,0,0,0,1,0,0
intID1385,0,0,1,0,0,0,0,0,1,1,0,0,0,1,0,1,0,1,0,0,0
intID1386,0,0,1,0,0,0,0,0,1,1,0,0,0,0,0,0,1,0,0,1,1
intID1387,0,0,1,0,0,0,0,0,1,0,1,1,0,0,1,0,0,0,1,0,0
intID1388,0,0,1,0,0,0,0,0,1,0,1,0,0,1,1,0,1,0,0,0,0
intID1389,0,0,1,0,0,0,0,0,1,0,1,0,0,0,0,1,1,1,0,0,0
intID1390,0,0,1,0,0,0,0,0,1,0,0,1,0,1,0,1,0,0,0,0,1
intID1391,0,0,1,0,0,0,0,0,1,0,0,1,0,0,1,1,1,0,0,0,0
intID1392,0,0,1,0,0,0,0,0,1,0,0,1,0,0,1,0,0,1,0,1,0
intID1393,0,0,1,0,0,0,0,0,1,0,0,1,0,0,0,0,1,1,1,0,0
intID1394,0,0,1,0,0,0,0,0,1,0,0,0,1,1,0,0,1,1,0,0,0
intID1395,0,0,1,0,0,0,0,0,1,0,0,0,1,1,0,0,0,0,1,1,0
intID1396,0,0,1,0,0,0,0,0,1,0,0,0,0,1,1,0,0,0,0,1,1
intID1397,0,0,1,0,0,0,0,0,1,0,0,0,0,0,0,1,0,0,1,1,1
intID1398,0,0,1,0,0,0,0,0,0,1,1,0,1,0,0,0,0,1,0,0,1
intID1399,0,0,1,0,0,0,0,0,0,1,1,0,0,1,0,0,0,0,1,0,1
intID1400,0,0,1,0,0,0,0,0,0,1,1,0,0,0,1,0,1,0,0,0,1
intID1401,0,0,1,0,0,0,0,0,0,1,0,1,1,0,0,0,1,0,0,0,1
intID1402,0,0,1,0,0,0,0,0,0,1,0,1,0,0,0,0,0,1,1,0,1
intID1403,0,0,1,0,0,0,0,0,0,1,0,0,1,1,0,1,0,0,0,0,1
intID1404,0,0,1,0,0,0,0,0,0,1,0,0,1,0,1,0,0,0,1,0,1
intID1405,0,0,1,0,0,0,0,0,0,1,0,0,0,0,1,0,0,1,0,1,1
intID1406,0,0,1,0,0,0,0,0,0,1,0,0,0,0,0,1,1,0,1,0,1
intID1407,0,0,1,0,0,0,0,0,0,0,1,1,0,1,0,0,0,1,0,0,1
intID1408,0,0,1,0,0,0,0,0,0,0,1,1,0,0,0,1,0,0,0,1,1
intID1409,0,0,1,0,0,0,0,0,0,0,1,1,0,0,0,0,1,0,1,0,1
intID1410,0,0,1,0,0,0,0,0,0,0,1,0,1,1,0,0,1,0,0,0,1
intID1411,0,0,1,0,0,0,0,0,0,0,1,0,1,0,0,1,0,0,1,1,0
intID1412,0,0,1,0,0,0,0,0,0,0,1,0,0,1,1,1,0,0,0,1,0
intID1413,0,0,1,0,0,0,0,0,0,0,1,0,0,0,1,0,0,1,1,0,1
intID1414,0,0,1,0,0,0,0,0,0,0,1,0,0,0,0,0,1,1,0,1,1
intID1415,0,0,1,0,0,0,0,0,0,0,0,1,1,0,0,1,0,1,0,0,1
intID1416,0,0,1,0,0,0,0,0,0,0,0,1,1,0,0,0,0,0,1,1,1
intID1417,0,0,1,0,0,0,0,0,0,0,0,1,0,1,0,0,1,1,0,1,0
intID1418,0,0,1,0,0,0,0,0,0,0,0,0,1,1,1,0,0,1,0,0,1
intID1419,0,0,1,0,0,0,0,0,0,0,0,0,1,0,1,1,1,0,0,0,1
intID1420,0,0,1,0,0,0,0,0,0,0,0,0,1,0,0,0,1,1,1,0,1
intID1421,0,0,1,0,0,0,0,0,0,0,0,0,0,1,1,0,1,0,1,0,1
intID1422,0,0,1,0,0,0,0,0,0,0,0,0,0,1,0,1,1,0,0,1,1
intID1423,0,0,1,0,0,0,0,0,0,0,0,0,0,1,0,1,0,1,1,0,1
intID1424,0,0,0,1,1,1,1,0,0,1,0,0,0,0,1,0,0,0,0,0,0
intID1425,0,0,0,1,1,1,1,0,0,0,1,0,1,0,0,0,0,0,0,0,0
intID1426,0,0,0,1,1,1,1,0,0,0,0,1,0,0,0,0,0,1,0,0,0
intID1427,0,0,0,1,1,1,1,0,0,0,0,0,0,0,0,0,1,0,0,1,0
intID1428,0,0,0,1,1,1,0,1,1,0,0,0,0,0,0,0,0,0,0,1,0
intID1429,0,0,0,1,1,1,0,1,0,1,0,0,0,1,0,0,0,0,0,0,0
intID1430,0,0,0,1,1,1,0,1,0,0,0,0,1,0,0,1,0,0,0,0,0
intID1431,0,0,0,1,1,1,0,1,0,0,0,0,0,0,1,0,0,1,0,0,0
intID1432,0,0,0,1,1,1,0,1,0,0,0,0,0,0,0,0,1,0,1,0,0
intID1433,0,0,0,1,1,1,0,0,1,1,0,1,0,0,0,0,0,0,0,0,0
intID1434,0,0,0,1,1,1,0,0,1,0,1,0,0,0,0,0,0,0,1,0,0
intID1435,0,0,0,1,1,1,0,0,1,0,0,0,1,1,0,0,0,0,0,0,0
intID1436,0,0,0,1,1,1,0,0,1,0,0,0,0,0,0,0,1,1,0,0,0
intID1437,0,0,0,1,1,1,0,0,0,1,1,0,0,0,0,0,0,0,0,0,1
intID1438,0,0,0,1,1,1,0,0,0,0,0,1,1,0,0,0,0,0,0,0,1
intID1439,0,0,0,1,1,1,0,0,0,0,0,0,0,1,1,0,0,0,0,0,1
intID1440,0,0,0,1,1,1,0,0,0,0,0,0,0,0,0,1,1,0,0,0,1
intID1441,0,0,0,1,1,1,0,0,0,0,0,0,0,0,0,1,0,0,1,1,0
intID1442,0,0,0,1,1,1,0,0,0,0,0,0,0,0,0,0,0,1,0,1,1
intID1443,0,0,0,1,1,0,1,1,0,1,1,0,0,0,0,0,0,0,0,0,0
intID1444,0,0,0,1,1,0,1,1,0,0,0,1,1,0,0,0,0,0,0,0,0
intID1445,0,0,0,1,1,0,1,1,0,0,0,0,0,0,0,1,1,0,0,0,0
intID1446,0,0,0,1,1,0,1,1,0,0,0,0,0,0,0,0,0,1,1,0,0
intID1447,0,0,0,1,1,0,1,0,1,1,0,0,1,0,0,0,0,0,0,0,0
intID1448,0,0,0,1,1,0,1,0,1,0,1,0,0,0,0,0,0,1,0,0,0
intID1449,0,0,0,1,1,0,1,0,1,0,0,1,0,0,0,0,0,0,1,0,0
intID1450,0,0,0,1,1,0,1,0,1,0,0,0,0,1,0,1,0,0,0,0,0
intID1451,0,0,0,1,1,0,1,0,1,0,0,0,0,0,1,0,1,0,0,0,0
intID1452,0,0,0,1,1,0,1,0,0,1,0,0,0,1,0,0,0,0,0,0,1
intID1453,0,0,0,1,1,0,1,0,0,0,1,1,0,0,0,0,0,0,0,0,1
intID1454,0,0,0,1,1,0,1,0,0,0,0,0,1,0,0,1,0,0,0,1,0
intID1455,0,0,0,1,1,0,1,0,0,0,0,0,0,1,0,0,0,0,1,1,0
intID1456,0,0,0,1,1,0,1,0,0,0,0,0,0,0,1,0,0,1,0,0,1
intID1457,0,0,0,1,1,0,0,1,1,1,0,0,0,0,0,0,0,0,1,0,0
intID1458,0,0,0,1,1,0,0,1,1,0,1,0,0,0,0,0,1,0,0,0,0
intID1459,0,0,0,1,1,0,0,1,1,0,0,1,0,1,0,0,0,0,0,0,0
intID1460,0,0,0,1,1,0,0,1,1,0,0,0,1,0,1,0,0,0,0,0,0
intID1461,0,0,0,1,1,0,0,1,1,0,0,0,0,0,0,1,0,1,0,0,0
intID1462,0,0,0,1,1,0,0,1,0,0,1,0,1,0,0,0,0,0,0,0,1
intID1463,0,0,0,1,1,0,0,1,0,0,0,1,0,0,0,0,1,0,0,1,0
intID1464,0,0,0,1,1,0,0,1,0,0,0,0,1,0,0,0,0,1,0,1,0
intID1465,0,0,0,1,1,0,0,1,0,0,0,0,0,1,0,0,1,0,0,0,1
intID1466,0,0,0,1,1,0,0,1,0,0,0,0,0,0,1,1,0,0,0,0,1
intID1467,0,0,0,1,1,0,0,1,0,0,0,0,0,0,1,0,0,0,1,1,0
intID1468,0,0,0,1,1,0,0,0,1,1,0,0,0,0,0,0,1,0,0,0,1
intID1469,0,0,0,1,1,0,0,0,1,0,1,0,1,0,0,0,0,0,0,1,0
intID1470,0,0,0,1,1,0,0,0,1,0,1,0,0,0,1,0,0,0,0,0,1
intID1471,0,0,0,1,1,0,0,0,1,0,0,1,0,0,0,1,0,0,0,0,1
intID1472,0,0,0,1,1,0,0,0,1,0,0,0,1,0,0,0,0,0,1,0,1
intID1473,0,0,0,1,1,0,0,0,1,0,0,0,0,1,0,0,0,1,0,0,1
intID1474,0,0,0,1,1,0,0,0,0,1,1,1,0,0,0,0,0,0,1,0,0
intID1475,0,0,0,1,1,0,0,0,0,1,1,0,0,0,0,1,1,0,0,0,0
intID1476,0,0,0,1,1,0,0,0,0,1,0,1,1,0,1,0,0,0,0,0,0
intID1477,0,0,0,1,1,0,0,0,0,1,0,1,0,0,0,1,0,1,0,0,0
intID1478,0,0,0,1,1,0,0,0,0,1,0,0,1,0,0,1,0,0,1,0,0
intID1479,0,0,0,1,1,0,0,0,0,1,0,0,1,0,0,0,1,1,0,0,0
intID1480,0,0,0,1,1,0,0,0,0,1,0,0,0,1,1,1,0,0,0,0,0
intID1481,0,0,0,1,1,0,0,0,0,1,0,0,0,0,1,0,1,0,1,0,0
intID1482,0,0,0,1,1,0,0,0,0,1,0,0,0,0,0,1,0,0,0,1,1
intID1483,0,0,0,1,1,0,0,0,0,0,1,1,1,0,0,1,0,0,0,0,0
intID1484,0,0,0,1,1,0,0,0,0,0,1,1,0,1,1,0,0,0,0,0,0
intID1485,0,0,0,1,1,0,0,0,0,0,1,1,0,0,0,0,1,1,0,0,0
intID1486,0,0,0,1,1,0,0,0,0,0,1,0,1,0,0,0,0,1,1,0,0
intID1487,0,0,0,1,1,0,0,0,0,0,1,0,0,1,0,1,0,1,0,0,0
intID1488,0,0,0,1,1,0,0,0,0,0,1,0,0,1,0,0,1,0,1,0,0
intID1489,0,0,0,1,1,0,0,0,0,0,1,0,0,0,1,1,0,0,1,0,0
intID1490,0,0,0,1,1,0,0,0,0,0,0,1,1,1,0,0,0,1,0,0,0
intID1491,0,0,0,1,1,0,0,0,0,0,0,1,1,0,0,0,1,0,1,0,0
intID1492,0,0,0,1,1,0,0,0,0,0,0,1,0,1,0,1,0,0,1,0,0
intID1493,0,0,0,1,1,0,0,0,0,0,0,1,0,1,0,0,0,0,0,1,1
intID1494,0,0,0,1,1,0,0,0,0,0,0,0,1,1,1,0,0,0,1,0,0
intID1495,0,0,0,1,1,0,0,0,0,0,0,0,1,1,0,1,1,0,0,0,0
intID1496,0,0,0,1,1,0,0,0,0,0,0,0,1,0,1,1,0,1,0,0,0
intID1497,0,0,0,1,1,0,0,0,0,0,0,0,1,0,1,0,0,0,0,1,1
intID1498,0,0,0,1,1,0,0,0,0,0,0,0,0,0,0,1,1,1,0,1,0
intID1499,0,0,0,1,1,0,0,0,0,0,0,0,0,0,0,0,1,0,1,1,1
intID1500,0,0,0,1,0,1,1,1,0,1,0,1,0,0,0,0,0,0,0,0,0
intID1501,0,0,0,1,0,1,1,1,0,0,1,0,0,0,0,0,0,0,1,0,0
intID1502,0,0,0,1,0,1,1,1,0,0,0,0,1,1,0,0,0,0,0,0,0
intID1503,0,0,0,1,0,1,1,1,0,0,0,0,0,0,1,1,0,0,0,0,0
intID1504,0,0,0,1,0,1,1,1,0,0,0,0,0,0,0,0,1,1,0,0,0
intID1505,0,0,0,1,0,1,1,1,0,0,0,0,0,0,0,0,0,0,0,1,1
intID1506,0,0,0,1,0,1,1,0,1,1,0,0,0,0,0,0,1,0,0,0,0
intID1507,0,0,0,1,0,1,1,0,1,0,1,0,0,0,1,0,0,0,0,0,0
intID1508,0,0,0,1,0,1,1,0,1,0,0,1,0,0,0,1,0,0,0,0,0
intID1509,0,0,0,1,0,1,1,0,1,0,0,0,1,0,0,0,0,0,1,0,0
intID1510,0,0,0,1,0,1,1,0,1,0,0,0,0,1,0,0,0,1,0,0,0
intID1511,0,0,0,1,0,1,1,0,0,1,0,0,0,0,0,0,0,0,1,0,1
intID1512,0,0,0,1,0,1,1,0,0,0,0,1,0,1,0,0,0,0,0,0,1
intID1513,0,0,0,1,0,1,1,0,0,0,0,0,1,0,1,0,0,0,0,0,1
intID1514,0,0,0,1,0,1,1,0,0,0,0,0,0,0,0,1,0,1,0,0,1
intID1515,0,0,0,1,0,1,0,1,1,1,0,0,1,0,0,0,0,0,0,0,0
intID1516,0,0,0,1,0,1,0,1,1,0,1,0,0,0,0,0,0,1,0,0,0
intID1517,0,0,0,1,0,1,0,1,1,0,0,1,0,0,0,0,0,0,1,0,0
intID1518,0,0,0,1,0,1,0,1,1,0,0,0,0,1,0,1,0,0,0,0,0
intID1519,0,0,0,1,0,1,0,1,0,0,1,0,0,0,1,0,0,0,0,1,0
intID1520,0,0,0,1,0,1,0,1,0,0,0,1,0,0,1,0,0,0,0,0,1
intID1521,0,0,0,1,0,1,0,1,0,0,0,1,0,0,0,1,0,0,0,1,0
intID1522,0,0,0,1,0,1,0,1,0,0,0,0,1,0,0,0,1,0,0,0,1
intID1523,0,0,0,1,0,1,0,1,0,0,0,0,0,1,0,0,1,0,0,1,0
intID1524,0,0,0,1,0,1,0,1,0,0,0,0,0,1,0,0,0,0,1,0,1
intID1525,0,0,0,1,0,1,0,0,1,1,0,0,0,0,1,0,0,0,0,0,1
intID1526,0,0,0,1,0,1,0,0,1,1,0,0,0,0,0,1,0,0,0,1,0
intID1527,0,0,0,1,0,1,0,0,1,0,1,0,0,1,0,0,0,0,0,1,0
intID1528,0,0,0,1,0,1,0,0,1,0,0,1,0,0,0,0,0,1,0,0,1
intID1529,0,0,0,1,0,1,0,0,1,0,0,0,1,0,0,0,0,1,0,1,0
intID1530,0,0,0,1,0,1,0,0,1,0,0,0,0,1,0,0,1,0,0,0,1
intID1531,0,0,0,1,0,1,0,0,1,0,0,0,0,0,0,1,0,0,1,0,1
intID1532,0,0,0,1,0,1,0,0,0,1,1,0,1,0,0,0,0,1,0,0,0
intID1533,0,0,0,1,0,1,0,0,0,1,1,0,0,1,0,0,0,0,1,0,0
intID1534,0,0,0,1,0,1,0,0,0,1,1,0,0,0,1,0,1,0,0,0,0
intID1535,0,0,0,1,0,1,0,0,0,1,0,1,1,0,0,0,1,0,0,0,0
intID1536,0,0,0,1,0,1,0,0,0,1,0,1,0,0,0,0,0,1,1,0,0
intID1537,0,0,0,1,0,1,0,0,0,1,0,0,1,1,0,1,0,0,0,0,0
intID1538,0,0,0,1,0,1,0,0,0,1,0,0,1,0,1,0,0,0,1,0,0
intID1539,0,0,0,1,0,1,0,0,0,1,0,0,0,1,0,0,1,1,0,0,0
intID1540,0,0,0,1,0,1,0,0,0,1,0,0,0,0,1,1,0,1,0,0,0
intID1541,0,0,0,1,0,1,0,0,0,1,0,0,0,0,0,1,1,0,1,0,0
intID1542,0,0,0,1,0,1,0,0,0,1,0,0,0,0,0,0,1,0,0,1,1
intID1543,0,0,0,1,0,1,0,0,0,0,1,1,1,0,1,0,0,0,0,0,0
intID1544,0,0,0,1,0,1,0,0,0,0,1,1,0,1,0,0,0,1,0,0,0
intID1545,0,0,0,1,0,1,0,0,0,0,1,0,1,1,0,0,1,0,0,0,0
intID1546,0,0,0,1,0,1,0,0,0,0,1,0,0,1,1,1,0,0,0,0,0
intID1547,0,0,0,1,0,1,0,0,0,0,1,0,0,0,1,0,0,0,1,0,1
intID1548,0,0,0,1,0,1,0,0,0,0,1,0,0,0,0,1,1,1,0,0,0
intID1549,0,0,0,1,0,1,0,0,0,0,1,0,0,0,0,1,0,0,0,1,1
intID1550,0,0,0,1,0,1,0,0,0,0,0,1,1,1,0,0,0,0,1,0,0
intID1551,0,0,0,1,0,1,0,0,0,0,0,1,1,0,0,1,0,1,0,0,0
intID1552,0,0,0,1,0,1,0,0,0,0,0,1,0,0,1,1,0,0,1,0,0
intID1553,0,0,0,1,0,1,0,0,0,0,0,1,0,0,0,0,1,1,0,1,0
intID1554,0,0,0,1,0,1,0,0,0,0,0,0,1,0,1,1,1,0,0,0,0
intID1555,0,0,0,1,0,1,0,0,0,0,0,0,1,0,0,0,1,1,1,0,0
intID1556,0,0,0,1,0,1,0,0,0,0,0,0,1,0,0,0,0,0,1,1,1
intID1557,0,0,0,1,0,1,0,0,0,0,0,0,0,1,1,0,1,0,1,0,0
intID1558,0,0,0,1,0,1,0,0,0,0,0,0,0,1,0,0,0,1,1,1,0
intID1559,0,0,0,1,0,0,1,1,1,0,1,0,0,1,0,0,0,0,0,0,0
intID1560,0,0,0,1,0,0,1,1,1,0,0,1,0,0,0,0,1,0,0,0,0
intID1561,0,0,0,1,0,0,1,1,1,0,0,0,1,0,0,0,0,1,0,0,0
intID1562,0,0,0,1,0,0,1,1,1,0,0,0,0,0,1,0,0,0,1,0,0
intID1563,0,0,0,1,0,0,1,1,0,1,0,0,1,0,0,0,0,0,0,0,1
intID1564,0,0,0,1,0,0,1,1,0,0,1,0,0,0,0,1,0,0,0,1,0
intID1565,0,0,0,1,0,0,1,1,0,0,1,0,0,0,0,0,0,1,0,0,1
intID1566,0,0,0,1,0,0,1,1,0,0,0,1,0,0,1,0,0,0,0,1,0
intID1567,0,0,0,1,0,0,1,1,0,0,0,0,0,1,0,1,0,0,0,0,1
intID1568,0,0,0,1,0,0,1,1,0,0,0,0,0,1,0,0,0,1,0,1,0
intID1569,0,0,0,1,0,0,1,1,0,0,0,0,0,0,0,0,1,0,1,1,0
intID1570,0,0,0,1,0,0,1,0,1,1,0,0,0,0,0,0,0,1,0,1,0
intID1571,0,0,0,1,0,0,1,0,1,0,1,0,0,0,0,1,0,0,0,0,1
intID1572,0,0,0,1,0,0,1,0,1,0,1,0,0,0,0,0,0,0,1,1,0
intID1573,0,0,0,1,0,0,1,0,1,0,0,1,0,0,1,0,0,0,0,0,1
intID1574,0,0,0,1,0,0,1,0,1,0,0,0,1,0,0,0,1,0,0,1,0
intID1575,0,0,0,1,0,0,1,0,1,0,0,0,0,1,0,0,0,0,1,0,1
intID1576,0,0,0,1,0,0,1,0,1,0,0,0,0,0,1,1,0,0,0,1,0
intID1577,0,0,0,1,0,0,1,0,1,0,0,0,0,0,0,0,1,1,0,0,1
intID1578,0,0,0,1,0,0,1,0,0,1,1,0,1,0,0,0,0,0,1,0,0
intID1579,0,0,0,1,0,0,1,0,0,1,1,0,0,0,0,1,0,1,0,0,0
intID1580,0,0,0,1,0,0,1,0,0,1,1,0,0,0,0,0,0,0,0,1,1
intID1581,0,0,0,1,0,0,1,0,0,1,0,1,1,0,0,0,0,1,0,0,0
intID1582,0,0,0,1,0,0,1,0,0,1,0,1,0,0,0,1,1,0,0,0,0
intID1583,0,0,0,1,0,0,1,0,0,1,0,0,1,1,0,0,1,0,0,0,0
intID1584,0,0,0,1,0,0,1,0,0,1,0,0,1,0,1,1,0,0,0,0,0
intID1585,0,0,0,1,0,0,1,0,0,1,0,0,0,1,1,0,0,1,0,0,0
intID1586,0,0,0,1,0,0,1,0,0,1,0,0,0,1,0,1,0,0,1,0,0
intID1587,0,0,0,1,0,0,1,0,0,1,0,0,0,0,0,0,1,1,1,0,0
intID1588,0,0,0,1,0,0,1,0,0,0,1,1,0,0,1,1,0,0,0,0,0
intID1589,0,0,0,1,0,0,1,0,0,0,1,0,0,1,0,0,1,1,0,0,0
intID1590,0,0,0,1,0,0,1,0,0,0,1,0,0,0,1,0,1,0,0,1,0
intID1591,0,0,0,1,0,0,1,0,0,0,1,0,0,0,0,1,1,0,1,0,0
intID1592,0,0,0,1,0,0,1,0,0,0,0,1,1,1,1,0,0,0,0,0,0
intID1593,0,0,0,1,0,0,1,0,0,0,0,1,1,0,0,1,0,0,1,0,0
intID1594,0,0,0,1,0,0,1,0,0,0,0,1,0,1,0,1,0,1,0,0,0
intID1595,0,0,0,1,0,0,1,0,0,0,0,1,0,1,0,0,1,0,1,0,0
intID1596,0,0,0,1,0,0,1,0,0,0,0,1,0,0,1,0,1,1,0,0,0
intID1597,0,0,0,1,0,0,1,0,0,0,0,1,0,0,0,0,1,0,0,1,1
intID1598,0,0,0,1,0,0,1,0,0,0,0,1,0,0,0,0,0,1,1,1,0
intID1599,0,0,0,1,0,0,1,0,0,0,0,0,1,0,0,1,1,1,0,0,0
intID1600,0,0,0,1,0,0,1,0,0,0,0,0,0,1,0,1,1,0,0,1,0
intID1601,0,0,0,1,0,0,1,0,0,0,0,0,0,0,1,1,0,1,1,0,0
intID1602,0,0,0,1,0,0,0,1,1,1,0,0,0,0,0,0,0,0,0,1,1
intID1603,0,0,0,1,0,0,0,1,1,0,0,1,1,0,0,0,0,0,0,0,1
intID1604,0,0,0,1,0,0,0,1,1,0,0,0,0,1,1,0,0,0,0,0,1
intID1605,0,0,0,1,0,0,0,1,1,0,0,0,0,0,0,1,1,0,0,0,1
intID1606,0,0,0,1,0,0,0,1,0,1,1,1,0,0,0,0,0,1,0,0,0
intID1607,0,0,0,1,0,0,0,1,0,1,1,0,1,1,0,0,0,0,0,0,0
intID1608,0,0,0,1,0,0,0,1,0,1,1,0,0,0,1,1,0,0,0,0,0
intID1609,0,0,0,1,0,0,0,1,0,1,1,0,0,0,0,0,1,0,1,0,0
intID1610,0,0,0,1,0,0,0,1,0,1,0,1,0,1,0,0,1,0,0,0,0
intID1611,0,0,0,1,0,0,0,1,0,1,0,1,0,0,0,1,0,0,1,0,0
intID1612,0,0,0,1,0,0,0,1,0,1,0,0,0,1,1,0,0,0,1,0,0
intID1613,0,0,0,1,0,0,0,1,0,1,0,0,0,1,0,1,0,1,0,0,0
intID1614,0,0,0,1,0,0,0,1,0,1,0,0,0,0,1,0,1,1,0,0,0
intID1615,0,0,0,1,0,0,0,1,0,0,1,1,1,0,0,0,1,0,0,0,0
intID1616,0,0,0,1,0,0,0,1,0,0,1,1,0,1,0,1,0,0,0,0,0
intID1617,0,0,0,1,0,0,0,1,0,0,1,1,0,0,1,0,0,0,1,0,0
intID1618,0,0,0,1,0,0,0,1,0,0,1,0,1,0,1,0,0,1,0,0,0
intID1619,0,0,0,1,0,0,0,1,0,0,1,0,1,0,0,1,0,0,1,0,0
intID1620,0,0,0,1,0,0,0,1,0,0,1,0,0,1,1,0,1,0,0,0,0
intID1621,0,0,0,1,0,0,0,1,0,0,1,0,0,1,0,0,0,0,0,1,1
intID1622,0,0,0,1,0,0,0,1,0,0,0,1,1,0,0,0,0,0,1,1,0
intID1623,0,0,0,1,0,0,0,1,0,0,0,1,0,1,1,0,0,1,0,0,0
intID1624,0,0,0,1,0,0,0,1,0,0,0,1,0,0,1,1,1,0,0,0,0
intID1625,0,0,0,1,0,0,0,1,0,0,0,1,0,0,0,0,1,1,1,0,0
intID1626,0,0,0,1,0,0,0,1,0,0,0,0,1,1,1,1,0,0,0,0,0
intID1627,0,0,0,1,0,0,0,1,0,0,0,0,0,0,1,0,1,0,0,1,1
intID1628,0,0,0,1,0,0,0,1,0,0,0,0,0,0,0,0,0,1,1,1,1
intID1629,0,0,0,1,0,0,0,0,1,1,1,1,0,1,0,0,0,0,0,0,0
intID1630,0,0,0,1,0,0,0,0,1,1,1,0,1,0,0,0,1,0,0,0,0
intID1631,0,0,0,1,0,0,0,0,1,1,1,0,0,0,1,0,0,1,0,0,0
intID1632,0,0,0,1,0,0,0,0,1,1,1,0,0,0,0,0,0,0,1,0,1
intID1633,0,0,0,1,0,0,0,0,1,1,0,1,1,0,0,1,0,0,0,0,0
intID1634,0,0,0,1,0,0,0,0,1,1,0,0,1,1,1,0,0,0,0,0,0
intID1635,0,0,0,1,0,0,0,0,1,1,0,0,1,0,0,0,0,1,1,0,0
intID1636,0,0,0,1,0,0,0,0,1,1,0,0,0,0,1,1,1,0,0,0,0
intID1637,0,0,0,1,0,0,0,0,1,0,1,1,1,0,0,0,0,0,1,0,0
intID1638,0,0,0,1,0,0,0,0,1,0,1,1,0,0,1,0,1,0,0,0,0
intID1639,0,0,0,1,0,0,0,0,1,0,1,1,0,0,0,1,0,1,0,0,0
intID1640,0,0,0,1,0,0,0,0,1,0,1,1,0,0,0,0,0,0,0,1,1
intID1641,0,0,0,1,0,0,0,0,1,0,1,0,1,1,0,0,0,1,0,0,0
intID1642,0,0,0,1,0,0,0,0,1,0,1,0,1,0,1,1,0,0,0,0,0
intID1643,0,0,0,1,0,0,0,0,1,0,1,0,0,1,1,0,0,0,1,0,0
intID1644,0,0,0,1,0,0,0,0,1,0,1,0,0,0,0,0,1,1,1,0,0
intID1645,0,0,0,1,0,0,0,0,1,0,0,1,1,1,0,0,1,0,0,0,0
intID1646,0,0,0,1,0,0,0,0,1,0,0,1,1,0,1,0,0,1,0,0,0
intID1647,0,0,0,1,0,0,0,0,1,0,0,1,0,1,0,0,0,1,1,0,0
intID1648,0,0,0,1,0,0,0,0,1,0,0,1,0,0,0,1,1,0,1,0,0
intID1649,0,0,0,1,0,0,0,0,1,0,0,0,1,1,0,1,0,0,1,0,0
intID1650,0,0,0,1,0,0,0,0,1,0,0,0,1,1,0,0,0,0,0,1,1
intID1651,0,0,0,1,0,0,0,0,1,0,0,0,0,1,1,0,1,1,0,0,0
intID1652,0,0,0,1,0,0,0,0,1,0,0,0,0,1,0,0,1,0,1,1,0
intID1653,0,0,0,1,0,0,0,0,1,0,0,0,0,0,1,0,0,0,1,1,1
intID1654,0,0,0,1,0,0,0,0,0,1,0,1,0,1,0,0,0,1,0,0,1
intID1655,0,0,0,1,0,0,0,0,0,1,0,1,0,0,1,1,0,0,0,0,1
intID1656,0,0,0,1,0,0,0,0,0,1,0,1,0,0,0,0,1,0,1,0,1
intID1657,0,0,0,1,0,0,0,0,0,1,0,0,1,1,0,0,0,0,1,0,1
intID1658,0,0,0,1,0,0,0,0,0,1,0,0,1,0,1,0,0,1,0,0,1
intID1659,0,0,0,1,0,0,0,0,0,1,0,0,1,0,0,1,1,0,0,0,1
intID1660,0,0,0,1,0,0,0,0,0,1,0,0,0,1,1,0,1,0,0,0,1
intID1661,0,0,0,1,0,0,0,0,0,1,0,0,0,0,0,1,0,1,1,0,1
intID1662,0,0,0,1,0,0,0,0,0,0,1,1,0,1,0,0,1,0,0,0,1
intID1663,0,0,0,1,0,0,0,0,0,0,1,1,0,0,0,1,0,0,1,0,1
intID1664,0,0,0,1,0,0,0,0,0,0,1,0,1,1,1,0,0,0,0,0,1
intID1665,0,0,0,1,0,0,0,0,0,0,1,0,1,0,0,1,0,1,0,0,1
intID1666,0,0,0,1,0,0,0,0,0,0,1,0,1,0,0,0,1,0,1,0,1
intID1667,0,0,0,1,0,0,0,0,0,0,1,0,0,1,0,0,0,1,1,0,1
intID1668,0,0,0,1,0,0,0,0,0,0,1,0,0,0,1,1,1,0,0,0,1
intID1669,0,0,0,1,0,0,0,0,0,0,0,1,1,0,0,0,0,1,1,0,1
intID1670,0,0,0,1,0,0,0,0,0,0,0,1,0,1,1,0,0,0,1,1,0
intID1671,0,0,0,1,0,0,0,0,0,0,0,1,0,0,1,0,0,1,0,1,1
intID1672,0,0,0,1,0,0,0,0,0,0,0,0,1,1,0,0,1,1,0,1,0
intID1673,0,0,0,1,0,0,0,0,0,0,0,0,1,0,1,1,0,0,1,0,1
intID1674,0,0,0,1,0,0,0,0,0,0,0,0,0,1,1,1,0,1,0,0,1
intID1675,0,0,0,1,0,0,0,0,0,0,0,0,0,1,0,1,0,0,1,1,1
intID1676,0,0,0,1,0,0,0,0,0,0,0,0,0,0,1,0,1,1,1,0,1
intID1677,0,0,0,0,1,1,1,1,0,1,0,0,0,0,0,0,0,0,1,0,0
intID1678,0,0,0,0,1,1,1,1,0,0,1,0,0,0,0,0,1,0,0,0,0
intID1679,0,0,0,0,1,1,1,1,0,0,0,1,0,1,0,0,0,0,0,0,0
intID1680,0,0,0,0,1,1,1,1,0,0,0,0,1,0,1,0,0,0,0,0,0
intID1681,0,0,0,0,1,1,1,1,0,0,0,0,0,0,0,1,0,1,0,0,0
intID1682,0,0,0,0,1,1,1,0,1,1,0,0,0,0,0,1,0,0,0,0,0
intID1683,0,0,0,0,1,1,1,0,1,0,1,0,0,1,0,0,0,0,0,0,0
intID1684,0,0,0,0,1,1,1,0,1,0,0,1,0,0,0,0,1,0,0,0,0
intID1685,0,0,0,0,1,1,1,0,1,0,0,0,1,0,0,0,0,1,0,0,0
intID1686,0,0,0,0,1,1,1,0,1,0,0,0,0,0,1,0,0,0,1,0,0
intID1687,0,0,0,0,1,1,1,0,1,0,0,0,0,0,0,0,0,0,0,1,1
intID1688,0,0,0,0,1,1,1,0,0,1,0,0,0,0,0,0,0,1,0,1,0
intID1689,0,0,0,0,1,1,1,0,0,0,1,0,0,0,0,1,0,0,0,0,1
intID1690,0,0,0,0,1,1,1,0,0,0,0,0,1,0,0,0,1,0,0,0,1
intID1691,0,0,0,0,1,1,1,0,0,0,0,0,0,1,0,0,0,0,1,0,1
intID1692,0,0,0,0,1,1,1,0,0,0,0,0,0,0,1,1,0,0,0,1,0
intID1693,0,0,0,0,1,1,0,1,1,1,0,0,0,0,0,0,0,1,0,0,0
intID1694,0,0,0,0,1,1,0,1,1,0,1,0,0,0,1,0,0,0,0,0,0
intID1695,0,0,0,0,1,1,0,1,1,0,0,1,0,0,0,1,0,0,0,0,0
intID1696,0,0,0,0,1,1,0,1,1,0,0,0,1,0,0,0,0,0,1,0,0
intID1697,0,0,0,0,1,1,0,1,1,0,0,0,0,1,0,0,1,0,0,0,0
intID1698,0,0,0,0,1,1,0,1,0,1,0,0,0,0,0,0,0,0,0,1,1
intID1699,0,0,0,0,1,1,0,1,0,0,1,0,0,0,0,1,0,0,0,1,0
intID1700,0,0,0,0,1,1,0,1,0,0,1,0,0,0,0,0,0,1,0,0,1
intID1701,0,0,0,0,1,1,0,1,0,0,0,1,0,0,1,0,0,0,0,1,0
intID1702,0,0,0,0,1,1,0,1,0,0,0,1,0,0,0,0,0,0,1,0,1
intID1703,0,0,0,0,1,1,0,1,0,0,0,0,0,1,0,1,0,0,0,0,1
intID1704,0,0,0,0,1,1,0,1,0,0,0,0,0,1,0,0,0,0,1,1,0
intID1705,0,0,0,0,1,1,0,1,0,0,0,0,0,0,1,0,1,0,0,0,1
intID1706,0,0,0,0,1,1,0,1,0,0,0,0,0,0,0,0,1,1,0,1,0
intID1707,0,0,0,0,1,1,0,0,1,1,0,0,0,0,0,0,0,0,1,0,1
intID1708,0,0,0,0,1,1,0,0,1,0,0,1,0,1,0,0,0,0,0,0,1
intID1709,0,0,0,0,1,1,0,0,1,0,0,0,1,0,1,0,0,0,0,0,1
intID1710,0,0,0,0,1,1,0,0,1,0,0,0,0,0,0,1,0,1,0,0,1
intID1711,0,0,0,0,1,1,0,0,0,1,1,1,0,0,1,0,0,0,0,0,0
intID1712,0,0,0,0,1,1,0,0,0,1,1,0,1,0,0,0,1,0,0,0,0
intID1713,0,0,0,0,1,1,0,0,0,1,0,1,1,0,0,0,0,0,1,0,0
intID1714,0,0,0,0,1,1,0,0,0,1,0,1,0,1,0,1,0,0,0,0,0
intID1715,0,0,0,0,1,1,0,0,0,1,0,1,0,0,0,0,1,1,0,0,0
intID1716,0,0,0,0,1,1,0,0,0,1,0,0,1,1,1,0,0,0,0,0,0
intID1717,0,0,0,0,1,1,0,0,0,1,0,0,1,0,0,1,0,1,0,0,0
intID1718,0,0,0,0,1,1,0,0,0,1,0,0,0,1,0,0,1,0,1,0,0
intID1719,0,0,0,0,1,1,0,0,0,1,0,0,0,0,1,1,1,0,0,0,0
intID1720,0,0,0,0,1,1,0,0,0,1,0,0,0,0,1,0,0,1,1,0,0
intID1721,0,0,0,0,1,1,0,0,0,0,1,1,0,1,0,0,0,0,1,0,0
intID1722,0,0,0,0,1,1,0,0,0,0,1,1,0,0,0,0,0,1,0,1,0
intID1723,0,0,0,0,1,1,0,0,0,0,1,0,1,0,1,0,0,0,1,0,0
intID1724,0,0,0,0,1,1,0,0,0,0,1,0,0,1,1,0,1,0,0,0,0
intID1725,0,0,0,0,1,1,0,0,0,0,1,0,0,0,1,1,0,1,0,0,0
intID1726,0,0,0,0,1,1,0,0,0,0,1,0,0,0,0,0,1,1,1,0,0
intID1727,0,0,0,0,1,1,0,0,0,0,1,0,0,0,0,0,0,0,1,1,1
intID1728,0,0,0,0,1,1,0,0,0,0,0,1,1,1,0,0,1,0,0,0,0
intID1729,0,0,0,0,1,1,0,0,0,0,0,1,1,0,1,1,0,0,0,0,0
intID1730,0,0,0,0,1,1,0,0,0,0,0,1,0,1,1,0,0,1,0,0,0
intID1731,0,0,0,0,1,1,0,0,0,0,0,1,0,0,0,1,0,1,1,0,0
intID1732,0,0,0,0,1,1,0,0,0,0,0,0,1,0,0,1,1,0,0,1,0
intID1733,0,0,0,0,1,1,0,0,0,0,0,0,0,1,0,1,1,1,0,0,0
intID1734,0,0,0,0,1,1,0,0,0,0,0,0,0,1,0,0,1,0,0,1,1
intID1735,0,0,0,0,1,0,1,1,1,1,0,0,0,1,0,0,0,0,0,0,0
intID1736,0,0,0,0,1,0,1,1,1,0,1,1,0,0,0,0,0,0,0,0,0
intID1737,0,0,0,0,1,0,1,1,1,0,0,0,1,0,0,1,0,0,0,0,0
intID1738,0,0,0,0,1,0,1,1,1,0,0,0,0,0,1,0,0,1,0,0,0
intID1739,0,0,0,0,1,0,1,1,0,1,0,0,0,0,0,0,1,0,0,0,1
intID1740,0,0,0,0,1,0,1,1,0,0,1,0,0,0,1,0,0,0,0,0,1
intID1741,0,0,0,0,1,0,1,1,0,0,0,1,0,0,0,1,0,0,0,0,1
intID1742,0,0,0,0,1,0,1,1,0,0,0,0,1,0,0,0,0,0,1,0,1
intID1743,0,0,0,0,1,0,1,1,0,0,0,0,0,1,0,0,1,0,0,1,0
intID1744,0,0,0,0,1,0,1,0,1,1,1,0,0,0,0,0,0,0,0,0,1
intID1745,0,0,0,0,1,0,1,0,1,0,0,1,1,0,0,0,0,0,0,0,1
intID1746,0,0,0,0,1,0,1,0,1,0,0,0,0,1,1,0,0,0,0,0,1
intID1747,0,0,0,0,1,0,1,0,1,0,0,0,0,0,0,1,1,0,0,0,1
intID1748,0,0,0,0,1,0,1,0,0,1,1,1,0,0,0,1,0,0,0,0,0
intID1749,0,0,0,0,1,0,1,0,0,1,1,0,1,0,0,0,0,1,0,0,0
intID1750,0,0,0,0,1,0,1,0,0,1,1,0,0,1,0,0,0,0,1,0,0
intID1751,0,0,0,0,1,0,1,0,0,1,1,0,0,0,1,0,1,0,0,0,0
intID1752,0,0,0,0,1,0,1,0,0,1,0,1,1,0,0,0,1,0,0,0,0
intID1753,0,0,0,0,1,0,1,0,0,1,0,1,0,1,1,0,0,0,0,0,0
intID1754,0,0,0,0,1,0,1,0,0,1,0,1,0,0,0,0,0,1,1,0,0
intID1755,0,0,0,0,1,0,1,0,0,1,0,0,1,0,1,0,0,0,1,0,0
intID1756,0,0,0,0,1,0,1,0,0,1,0,0,1,0,0,0,0,0,0,1,1
intID1757,0,0,0,0,1,0,1,0,0,1,0,0,0,1,0,0,1,1,0,0,0
intID1758,0,0,0,0,1,0,1,0,0,1,0,0,0,0,1,1,0,1,0,0,0
intID1759,0,0,0,0,1,0,1,0,0,1,0,0,0,0,0,1,1,0,1,0,0
intID1760,0,0,0,0,1,0,1,0,0,0,1,0,1,1,0,0,1,0,0,0,0
intID1761,0,0,0,0,1,0,1,0,0,0,1,0,1,0,1,0,0,0,0,1,0
intID1762,0,0,0,0,1,0,1,0,0,0,1,0,0,0,1,0,0,1,1,0,0
intID1763,0,0,0,0,1,0,1,0,0,0,1,0,0,0,0,1,0,0,1,1,0
intID1764,0,0,0,0,1,0,1,0,0,0,0,1,0,1,0,1,1,0,0,0,0
intID1765,0,0,0,0,1,0,1,0,0,0,0,1,0,0,1,1,0,0,1,0,0
intID1766,0,0,0,0,1,0,1,0,0,0,0,1,0,0,1,0,1,0,0,1,0
intID1767,0,0,0,0,1,0,1,0,0,0,0,1,0,0,0,0,0,0,1,1,1
intID1768,0,0,0,0,1,0,1,0,0,0,0,0,1,1,1,0,0,1,0,0,0
intID1769,0,0,0,0,1,0,1,0,0,0,0,0,1,1,0,1,0,0,0,0,1
intID1770,0,0,0,0,1,0,1,0,0,0,0,0,1,0,1,1,1,0,0,0,0
intID1771,0,0,0,0,1,0,1,0,0,0,0,0,1,0,0,0,1,1,1,0,0
intID1772,0,0,0,0,1,0,1,0,0,0,0,0,0,1,1,0,1,0,1,0,0
intID1773,0,0,0,0,1,0,1,0,0,0,0,0,0,1,0,1,0,1,1,0,0
intID1774,0,0,0,0,1,0,1,0,0,0,0,0,0,1,0,0,0,1,0,1,1
intID1775,0,0,0,0,1,0,0,1,1,1,0,1,0,0,0,0,0,0,0,1,0
intID1776,0,0,0,0,1,0,0,1,1,1,0,0,0,0,0,1,0,0,0,0,1
intID1777,0,0,0,0,1,0,0,1,1,0,1,0,0,0,0,0,0,0,1,0,1
intID1778,0,0,0,0,1,0,0,1,1,0,0,0,1,1,0,0,0,0,0,0,1
intID1779,0,0,0,0,1,0,0,1,1,0,0,0,0,1,0,0,0,1,0,1,0
intID1780,0,0,0,0,1,0,0,1,1,0,0,0,0,0,1,1,0,0,0,1,0
intID1781,0,0,0,0,1,0,0,1,1,0,0,0,0,0,0,0,1,0,1,1,0
intID1782,0,0,0,0,1,0,0,1,0,1,1,1,1,0,0,0,0,0,0,0,0
intID1783,0,0,0,0,1,0,0,1,0,1,1,0,0,1,0,1,0,0,0,0,0
intID1784,0,0,0,0,1,0,0,1,0,1,1,0,0,0,1,0,0,0,0,1,0
intID1785,0,0,0,0,1,0,0,1,0,1,0,1,0,1,0,0,0,1,0,0,0
intID1786,0,0,0,0,1,0,0,1,0,1,0,0,1,1,0,0,0,0,1,0,0
intID1787,0,0,0,0,1,0,0,1,0,1,0,0,1,0,0,1,1,0,0,0,0
intID1788,0,0,0,0,1,0,0,1,0,1,0,0,0,0,0,1,0,1,1,0,0
intID1789,0,0,0,0,1,0,0,1,0,0,1,1,0,1,0,0,1,0,0,0,0
intID1790,0,0,0,0,1,0,0,1,0,0,1,1,0,0,1,0,0,1,0,0,0
intID1791,0,0,0,0,1,0,0,1,0,0,1,1,0,0,0,1,0,0,1,0,0
intID1792,0,0,0,0,1,0,0,1,0,0,1,0,1,1,1,0,0,0,0,0,0
intID1793,0,0,0,0,1,0,0,1,0,0,1,0,1,0,0,1,0,1,0,0,0
intID1794,0,0,0,0,1,0,0,1,0,0,1,0,1,0,0,0,1,0,0,1,0
intID1795,0,0,0,0,1,0,0,1,0,0,1,0,0,0,1,1,1,0,0,0,0
intID1796,0,0,0,0,1,0,0,1,0,0,1,0,0,0,0,0,0,1,1,1,0
intID1797,0,0,0,0,1,0,0,1,0,0,0,1,1,0,1,0,1,0,0,0,0
intID1798,0,0,0,0,1,0,0,1,0,0,0,1,1,0,0,0,0,1,1,0,0
intID1799,0,0,0,0,1,0,0,1,0,0,0,1,0,0,0,1,1,1,0,0,0
intID1800,0,0,0,0,1,0,0,1,0,0,0,1,0,0,0,0,0,1,0,1,1
intID1801,0,0,0,0,1,0,0,1,0,0,0,0,1,1,0,0,1,1,0,0,0
intID1802,0,0,0,0,1,0,0,1,0,0,0,0,1,0,1,1,0,0,1,0,0
intID1803,0,0,0,0,1,0,0,1,0,0,0,0,0,1,1,1,0,1,0,0,0
intID1804,0,0,0,0,1,0,0,1,0,0,0,0,0,1,0,1,1,0,1,0,0
intID1805,0,0,0,0,1,0,0,1,0,0,0,0,0,0,1,0,1,1,1,0,0
intID1806,0,0,0,0,1,0,0,1,0,0,0,0,0,0,0,1,0,0,1,1,1
intID1807,0,0,0,0,1,0,0,0,1,1,1,0,0,1,0,0,1,0,0,0,0
intID1808,0,0,0,0,1,0,0,0,1,1,0,1,1,1,0,0,0,0,0,0,0
intID1809,0,0,0,0,1,0,0,0,1,1,0,1,0,0,1,0,1,0,0,0,0
intID1810,0,0,0,0,1,0,0,0,1,1,0,0,1,0,1,1,0,0,0,0,0
intID1811,0,0,0,0,1,0,0,0,1,1,0,0,1,0,0,0,0,1,0,1,0
intID1812,0,0,0,0,1,0,0,0,1,1,0,0,0,1,1,0,0,1,0,0,0
intID1813,0,0,0,0,1,0,0,0,1,1,0,0,0,1,0,0,0,0,0,1,1
intID1814,0,0,0,0,1,0,0,0,1,1,0,0,0,0,0,1,1,1,0,0,0
intID1815,0,0,0,0,1,0,0,0,1,0,1,1,0,1,0,0,0,1,0,0,0
intID1816,0,0,0,0,1,0,0,0,1,0,1,1,0,0,0,0,0,0,1,1,0
intID1817,0,0,0,0,1,0,0,0,1,0,1,0,1,1,0,0,0,0,1,0,0
intID1818,0,0,0,0,1,0,0,0,1,0,1,0,1,0,0,1,1,0,0,0,0
intID1819,0,0,0,0,1,0,0,0,1,0,1,0,0,0,1,0,1,1,0,0,0
intID1820,0,0,0,0,1,0,0,0,1,0,1,0,0,0,0,1,0,1,1,0,0
intID1821,0,0,0,0,1,0,0,0,1,0,0,1,0,1,1,0,0,0,1,0,0
intID1822,0,0,0,0,1,0,0,0,1,0,0,1,0,0,1,1,0,1,0,0,0
intID1823,0,0,0,0,1,0,0,0,1,0,0,1,0,0,1,0,0,0,0,1,1
intID1824,0,0,0,0,1,0,0,0,1,0,0,1,0,0,0,0,1,1,0,1,0
intID1825,0,0,0,0,1,0,0,0,1,0,0,0,1,1,1,0,1,0,0,0,0
intID1826,0,0,0,0,1,0,0,0,1,0,0,0,1,1,0,1,0,1,0,0,0
intID1827,0,0,0,0,1,0,0,0,1,0,0,0,1,0,1,0,0,1,1,0,0
intID1828,0,0,0,0,1,0,0,0,1,0,0,0,1,0,0,1,0,0,0,1,1
intID1829,0,0,0,0,1,0,0,0,1,0,0,0,0,1,0,0,1,1,1,0,0
intID1830,0,0,0,0,1,0,0,0,1,0,0,0,0,0,1,1,1,0,1,0,0
intID1831,0,0,0,0,1,0,0,0,1,0,0,0,0,0,0,0,0,1,1,1,1
intID1832,0,0,0,0,1,0,0,0,0,1,1,1,0,1,0,0,0,0,0,1,0
intID1833,0,0,0,0,1,0,0,0,0,1,1,0,1,0,1,0,0,0,0,0,1
intID1834,0,0,0,0,1,0,0,0,0,1,1,0,1,0,0,0,0,0,1,1,0
intID1835,0,0,0,0,1,0,0,0,0,1,1,0,0,0,0,1,0,1,0,0,1
intID1836,0,0,0,0,1,0,0,0,0,1,0,1,1,0,0,0,0,1,0,0,1
intID1837,0,0,0,0,1,0,0,0,0,1,0,1,0,0,1,0,0,1,0,1,0
intID1838,0,0,0,0,1,0,0,0,0,1,0,1,0,0,0,1,1,0,0,1,0
intID1839,0,0,0,0,1,0,0,0,0,1,0,0,1,1,0,0,1,0,0,0,1
intID1840,0,0,0,0,1,0,0,0,0,1,0,0,0,1,0,1,0,0,1,1,0
intID1841,0,0,0,0,1,0,0,0,0,1,0,0,0,0,1,0,0,0,1,1,1
intID1842,0,0,0,0,1,0,0,0,0,1,0,0,0,0,0,0,1,1,1,1,0
intID1843,0,0,0,0,1,0,0,0,0,0,1,1,0,0,1,1,0,0,0,0,1
intID1844,0,0,0,0,1,0,0,0,0,0,1,1,0,0,0,0,1,0,0,1,1
intID1845,0,0,0,0,1,0,0,0,0,0,1,0,0,1,1,0,0,0,1,0,1
intID1846,0,0,0,0,1,0,0,0,0,0,1,0,0,1,0,1,0,0,0,1,1
intID1847,0,0,0,0,1,0,0,0,0,0,1,0,0,1,0,0,1,1,0,0,1
intID1848,0,0,0,0,1,0,0,0,0,0,1,0,0,0,1,0,0,1,0,1,1
intID1849,0,0,0,0,1,0,0,0,0,0,1,0,0,0,0,1,1,0,1,0,1
intID1850,0,0,0,0,1,0,0,0,0,0,0,1,1,1,1,0,0,0,0,0,1
intID1851,0,0,0,0,1,0,0,0,0,0,0,1,1,0,0,1,0,0,1,1,0
intID1852,0,0,0,0,1,0,0,0,0,0,0,1,0,1,0,0,1,0,1,0,1
intID1853,0,0,0,0,1,0,0,0,0,0,0,1,0,0,1,0,1,1,0,0,1
intID1854,0,0,0,0,1,0,0,0,0,0,0,0,1,1,0,0,0,1,1,0,1
intID1855,0,0,0,0,1,0,0,0,0,0,0,0,1,0,0,0,1,1,0,1,1
intID1856,0,0,0,0,1,0,0,0,0,0,0,0,0,1,1,1,1,0,0,0,1
intID1857,0,0,0,0,1,0,0,0,0,0,0,0,0,0,1,1,0,1,1,0,1
intID1858,0,0,0,0,0,1,1,1,1,1,1,0,0,0,0,0,0,0,0,0,0
intID1859,0,0,0,0,0,1,1,1,1,0,0,0,0,1,1,0,0,0,0,0,0
intID1860,0,0,0,0,0,1,1,1,1,0,0,0,0,0,0,1,1,0,0,0,0
intID1861,0,0,0,0,0,1,1,1,1,0,0,0,0,0,0,0,0,1,1,0,0
intID1862,0,0,0,0,0,1,1,1,0,1,0,0,0,0,0,1,0,0,0,1,0
intID1863,0,0,0,0,0,1,1,1,0,0,1,0,0,1,0,0,0,0,0,0,1
intID1864,0,0,0,0,0,1,1,1,0,0,0,1,0,0,0,0,1,0,0,0,1
intID1865,0,0,0,0,0,1,1,1,0,0,0,0,1,0,0,0,0,1,0,0,1
intID1866,0,0,0,0,0,1,1,1,0,0,0,0,0,0,1,0,0,0,1,0,1
intID1867,0,0,0,0,0,1,1,0,1,1,0,0,1,0,0,0,0,0,0,0,1
intID1868,0,0,0,0,0,1,1,0,1,0,1,0,0,0,0,0,0,1,0,0,1
intID1869,0,0,0,0,0,1,1,0,1,0,0,1,0,0,0,0,0,0,1,0,1
intID1870,0,0,0,0,0,1,1,0,1,0,0,0,0,0,1,0,1,0,0,0,1
intID1871,0,0,0,0,0,1,1,0,0,1,1,1,0,0,0,0,0,0,1,0,0
intID1872,0,0,0,0,0,1,1,0,0,1,1,0,0,0,1,0,0,1,0,0,0
intID1873,0,0,0,0,0,1,1,0,0,1,1,0,0,0,0,1,1,0,0,0,0
intID1874,0,0,0,0,0,1,1,0,0,1,0,1,0,0,0,1,0,1,0,0,0
intID1875,0,0,0,0,0,1,1,0,0,1,0,0,1,0,0,1,0,0,1,0,0
intID1876,0,0,0,0,0,1,1,0,0,1,0,0,1,0,0,0,1,0,0,1,0
intID1877,0,0,0,0,0,1,1,0,0,1,0,0,0,1,1,1,0,0,0,0,0
intID1878,0,0,0,0,0,1,1,0,0,1,0,0,0,1,0,0,0,1,1,0,0
intID1879,0,0,0,0,0,1,1,0,0,0,1,1,0,1,1,0,0,0,0,0,0
intID1880,0,0,0,0,0,1,1,0,0,0,1,1,0,0,0,0,1,1,0,0,0
intID1881,0,0,0,0,0,1,1,0,0,0,1,0,1,0,1,0,1,0,0,0,0
intID1882,0,0,0,0,0,1,1,0,0,0,1,0,1,0,0,1,0,0,0,1,0
intID1883,0,0,0,0,0,1,1,0,0,0,1,0,0,1,0,1,0,1,0,0,0
intID1884,0,0,0,0,0,1,1,0,0,0,1,0,0,0,1,1,0,0,1,0,0
intID1885,0,0,0,0,0,1,1,0,0,0,0,1,1,1,0,0,0,1,0,0,0
intID1886,0,0,0,0,0,1,1,0,0,0,0,1,1,0,0,0,1,0,1,0,0
intID1887,0,0,0,0,0,1,1,0,0,0,0,1,0,1,0,1,0,0,1,0,0
intID1888,0,0,0,0,0,1,1,0,0,0,0,1,0,0,1,0,0,1,1,0,0
intID1889,0,0,0,0,0,1,1,0,0,0,0,1,0,0,0,1,0,0,0,1,1
intID1890,0,0,0,0,0,1,1,0,0,0,0,0,1,1,1,0,0,0,1,0,0
intID1891,0,0,0,0,0,1,1,0,0,0,0,0,1,1,0,1,1,0,0,0,0
intID1892,0,0,0,0,0,1,1,0,0,0,0,0,1,1,0,0,0,0,0,1,1
intID1893,0,0,0,0,0,1,1,0,0,0,0,0,1,0,1,1,0,1,0,0,0
intID1894,0,0,0,0,0,1,1,0,0,0,0,0,0,1,0,0,1,0,1,1,0
intID1895,0,0,0,0,0,1,1,0,0,0,0,0,0,0,0,1,1,1,1,0,0
intID1896,0,0,0,0,0,1,1,0,0,0,0,0,0,0,0,0,1,1,0,1,1
intID1897,0,0,0,0,0,1,0,1,1,1,0,0,0,1,0,0,0,0,0,0,1
intID1898,0,0,0,0,0,1,0,1,1,0,1,1,0,0,0,0,0,0,0,0,1
intID1899,0,0,0,0,0,1,0,1,1,0,0,0,1,0,0,0,1,0,0,1,0
intID1900,0,0,0,0,0,1,0,1,1,0,0,0,0,0,0,1,0,0,1,1,0
intID1901,0,0,0,0,0,1,0,1,0,1,1,0,0,1,1,0,0,0,0,0,0
intID1902,0,0,0,0,0,1,0,1,0,1,1,0,0,0,0,0,0,1,0,1,0
intID1903,0,0,0,0,0,1,0,1,0,1,0,1,0,1,0,0,0,0,1,0,0
intID1904,0,0,0,0,0,1,0,1,0,1,0,1,0,0,1,0,0,1,0,0,0
intID1905,0,0,0,0,0,1,0,1,0,1,0,0,1,1,0,0,0,1,0,0,0
intID1906,0,0,0,0,0,1,0,1,0,1,0,0,0,1,0,1,1,0,0,0,0
intID1907,0,0,0,0,0,1,0,1,0,1,0,0,0,0,1,1,0,0,1,0,0
intID1908,0,0,0,0,0,1,0,1,0,1,0,0,0,0,1,0,1,0,0,1,0
intID1909,0,0,0,0,0,1,0,1,0,1,0,0,0,0,0,1,0,1,0,0,1
intID1910,0,0,0,0,0,1,0,1,0,0,1,1,1,1,0,0,0,0,0,0,0
intID1911,0,0,0,0,0,1,0,1,0,0,1,1,0,0,1,1,0,0,0,0,0
intID1912,0,0,0,0,0,1,0,1,0,0,1,0,1,0,0,0,1,1,0,0,0
intID1913,0,0,0,0,0,1,0,1,0,0,1,0,1,0,0,0,0,0,1,1,0
intID1914,0,0,0,0,0,1,0,1,0,0,1,0,0,1,0,1,0,0,1,0,0
intID1915,0,0,0,0,0,1,0,1,0,0,1,0,0,0,1,0,1,0,1,0,0
intID1916,0,0,0,0,0,1,0,1,0,0,0,1,1,0,1,0,0,0,1,0,0
intID1917,0,0,0,0,0,1,0,1,0,0,0,1,1,0,0,1,1,0,0,0,0
intID1918,0,0,0,0,0,1,0,1,0,0,0,1,1,0,0,0,0,1,0,1,0
intID1919,0,0,0,0,0,1,0,1,0,0,0,1,0,1,0,0,1,1,0,0,0
intID1920,0,0,0,0,0,1,0,1,0,0,0,1,0,1,0,0,0,0,0,1,1
intID1921,0,0,0,0,0,1,0,1,0,0,0,0,1,1,0,0,1,0,1,0,0
intID1922,0,0,0,0,0,1,0,1,0,0,0,0,1,0,0,1,0,1,1,0,0
intID1923,0,0,0,0,0,1,0,1,0,0,0,0,1,0,0,1,0,0,0,1,1
intID1924,0,0,0,0,0,1,0,1,0,0,0,0,0,1,1,0,0,1,1,0,0
intID1925,0,0,0,0,0,1,0,1,0,0,0,0,0,0,1,1,1,1,0,0,0
intID1926,0,0,0,0,0,1,0,0,1,1,1,0,1,0,0,0,0,0,1,0,0
intID1927,0,0,0,0,0,1,0,0,1,1,1,0,0,0,0,1,0,1,0,0,0
intID1928,0,0,0,0,0,1,0,0,1,1,0,1,1,0,0,0,0,1,0,0,0
intID1929,0,0,0,0,0,1,0,0,1,1,0,1,0,0,1,0,0,0,0,1,0
intID1930,0,0,0,0,0,1,0,0,1,1,0,1,0,0,0,1,1,0,0,0,0
intID1931,0,0,0,0,0,1,0,0,1,1,0,0,1,1,0,0,1,0,0,0,0
intID1932,0,0,0,0,0,1,0,0,1,0,1,1,1,0,0,0,1,0,0,0,0
intID1933,0,0,0,0,0,1,0,0,1,0,1,1,0,0,0,0,0,1,1,0,0
intID1934,0,0,0,0,0,1,0,0,1,0,1,0,1,1,0,1,0,0,0,0,0
intID1935,0,0,0,0,0,1,0,0,1,0,1,0,1,0,1,0,0,1,0,0,0
intID1936,0,0,0,0,0,1,0,0,1,0,1,0,0,0,0,1,1,0,0,1,0
intID1937,0,0,0,0,0,1,0,0,1,0,0,1,1,1,1,0,0,0,0,0,0
intID1938,0,0,0,0,0,1,0,0,1,0,0,1,0,1,0,1,0,1,0,0,0
intID1939,0,0,0,0,0,1,0,0,1,0,0,1,0,1,0,0,1,0,1,0,0
intID1940,0,0,0,0,0,1,0,0,1,0,0,1,0,0,1,0,1,1,0,0,0
intID1941,0,0,0,0,0,1,0,0,1,0,0,0,1,1,0,0,0,1,1,0,0
intID1942,0,0,0,0,0,1,0,0,1,0,0,0,1,0,1,0,1,0,1,0,0
intID1943,0,0,0,0,0,1,0,0,1,0,0,0,1,0,0,1,1,1,0,0,0
intID1944,0,0,0,0,0,1,0,0,1,0,0,0,0,1,1,1,1,0,0,0,0
intID1945,0,0,0,0,0,1,0,0,1,0,0,0,0,1,0,0,1,1,0,1,0
intID1946,0,0,0,0,0,1,0,0,1,0,0,0,0,0,1,1,0,1,1,0,0
intID1947,0,0,0,0,0,1,0,0,1,0,0,0,0,0,1,0,0,1,0,1,1
intID1948,0,0,0,0,0,1,0,0,1,0,0,0,0,0,0,0,1,0,1,1,1
intID1949,0,0,0,0,0,1,0,0,0,1,1,1,0,0,0,1,0,0,0,0,1
intID1950,0,0,0,0,0,1,0,0,0,1,1,0,1,0,0,0,0,0,0,1,1
intID1951,0,0,0,0,0,1,0,0,0,1,1,0,0,1,0,0,1,0,0,0,1
intID1952,0,0,0,0,0,1,0,0,0,1,1,0,0,0,1,0,0,0,1,1,0
intID1953,0,0,0,0,0,1,0,0,0,1,0,1,0,0,1,0,1,0,0,0,1
intID1954,0,0,0,0,0,1,0,0,0,1,0,0,1,0,1,1,0,0,0,0,1
intID1955,0,0,0,0,0,1,0,0,0,1,0,0,1,0,0,0,1,0,1,0,1
intID1956,0,0,0,0,0,1,0,0,0,1,0,0,0,1,1,0,0,1,0,0,1
intID1957,0,0,0,0,0,1,0,0,0,1,0,0,0,1,0,1,0,0,1,0,1
intID1958,0,0,0,0,0,1,0,0,0,1,0,0,0,0,0,1,1,1,0,1,0
intID1959,0,0,0,0,0,1,0,0,0,0,1,1,0,0,0,0,1,0,1,1,0
intID1960,0,0,0,0,0,1,0,0,0,0,1,0,1,1,0,0,0,0,1,0,1
intID1961,0,0,0,0,0,1,0,0,0,0,1,0,1,0,0,1,1,0,0,0,1
intID1962,0,0,0,0,0,1,0,0,0,0,1,0,0,1,0,0,0,1,0,1,1
intID1963,0,0,0,0,0,1,0,0,0,0,1,0,0,0,1,0,1,1,0,0,1
intID1964,0,0,0,0,0,1,0,0,0,0,1,0,0,0,0,1,0,1,1,0,1
intID1965,0,0,0,0,0,1,0,0,0,0,0,1,1,0,0,1,0,0,1,0,1
intID1966,0,0,0,0,0,1,0,0,0,0,0,1,1,0,0,0,1,0,0,1,1
intID1967,0,0,0,0,0,1,0,0,0,0,0,1,0,1,1,0,0,0,1,0,1
intID1968,0,0,0,0,0,1,0,0,0,0,0,1,0,1,0,1,1,0,0,0,1
intID1969,0,0,0,0,0,1,0,0,0,0,0,1,0,0,1,1,0,1,0,0,1
intID1970,0,0,0,0,0,1,0,0,0,0,0,1,0,0,0,0,0,1,1,1,1
intID1971,0,0,0,0,0,1,0,0,0,0,0,0,1,1,1,0,1,0,0,0,1
intID1972,0,0,0,0,0,1,0,0,0,0,0,0,1,0,1,0,0,1,1,0,1
intID1973,0,0,0,0,0,1,0,0,0,0,0,0,0,1,1,1,0,0,0,1,1
intID1974,0,0,0,0,0,1,0,0,0,0,0,0,0,0,1,1,1,0,1,0,1
intID1975,0,0,0,0,0,0,1,1,1,0,1,0,1,0,0,0,0,0,0,0,1
intID1976,0,0,0,0,0,0,1,1,1,0,1,0,0,0,0,0,1,0,0,1,0
intID1977,0,0,0,0,0,0,1,1,1,0,0,1,0,0,0,0,0,1,0,0,1
intID1978,0,0,0,0,0,0,1,1,1,0,0,0,0,1,0,0,1,0,0,0,1
intID1979,0,0,0,0,0,0,1,1,1,0,0,0,0,0,0,1,0,1,0,1,0
intID1980,0,0,0,0,0,0,1,1,1,0,0,0,0,0,0,1,0,0,1,0,1
intID1981,0,0,0,0,0,0,1,1,0,1,1,1,0,0,1,0,0,0,0,0,0
intID1982,0,0,0,0,0,0,1,1,0,1,1,0,1,0,0,0,1,0,0,0,0
intID1983,0,0,0,0,0,0,1,1,0,1,1,0,0,1,0,0,0,1,0,0,0
intID1984,0,0,0,0,0,0,1,1,0,1,0,1,1,0,0,0,0,0,1,0,0
intID1985,0,0,0,0,0,0,1,1,0,1,0,1,0,1,0,1,0,0,0,0,0
intID1986,0,0,0,0,0,0,1,1,0,1,0,0,1,0,0,1,0,1,0,0,0
intID1987,0,0,0,0,0,0,1,1,0,1,0,0,0,0,1,0,0,0,0,1,1
intID1988,0,0,0,0,0,0,1,1,0,1,0,0,0,0,0,0,0,1,1,0,1
intID1989,0,0,0,0,0,0,1,1,0,0,1,1,1,0,0,0,0,1,0,0,0
intID1990,0,0,0,0,0,0,1,1,0,0,1,1,0,1,0,0,0,0,1,0,0
intID1991,0,0,0,0,0,0,1,1,0,0,1,1,0,0,0,1,1,0,0,0,0
intID1992,0,0,0,0,0,0,1,1,0,0,1,0,1,1,0,1,0,0,0,0,0
intID1993,0,0,0,0,0,0,1,1,0,0,1,0,0,0,1,0,0,1,0,1,0
intID1994,0,0,0,0,0,0,1,1,0,0,0,1,1,0,1,1,0,0,0,0,0
intID1995,0,0,0,0,0,0,1,1,0,0,0,1,1,0,0,0,0,0,0,1,1
intID1996,0,0,0,0,0,0,1,1,0,0,0,1,0,0,1,0,1,0,1,0,0
intID1997,0,0,0,0,0,0,1,1,0,0,0,1,0,0,0,1,0,1,1,0,0
intID1998,0,0,0,0,0,0,1,1,0,0,0,0,1,1,0,0,0,1,1,0,0
intID1999,0,0,0,0,0,0,1,1,0,0,0,0,1,0,1,0,1,1,0,0,0
intID2000,0,0,0,0,0,0,1,1,0,0,0,0,1,0,0,1,1,0,1,0,0
intID2001,0,0,0,0,0,0,1,1,0,0,0,0,0,1,1,1,0,0,1,0,0
intID2002,0,0,0,0,0,0,1,1,0,0,0,0,0,1,0,1,1,1,0,0,0
intID2003,0,0,0,0,0,0,1,0,1,1,1,0,0,1,0,1,0,0,0,0,0
intID2004,0,0,0,0,0,0,1,0,1,1,1,0,0,0,1,0,0,0,1,0,0
intID2005,0,0,0,0,0,0,1,0,1,1,1,0,0,0,0,0,1,1,0,0,0
intID2006,0,0,0,0,0,0,1,0,1,1,0,1,0,1,0,0,0,1,0,0,0
intID2007,0,0,0,0,0,0,1,0,1,1,0,1,0,0,1,1,0,0,0,0,0
intID2008,0,0,0,0,0,0,1,0,1,1,0,1,0,0,0,0,1,0,1,0,0
intID2009,0,0,0,0,0,0,1,0,1,1,0,0,1,1,0,0,0,0,1,0,0
intID2010,0,0,0,0,0,0,1,0,1,1,0,0,1,0,1,0,0,1,0,0,0
intID2011,0,0,0,0,0,0,1,0,1,1,0,0,1,0,0,1,1,0,0,0,0
intID2012,0,0,0,0,0,0,1,0,1,1,0,0,0,1,1,0,1,0,0,0,0
intID2013,0,0,0,0,0,0,1,0,1,1,0,0,0,0,0,1,0,1,1,0,0
intID2014,0,0,0,0,0,0,1,0,1,1,0,0,0,0,0,0,0,0,1,1,1
intID2015,0,0,0,0,0,0,1,0,1,0,1,1,0,1,0,0,1,0,0,0,0
intID2016,0,0,0,0,0,0,1,0,1,0,1,1,0,0,1,0,0,1,0,0,0
intID2017,0,0,0,0,0,0,1,0,1,0,1,1,0,0,0,1,0,0,1,0,0
intID2018,0,0,0,0,0,0,1,0,1,0,1,0,1,1,1,0,0,0,0,0,0
intID2019,0,0,0,0,0,0,1,0,1,0,1,0,1,0,0,1,0,1,0,0,0
intID2020,0,0,0,0,0,0,1,0,1,0,1,0,1,0,0,0,1,0,1,0,0
intID2021,0,0,0,0,0,0,1,0,1,0,1,0,0,1,0,0,0,1,1,0,0
intID2022,0,0,0,0,0,0,1,0,1,0,1,0,0,0,1,1,1,0,0,0,0
intID2023,0,0,0,0,0,0,1,0,1,0,0,1,1,1,0,1,0,0,0,0,0
intID2024,0,0,0,0,0,0,1,0,1,0,0,1,1,0,1,0,1,0,0,0,0
intID2025,0,0,0,0,0,0,1,0,1,0,0,1,1,0,0,0,0,1,1,0,0
intID2026,0,0,0,0,0,0,1,0,1,0,0,1,0,1,0,0,0,0,0,1,1
intID2027,0,0,0,0,0,0,1,0,1,0,0,0,1,0,1,0,0,0,0,1,1
intID2028,0,0,0,0,0,0,1,0,1,0,0,0,1,0,0,1,0,0,1,1,0
intID2029,0,0,0,0,0,0,1,0,1,0,0,0,0,1,1,1,0,1,0,0,0
intID2030,0,0,0,0,0,0,1,0,1,0,0,0,0,0,1,0,1,1,1,0,0
intID2031,0,0,0,0,0,0,1,0,0,1,1,1,0,0,0,0,0,1,0,0,1
intID2032,0,0,0,0,0,0,1,0,0,1,1,0,1,1,0,0,0,0,0,0,1
intID2033,0,0,0,0,0,0,1,0,0,1,1,0,0,0,0,0,1,0,1,1,0
intID2034,0,0,0,0,0,0,1,0,0,1,0,1,1,0,1,0,0,0,0,0,1
intID2035,0,0,0,0,0,0,1,0,0,1,0,0,0,1,1,0,0,0,1,0,1
intID2036,0,0,0,0,0,0,1,0,0,1,0,0,0,1,0,1,0,1,0,0,1
intID2037,0,0,0,0,0,0,1,0,0,1,0,0,0,0,1,0,1,1,0,0,1
intID2038,0,0,0,0,0,0,1,0,0,1,0,0,0,0,0,1,1,0,0,1,1
intID2039,0,0,0,0,0,0,1,0,0,0,1,1,1,0,0,0,1,0,0,0,1
intID2040,0,0,0,0,0,0,1,0,0,0,1,1,0,1,0,1,0,0,0,0,1
intID2041,0,0,0,0,0,0,1,0,0,0,1,1,0,0,1,0,0,0,1,0,1
intID2042,0,0,0,0,0,0,1,0,0,0,1,0,1,0,0,1,0,0,1,0,1
intID2043,0,0,0,0,0,0,1,0,0,0,1,0,1,0,0,0,0,1,0,1,1
intID2044,0,0,0,0,0,0,1,0,0,0,1,0,0,1,0,0,0,0,1,1,1
intID2045,0,0,0,0,0,0,1,0,0,0,1,0,0,0,0,1,1,1,0,0,1
intID2046,0,0,0,0,0,0,1,0,0,0,0,1,1,1,0,0,0,0,1,0,1
intID2047,0,0,0,0,0,0,1,0,0,0,0,1,1,0,0,1,0,1,0,1,0
intID2048,0,0,0,0,0,0,1,0,0,0,0,1,0,1,1,0,0,1,0,1,0
intID2049,0,0,0,0,0,0,1,0,0,0,0,1,0,0,1,1,1,0,0,0,1
intID2050,0,0,0,0,0,0,1,0,0,0,0,1,0,0,0,0,1,1,1,0,1
intID2051,0,0,0,0,0,0,1,0,0,0,0,0,1,1,1,1,0,0,0,1,0
intID2052,0,0,0,0,0,0,1,0,0,0,0,0,1,1,0,0,1,1,0,0,1
intID2053,0,0,0,0,0,0,1,0,0,0,0,0,1,0,1,0,1,0,1,0,1
intID2054,0,0,0,0,0,0,1,0,0,0,0,0,0,1,1,0,1,0,0,1,1
intID2055,0,0,0,0,0,0,1,0,0,0,0,0,0,0,0,1,0,1,1,1,1
intID2056,0,0,0,0,0,0,0,1,1,1,1,1,0,0,0,0,0,0,1,0,0
intID2057,0,0,0,0,0,0,0,1,1,1,1,0,0,0,0,1,1,0,0,0,0
intID2058,0,0,0,0,0,0,0,1,1,1,0,1,1,0,1,0,0,0,0,0,0
intID2059,0,0,0,0,0,0,0,1,1,1,0,0,1,0,0,0,1,1,0,0,0
intID2060,0,0,0,0,0,0,0,1,1,1,0,0,0,1,1,1,0,0,0,0,0
intID2061,0,0,0,0,0,0,0,1,1,1,0,0,0,1,0,0,0,1,1,0,0
intID2062,0,0,0,0,0,0,0,1,1,1,0,0,0,0,1,0,1,0,1,0,0
intID2063,0,0,0,0,0,0,0,1,1,0,1,1,1,0,0,1,0,0,0,0,0
intID2064,0,0,0,0,0,0,0,1,1,0,1,1,0,1,1,0,0,0,0,0,0
intID2065,0,0,0,0,0,0,0,1,1,0,1,1,0,0,0,0,1,1,0,0,0
intID2066,0,0,0,0,0,0,0,1,1,0,1,0,1,0,1,0,1,0,0,0,0
intID2067,0,0,0,0,0,0,0,1,1,0,1,0,1,0,0,0,0,1,1,0,0
intID2068,0,0,0,0,0,0,0,1,1,0,1,0,0,1,0,1,0,1,0,0,0
intID2069,0,0,0,0,0,0,0,1,1,0,1,0,0,1,0,0,1,0,1,0,0
intID2070,0,0,0,0,0,0,0,1,1,0,1,0,0,0,1,0,0,0,0,1,1
intID2071,0,0,0,0,0,0,0,1,1,0,0,1,1,1,0,0,0,1,0,0,0
intID2072,0,0,0,0,0,0,0,1,1,0,0,1,1,0,0,0,1,0,1,0,0
intID2073,0,0,0,0,0,0,0,1,1,0,0,1,0,0,1,0,0,1,1,0,0
intID2074,0,0,0,0,0,0,0,1,1,0,0,1,0,0,0,1,0,0,0,1,1
intID2075,0,0,0,0,0,0,0,1,1,0,0,0,1,1,1,0,0,0,1,0,0
intID2076,0,0,0,0,0,0,0,1,1,0,0,0,1,1,0,1,1,0,0,0,0
intID2077,0,0,0,0,0,0,0,1,1,0,0,0,0,0,0,0,1,1,0,1,1
intID2078,0,0,0,0,0,0,0,1,0,1,1,1,0,1,0,0,0,0,0,0,1
intID2079,0,0,0,0,0,0,0,1,0,1,1,0,0,0,1,0,0,1,0,0,1
intID2080,0,0,0,0,0,0,0,1,0,1,1,0,0,0,0,1,0,0,1,0,1
intID2081,0,0,0,0,0,0,0,1,0,1,1,0,0,0,0,0,1,0,0,1,1
intID2082,0,0,0,0,0,0,0,1,0,1,0,1,1,0,0,1,0,0,0,0,1
intID2083,0,0,0,0,0,0,0,1,0,1,0,1,0,0,1,0,0,0,1,0,1
intID2084,0,0,0,0,0,0,0,1,0,1,0,1,0,0,0,0,1,1,0,0,1
intID2085,0,0,0,0,0,0,0,1,0,1,0,0,1,1,1,0,0,0,0,1,0
intID2086,0,0,0,0,0,0,0,1,0,1,0,0,1,0,0,0,0,1,1,1,0
intID2087,0,0,0,0,0,0,0,1,0,1,0,0,0,1,0,0,1,0,1,0,1
intID2088,0,0,0,0,0,0,0,1,0,1,0,0,0,1,0,0,0,1,0,1,1
intID2089,0,0,0,0,0,0,0,1,0,1,0,0,0,0,1,1,1,0,0,0,1
intID2090,0,0,0,0,0,0,0,1,0,0,1,1,0,0,1,0,1,0,0,0,1
intID2091,0,0,0,0,0,0,0,1,0,0,1,1,0,0,0,0,0,0,1,1,1
intID2092,0,0,0,0,0,0,0,1,0,0,1,0,1,1,0,0,0,1,0,0,1
intID2093,0,0,0,0,0,0,0,1,0,0,1,0,1,0,1,1,0,0,0,0,1
intID2094,0,0,0,0,0,0,0,1,0,0,1,0,0,1,1,0,0,0,1,1,0
intID2095,0,0,0,0,0,0,0,1,0,0,1,0,0,0,0,0,1,1,1,0,1
intID2096,0,0,0,0,0,0,0,1,0,0,0,1,0,1,1,1,0,0,0,0,1
intID2097,0,0,0,0,0,0,0,1,0,0,0,1,0,1,0,0,0,1,1,0,1
intID2098,0,0,0,0,0,0,0,1,0,0,0,1,0,0,0,1,1,0,1,0,1
intID2099,0,0,0,0,0,0,0,1,0,0,0,0,1,1,0,1,0,0,1,0,1
intID2100,0,0,0,0,0,0,0,1,0,0,0,0,1,1,0,0,1,0,0,1,1
intID2101,0,0,0,0,0,0,0,1,0,0,0,0,1,0,1,0,1,0,1,1,0
intID2102,0,0,0,0,0,0,0,1,0,0,0,0,1,0,1,0,0,1,0,1,1
intID2103,0,0,0,0,0,0,0,1,0,0,0,0,1,0,0,1,1,1,0,0,1
intID2104,0,0,0,0,0,0,0,1,0,0,0,0,0,1,1,0,1,1,0,0,1
intID2105,0,0,0,0,0,0,0,1,0,0,0,0,0,0,1,1,0,1,1,1,0
intID2106,0,0,0,0,0,0,0,0,1,1,1,1,0,0,0,0,1,0,0,0,1
intID2107,0,0,0,0,0,0,0,0,1,1,1,0,1,0,1,0,0,0,0,1,0
intID2108,0,0,0,0,0,0,0,0,1,1,1,0,1,0,0,1,0,0,0,0,1
intID2109,0,0,0,0,0,0,0,0,1,1,0,1,0,1,0,0,0,0,1,0,1
intID2110,0,0,0,0,0,0,0,0,1,1,0,1,0,0,1,0,0,1,0,0,1
intID2111,0,0,0,0,0,0,0,0,1,1,0,1,0,0,0,1,0,1,0,1,0
intID2112,0,0,0,0,0,0,0,0,1,1,0,0,1,1,0,0,0,1,0,0,1
intID2113,0,0,0,0,0,0,0,0,1,1,0,0,1,0,0,0,1,0,1,1,0
intID2114,0,0,0,0,0,0,0,0,1,1,0,0,0,1,0,1,1,0,0,0,1
intID2115,0,0,0,0,0,0,0,0,1,1,0,0,0,0,1,1,0,0,1,0,1
intID2116,0,0,0,0,0,0,0,0,1,1,0,0,0,0,1,0,1,1,0,1,0
intID2117,0,0,0,0,0,0,0,0,1,1,0,0,0,0,0,0,1,1,1,0,1
intID2118,0,0,0,0,0,0,0,0,1,0,1,1,1,1,0,0,0,0,0,0,1
intID2119,0,0,0,0,0,0,0,0,1,0,1,1,0,0,1,1,0,0,0,1,0
intID2120,0,0,0,0,0,0,0,0,1,0,1,0,1,0,0,0,1,1,0,0,1
intID2121,0,0,0,0,0,0,0,0,1,0,1,0,1,0,0,0,0,0,1,1,1
intID2122,0,0,0,0,0,0,0,0,1,0,1,0,0,1,1,0,0,1,0,1,0
intID2123,0,0,0,0,0,0,0,0,1,0,1,0,0,1,0,1,0,0,1,0,1
intID2124,0,0,0,0,0,0,0,0,1,0,1,0,0,1,0,0,1,0,0,1,1
intID2125,0,0,0,0,0,0,0,0,1,0,1,0,0,0,1,0,1,0,1,0,1
intID2126,0,0,0,0,0,0,0,0,1,0,0,1,1,0,1,0,0,0,1,0,1
intID2127,0,0,0,0,0,0,0,0,1,0,0,1,1,0,0,1,1,0,0,0,1
intID2128,0,0,0,0,0,0,0,0,1,0,0,1,1,0,0,0,0,1,0,1,1
intID2129,0,0,0,0,0,0,0,0,1,0,0,1,0,1,1,0,1,0,0,1,0
intID2130,0,0,0,0,0,0,0,0,1,0,0,1,0,1,0,1,0,0,1,1,0
intID2131,0,0,0,0,0,0,0,0,1,0,0,0,1,1,1,1,0,0,0,0,1
intID2132,0,0,0,0,0,0,0,0,1,0,0,0,1,0,1,1,0,1,0,1,0
intID2133,0,0,0,0,0,0,0,0,1,0,0,0,1,0,0,1,0,1,1,0,1
intID2134,0,0,0,0,0,0,0,0,1,0,0,0,0,1,0,1,0,1,0,1,1
intID2135,0,0,0,0,0,0,0,0,1,0,0,0,0,0,1,1,1,0,0,1,1
intID2136,0,0,0,0,0,0,0,0,1,0,0,0,0,0,0,1,1,1,1,1,0
intID2137,0,0,0,0,0,0,0,0,0,1,1,1,1,1,1,0,0,0,0,0,0
intID2138,0,0,0,0,0,0,0,0,0,1,1,1,1,0,0,1,0,0,1,0,0
intID2139,0,0,0,0,0,0,0,0,0,1,1,1,1,0,0,0,1,1,0,0,0
intID2140,0,0,0,0,0,0,0,0,0,1,1,0,0,1,1,1,0,0,1,0,0
intID2141,0,0,0,0,0,0,0,0,0,1,1,0,0,1,1,0,1,1,0,0,0
intID2142,0,0,0,0,0,0,0,0,0,1,1,0,0,0,1,1,0,0,0,1,1
intID2143,0,0,0,0,0,0,0,0,0,1,1,0,0,0,0,1,1,1,1,0,0
intID2144,0,0,0,0,0,0,0,0,0,1,1,0,0,0,0,0,0,1,1,1,1
intID2145,0,0,0,0,0,0,0,0,0,1,0,1,0,1,1,0,0,0,0,1,1
intID2146,0,0,0,0,0,0,0,0,0,1,0,1,0,1,0,0,1,1,1,0,0
intID2147,0,0,0,0,0,0,0,0,0,1,0,1,0,0,1,1,1,0,1,0,0
intID2148,0,0,0,0,0,0,0,0,0,1,0,1,0,0,0,1,0,0,1,1,1
intID2149,0,0,0,0,0,0,0,0,0,1,0,0,1,1,1,1,0,1,0,0,0
intID2150,0,0,0,0,0,0,0,0,0,1,0,0,1,1,0,1,1,0,1,0,0
intID2151,0,0,0,0,0,0,0,0,0,1,0,0,1,0,1,0,1,1,1,0,0
intID2152,0,0,0,0,0,0,0,0,0,1,0,0,1,0,1,0,1,0,0,1,1
intID2153,0,0,0,0,0,0,0,0,0,1,0,0,1,0,0,1,0,1,0,1,1
intID2154,0,0,0,0,0,0,0,0,0,0,1,1,1,0,1,0,0,0,0,1,1
intID2155,0,0,0,0,0,0,0,0,0,0,1,1,1,0,0,0,0,1,1,1,0
intID2156,0,0,0,0,0,0,0,0,0,0,1,1,0,1,1,0,1,0,1,0,0
intID2157,0,0,0,0,0,0,0,0,0,0,1,1,0,1,0,1,1,1,0,0,0
intID2158,0,0,0,0,0,0,0,0,0,0,1,1,0,0,1,1,0,1,1,0,0
intID2159,0,0,0,0,0,0,0,0,0,0,1,0,1,1,0,0,1,1,1,0,0
intID2160,0,0,0,0,0,0,0,0,0,0,1,0,1,0,1,1,1,0,1,0,0
intID2161,0,0,0,0,0,0,0,0,0,0,1,0,0,1,0,1,1,0,1,1,0
intID2162,0,0,0,0,0,0,0,0,0,0,0,1,1,1,1,1,0,0,1,0,0
intID2163,0,0,0,0,0,0,0,0,0,0,0,1,1,1,0,1,0,0,0,1,1
intID2164,0,0,0,0,0,0,0,0,0,0,0,1,1,0,1,0,1,1,0,1,0
intID2165,0,0,0,0,0,0,0,0,0,0,0,1,1,0,0,1,1,1,1,0,0
intID2166,0,0,0,0,0,0,0,0,0,0,0,1,0,0,1,0,1,0,1,1,1
intID2167,0,0,0,0,0,0,0,0,0,0,0,1,0,0,0,1,1,1,0,1,1
intID2168,0,0,0,0,0,0,0,0,0,0,0,0,1,1,1,0,0,0,1,1,1
intID2169,0,0,0,0,0,0,0,0,0,0,0,0,1,0,0,1,1,0,1,1,1
intID2170,0,0,0,0,0,0,0,0,0,0,0,0,0,1,1,1,1,1,1,0,0
intID2171,0,0,0,0,0,0,0,0,0,0,0,0,0,1,0,0,1,1,1,1,1
blank1,1,1,1,0,1,0,0,0,0,0,0,0,0,1,0,1,0,0,0,0,0
blank2,1,1,1,0,0,0,0,1,0,0,1,0,0,0,0,0,0,0,1,0,0
blank3,1,1,1,0,0,0,0,0,1,1,0,0,0,0,0,0,0,1,0,0,0
blank4,1,1,1,0,0,0,0,0,0,0,0,0,0,0,1,0,0,1,0,0,1
blank5,1,1,0,1,0,1,0,0,0,1,0,0,0,0,0,0,1,0,0,0,0
blank6,1,1,0,1,0,0,1,0,0,1,0,0,0,1,0,0,0,0,0,0,0
blank7,1,1,0,1,0,0,0,0,0,0,1,0,0,0,0,1,0,0,0,0,1
blank8,1,1,0,0,0,1,0,0,0,0,0,1,0,0,0,0,0,0,1,0,1
blank9,1,1,0,0,0,0,1,0,1,0,0,0,0,0,1,0,1,0,0,0,0
blank10,1,1,0,0,0,0,0,0,1,0,0,1,1,0,0,0,0,0,0,0,1
blank11,1,1,0,0,0,0,0,0,0,0,1,1,0,0,0,1,0,0,1,0,0
blank12,1,1,0,0,0,0,0,0,0,0,0,0,0,1,1,1,0,1,0,0,0
blank13,1,1,0,0,0,0,0,0,0,0,0,0,0,1,0,1,1,0,1,0,0
blank14,1,0,1,1,0,0,1,0,0,0,0,0,0,0,1,0,1,0,0,0,0
blank15,1,0,1,1,0,0,0,1,0,0,0,1,0,0,1,0,0,0,0,0,0
blank16,1,0,1,1,0,0,0,0,0,0,0,0,1,0,0,0,0,0,1,0,1
blank17,1,0,1,0,1,1,0,0,0,0,0,1,0,0,1,0,0,0,0,0,0
blank18,1,0,1,0,1,0,1,0,0,0,0,0,0,0,0,1,1,0,0,0,0
blank19,1,0,1,0,1,0,1,0,0,0,0,0,0,0,0,0,0,1,1,0,0
blank20,1,0,1,0,1,0,0,0,1,0,1,0,0,0,0,0,0,0,1,0,0
blank21,1,0,1,0,0,1,1,0,0,0,0,0,1,0,0,0,0,1,0,0,0
blank22,1,0,1,0,0,1,0,1,0,1,0,0,0,1,0,0,0,0,0,0,0
blank23,1,0,1,0,0,0,1,1,0,1,0,0,0,0,0,0,0,0,1,0,0
blank24,1,0,1,0,0,0,0,1,1,0,0,0,0,1,1,0,0,0,0,0,0
blank25,1,0,1,0,0,0,0,1,1,0,0,0,0,0,0,1,1,0,0,0,0
blank26,1,0,0,1,0,1,1,0,0,0,0,0,0,1,0,0,0,0,1,0,0
blank27,1,0,0,1,0,1,0,1,0,0,0,0,0,0,0,1,1,0,0,0,0
blank28,1,0,0,1,0,1,0,0,1,0,0,0,0,0,0,1,0,1,0,0,0
blank29,1,0,0,1,0,0,1,0,1,0,0,1,1,0,0,0,0,0,0,0,0
blank30,1,0,0,0,1,1,0,1,0,0,0,0,0,0,1,1,0,0,0,0,0
blank31,1,0,0,0,1,0,1,1,0,0,1,0,0,1,0,0,0,0,0,0,0
blank32,1,0,0,0,1,0,1,0,0,0,1,0,1,0,0,0,0,0,0,0,1
blank33,1,0,0,0,1,0,0,1,1,0,0,1,0,0,0,0,0,0,1,0,0
blank34,1,0,0,0,0,1,1,1,0,0,1,0,0,0,1,0,0,0,0,0,0
blank35,1,0,0,0,0,1,1,0,1,0,0,0,0,0,0,1,0,0,1,0,0
blank36,1,0,0,0,0,1,1,0,0,0,0,0,0,1,1,0,0,0,0,0,1
blank37,1,0,0,0,0,1,0,1,1,0,0,0,1,0,0,0,0,1,0,0,0
blank38,1,0,0,0,0,1,0,0,0,0,1,1,1,0,0,0,0,0,1,0,0
blank39,1,0,0,0,0,0,1,0,0,0,0,0,1,0,0,1,0,1,1,0,0
blank40,1,0,0,0,0,0,0,1,1,0,1,0,0,0,0,0,1,0,0,0,1
blank41,1,0,0,0,0,0,0,1,0,0,0,1,0,0,1,0,1,1,0,0,0
blank42,1,0,0,0,0,0,0,1,0,0,0,0,0,1,1,0,1,0,1,0,0
blank43,1,0,0,0,0,0,0,0,0,1,0,0,0,0,1,0,1,0,1,0,1
blank44,1,0,0,0,0,0,0,0,0,0,0,0,0,0,0,1,1,1,1,0,1
blank45,0,1,1,1,0,0,1,0,0,0,0,0,0,0,1,1,0,0,0,0,0
blank46,0,1,1,0,1,1,0,0,0,0,0,0,0,0,0,0,1,1,0,0,0
blank47,0,1,1,0,1,0,0,0,0,0,1,0,0,0,1,0,0,0,0,0,1
blank48,0,1,1,0,1,0,0,0,0,0,0,1,1,0,0,0,0,0,0,0,1
blank49,0,1,1,0,0,1,1,0,0,0,0,0,1,0,1,0,0,0,0,0,0
blank50,0,1,1,0,0,1,0,0,1,1,0,0,0,0,0,1,0,0,0,0,0
blank51,0,1,1,0,0,0,1,1,0,0,0,0,1,0,0,0,0,1,0,0,0
blank52,0,1,1,0,0,0,1,0,1,0,0,0,0,1,1,0,0,0,0,0,0
blank53,0,1,1,0,0,0,0,0,0,0,0,0,1,1,0,1,1,0,0,0,0
blank54,0,1,0,1,1,1,0,0,0,0,0,0,0,1,0,0,0,0,1,0,0
blank55,0,1,0,1,1,0,0,0,1,0,0,0,1,0,0,0,0,1,0,0,0
blank56,0,1,0,1,0,1,0,0,1,1,1,0,0,0,0,0,0,0,0,0,0
blank57,0,1,0,1,0,0,0,1,0,0,0,0,0,0,1,0,0,1,0,0,1
blank58,0,1,0,1,0,0,0,0,1,0,0,1,0,1,0,0,0,0,0,0,1
blank59,0,1,0,0,1,1,1,1,0,0,0,0,0,0,0,0,0,0,0,0,1
blank60,0,1,0,0,1,1,0,0,0,0,0,0,1,0,0,1,0,0,0,0,1
blank61,0,1,0,0,1,0,0,1,1,0,0,0,0,1,1,0,0,0,0,0,0
blank62,0,1,0,0,1,0,0,1,1,0,0,0,0,0,0,1,1,0,0,0,0
blank63,0,1,0,0,1,0,0,0,0,1,1,0,0,0,0,1,0,0,1,0,0
blank64,0,1,0,0,0,1,1,0,1,0,0,0,1,0,0,0,1,0,0,0,0
blank65,0,1,0,0,0,1,1,0,0,0,0,1,0,0,0,0,0,1,0,0,1
blank66,0,1,0,0,0,1,0,1,1,0,1,0,0,0,0,0,0,0,1,0,0
blank67,0,1,0,0,0,1,0,1,1,0,0,0,1,1,0,0,0,0,0,0,0
blank68,0,1,0,0,0,1,0,0,0,1,1,1,0,0,0,0,0,1,0,0,0
blank69,0,1,0,0,0,0,1,0,1,0,1,1,0,0,0,0,0,0,0,0,1
blank70,0,1,0,0,0,0,1,0,0,1,0,0,1,0,0,0,1,0,1,0,0
blank71,0,1,0,0,0,0,1,0,0,0,0,1,0,1,1,0,0,0,1,0,0
blank72,0,1,0,0,0,0,0,0,1,1,0,0,0,1,0,0,1,1,0,0,0
blank73,0,1,0,0,0,0,0,0,1,0,0,1,1,0,0,1,0,1,0,0,0
blank74,0,1,0,0,0,0,0,0,0,1,0,0,1,1,1,0,0,0,0,0,1
blank75,0,0,1,1,1,0,0,1,0,0,0,0,0,1,0,1,0,0,0,0,0
blank76,0,0,1,1,0,1,0,1,0,0,0,0,1,0,0,0,0,1,0,0,0
blank77,0,0,1,1,0,1,0,1,0,0,0,0,0,0,1,0,0,0,1,0,0
blank78,0,0,1,1,0,1,0,0,0,1,0,0,1,0,0,0,0,0,0,0,1
blank79,0,0,1,1,0,1,0,0,0,0,0,0,0,0,1,0,1,0,0,0,1
blank80,0,0,1,1,0,0,1,0,1,1,0,0,0,0,0,0,0,0,1,0,0
blank81,0,0,1,1,0,0,1,0,1,0,0,0,0,0,0,1,0,1,0,0,0
blank82,0,0,1,0,1,1,1,0,0,0,0,1,0,0,0,0,0,0,1,0,0
blank83,0,0,1,0,1,1,0,1,0,0,0,1,1,0,0,0,0,0,0,0,0
blank84,0,0,1,0,1,1,0,0,1,1,0,0,0,1,0,0,0,0,0,0,0
blank85,0,0,1,0,1,1,0,0,1,0,0,0,0,0,1,0,0,1,0,0,0
blank86,0,0,1,0,1,0,1,0,1,1,0,0,0,0,0,0,1,0,0,0,0
blank87,0,0,1,0,1,0,0,0,0,0,0,0,1,1,1,1,0,0,0,0,0
blank88,0,0,1,0,0,1,1,1,0,0,0,0,0,1,0,0,1,0,0,0,0
blank89,0,0,1,0,0,1,0,1,0,0,0,1,0,0,0,1,0,0,0,0,1
blank90,0,0,1,0,0,1,0,0,1,0,0,0,0,0,0,0,0,1,1,0,1
blank91,0,0,1,0,0,1,0,0,0,1,0,1,0,0,0,0,1,0,1,0,0
blank92,0,0,1,0,0,1,0,0,0,1,0,0,0,0,0,1,0,1,1,0,0
blank93,0,0,1,0,0,1,0,0,0,0,1,0,0,0,1,1,1,0,0,0,0
blank94,0,0,1,0,0,0,1,1,1,0,1,0,0,0,0,0,0,1,0,0,0
blank95,0,0,1,0,0,0,1,0,0,1,1,1,0,1,0,0,0,0,0,0,0
blank96,0,0,1,0,0,0,1,0,0,1,0,1,1,0,0,1,0,0,0,0,0
blank97,0,0,1,0,0,0,1,0,0,0,1,1,0,0,1,0,1,0,0,0,0
blank98,0,0,1,0,0,0,0,1,0,0,1,0,1,1,0,0,0,0,1,0,0
blank99,0,0,1,0,0,0,0,1,0,0,0,0,0,0,1,1,1,0,1,0,0
blank100,0,0,1,0,0,0,0,0,0,1,0,0,0,1,0,0,1,1,0,0,1
blank101,0,0,1,0,0,0,0,0,0,0,0,1,0,0,1,1,0,0,1,0,1
blank102,0,0,0,1,1,1,0,1,0,0,1,1,0,0,0,0,0,0,0,0,0
blank103,0,0,0,1,1,1,0,0,1,0,0,0,0,0,1,1,0,0,0,0,0
blank104,0,0,0,1,1,0,1,1,0,0,0,0,0,1,1,0,0,0,0,0,0
blank105,0,0,0,1,1,0,0,0,0,1,0,0,0,1,0,0,0,1,1,0,0
blank106,0,0,0,1,1,0,0,0,0,0,1,0,1,0,1,0,1,0,0,0,0
blank107,0,0,0,1,1,0,0,0,0,0,0,1,0,0,1,0,0,1,1,0,0
blank108,0,0,0,1,0,1,1,0,0,0,1,0,0,0,0,0,1,0,0,0,1
blank109,0,0,0,1,0,1,0,1,1,0,0,0,0,0,1,0,1,0,0,0,0
blank110,0,0,0,1,0,1,0,0,1,0,1,0,1,0,0,0,0,0,0,0,1
blank111,0,0,0,1,0,1,0,0,0,1,0,1,0,1,1,0,0,0,0,0,0
blank112,0,0,0,1,0,1,0,0,0,0,0,0,1,1,1,0,0,1,0,0,0
blank113,0,0,0,1,0,0,1,1,1,1,0,0,0,0,0,1,0,0,0,0,0
blank114,0,0,0,1,0,0,1,1,0,0,0,1,0,0,0,0,0,0,1,0,1
blank115,0,0,0,1,0,0,0,0,1,1,0,1,0,0,1,0,0,0,1,0,0
blank116,0,0,0,1,0,0,0,0,1,0,1,0,0,1,0,1,1,0,0,0,0
blank117,0,0,0,1,0,0,0,0,1,0,0,1,0,1,1,1,0,0,0,0,0
blank118,0,0,0,1,0,0,0,0,0,1,1,1,1,0,0,0,0,0,0,0,1
blank119,0,0,0,1,0,0,0,0,0,1,1,0,0,1,0,1,0,0,0,0,1
blank120,0,0,0,1,0,0,0,0,0,1,1,0,0,0,0,0,1,1,0,0,1
blank121,0,0,0,1,0,0,0,0,0,0,0,1,1,0,1,0,1,0,0,0,1
blank122,0,0,0,0,1,1,1,0,0,0,0,1,0,0,1,0,0,0,0,0,1
blank123,0,0,0,0,1,1,0,0,1,0,1,0,0,0,0,0,1,0,0,0,1
blank124,0,0,0,0,1,1,0,0,0,1,1,0,0,1,0,0,0,1,0,0,0
blank125,0,0,0,0,1,1,0,0,0,0,1,1,0,0,0,1,1,0,0,0,0
blank126,0,0,0,0,1,1,0,0,0,0,0,1,0,0,1,0,1,0,1,0,0
blank127,0,0,0,0,1,1,0,0,0,0,0,0,1,0,1,0,1,1,0,0,0
blank128,0,0,0,0,1,1,0,0,0,0,0,0,0,1,1,1,0,0,1,0,0
blank129,0,0,0,0,1,0,1,0,0,0,1,0,0,1,1,1,0,0,0,0,0
blank130,0,0,0,0,1,0,0,1,0,1,1,0,0,0,0,0,1,1,0,0,0
blank131,0,0,0,0,1,0,0,1,0,1,0,1,0,0,1,1,0,0,0,0,0
blank132,0,0,0,0,1,0,0,1,0,1,0,1,0,0,0,0,1,0,1,0,0
blank133,0,0,0,0,1,0,0,1,0,1,0,0,1,0,1,0,0,1,0,0,0
blank134,0,0,0,0,1,0,0,1,0,1,0,0,0,1,1,0,1,0,0,0,0
blank135,0,0,0,0,1,0,0,1,0,0,0,1,1,1,0,1,0,0,0,0,0
blank136,0,0,0,0,1,0,0,0,1,0,1,1,1,0,1,0,0,0,0,0,0
blank137,0,0,0,0,1,0,0,0,0,0,1,1,0,0,0,0,0,1,1,0,1
blank138,0,0,0,0,1,0,0,0,0,0,0,1,0,1,0,1,0,1,0,0,1
blank139,0,0,0,0,0,1,1,1,1,0,0,1,1,0,0,0,0,0,0,0,0
blank140,0,0,0,0,0,1,1,0,1,0,0,0,0,1,0,1,0,0,0,0,1
blank141,0,0,0,0,0,1,1,0,0,1,0,0,0,0,1,0,1,0,1,0,0
blank142,0,0,0,0,0,1,1,0,0,0,1,0,1,0,0,0,0,1,1,0,0
blank143,0,0,0,0,0,1,0,1,0,1,1,1,0,0,0,0,1,0,0,0,0
blank144,0,0,0,0,0,1,0,1,0,1,1,0,1,0,0,1,0,0,0,0,0
blank145,0,0,0,0,0,1,0,0,0,1,0,1,1,1,0,0,0,0,0,0,1
blank146,0,0,0,0,0,1,0,0,0,0,0,0,1,1,0,1,0,1,0,0,1
blank147,0,0,0,0,0,0,1,1,0,0,1,0,1,0,1,0,0,0,1,0,0
blank148,0,0,0,0,0,0,1,0,1,1,1,1,1,0,0,0,0,0,0,0,0
blank149,0,0,0,0,0,0,1,0,1,0,0,1,0,0,0,1,1,1,0,0,0
blank150,0,0,0,0,0,0,1,0,0,1,0,1,0,1,0,0,1,0,0,0,1
blank151,0,0,0,0,0,0,1,0,0,0,0,0,0,1,0,1,1,0,1,0,1
blank152,0,0,0,0,0,0,0,1,1,1,0,0,1,0,0,1,0,0,1,0,0
blank153,0,0,0,0,0,0,0,1,1,0,1,0,0,0,1,1,0,0,1,0,0
blank154,0,0,0,0,0,0,0,1,0,0,1,1,0,0,0,1,0,1,0,0,1
blank155,0,0,0,0,0,0,0,1,0,0,1,0,0,1,0,1,1,0,0,0,1
blank156,0,0,0,0,0,0,0,0,1,1,1,0,0,1,1,0,0,0,0,0,1
blank157,0,0,0,0,0,0,0,0,1,0,0,1,0,1,0,0,1,1,0,0,1
blank158,0,0,0,0,0,0,0,0,1,0,0,0,1,1,0,0,1,0,1,0,1
blank159,0,0,0,0,0,0,0,0,1,0,0,0,0,1,1,0,0,1,1,0,1